fips,county_name,state_abbr,poverty_pct,median_income,total_pop,minority_pct,black_pct,hispanic_pct,monitor_count,has_monitor,monitors_per_100k
01001,Autauga County,AL,11.7,68857.0,60342,28.636770408670575,21.40631732458321,3.853037685194392,0,0,0.0
01003,Baldwin County,AL,10.0,74248.0,253507,17.73205473616113,8.438031296966159,5.782088857506893,1,1,0.39446642499023693
01005,Barbour County,AL,25.5,45298.0,24585,55.23693308928208,47.11409395973154,6.211104331909701,0,0,0.0
01007,Bibb County,AL,19.4,56025.0,21868,26.29412840680446,20.6145966709347,3.6125845985000913,0,0,0.0
01009,Blount County,AL,12.8,64962.0,59816,14.551290624582048,2.037916276581517,10.515581115420623,0,0,0.0
01011,Bullock County,AL,33.6,36204.0,9897,77.70031322623016,70.72850358694554,6.173587955946246,0,0,0.0
01013,Butler County,AL,23.6,44729.0,18382,49.668153628549675,45.12566641279513,1.7517136329017517,0,0,0.0
01015,Calhoun County,AL,20.1,51841.0,116429,30.306882305954698,22.353537348942275,4.758264693504196,0,0,0.0
01017,Chambers County,AL,17.1,50390.0,34079,45.63514187622876,39.72827841192523,4.131576630769683,0,0,0.0
01019,Cherokee County,AL,15.6,56400.0,25666,9.148289565962752,4.270240785474948,1.9169329073482428,0,0,0.0
01021,Chilton County,AL,15.3,59165.0,46431,22.054231009454895,10.320690917705843,10.090241433525016,0,0,0.0
01023,Choctaw County,AL,24.8,47432.0,12252,43.143976493633694,40.73620633365981,1.256937642833823,0,0,0.0
01025,Clarke County,AL,19.0,50868.0,22337,48.605452836101534,45.49850024622823,1.2803868021668083,0,0,0.0
01027,Clay County,AL,16.9,52077.0,14111,19.97023598611013,13.840266458791014,3.4299482673091912,1,1,7.086669973779321
01029,Cleburne County,AL,15.8,59526.0,15639,7.244708740968098,3.094827034976661,2.0781379883624274,0,0,0.0
01031,Coffee County,AL,16.5,64737.0,55643,32.04356343115935,17.103678809553763,9.943748539798358,0,0,0.0
01033,Colbert County,AL,15.4,57770.0,58361,22.746354586110584,15.739963331676977,3.6514110450472064,0,0,0.0
01035,Conecuh County,AL,26.5,46702.0,11174,50.24163236083765,45.20315017003759,3.0875246107034187,0,0,0.0
01037,Coosa County,AL,18.2,59736.0,10268,33.365796649785736,28.73003506038177,2.55161667315933,0,0,0.0
01039,Covington County,AL,16.7,50119.0,37952,17.495784148397973,12.55533305227656,2.0789418212478923,0,0,0.0
01041,Crenshaw County,AL,19.5,49128.0,13101,30.08167315472101,23.356995649187084,2.328066559804595,0,0,0.0
01043,Cullman County,AL,15.5,61231.0,92016,8.939749608763691,1.386715353851504,5.116501478003825,0,0,0.0
01045,Dale County,AL,16.6,54697.0,49871,33.412203484991274,21.842353271440317,7.228649916785306,0,0,0.0
01047,Dallas County,AL,31.4,39013.0,36165,73.50476980506014,70.95810866860224,1.1309276925203926,0,0,0.0
01049,DeKalb County,AL,21.6,50614.0,72569,22.655679422342878,2.009122352519671,17.29939781449379,2,1,2.7559977400818534
01051,Elmore County,AL,12.5,73125.0,90441,28.040379916188453,22.016563284351125,3.477405159164538,1,1,1.1056932143607434
01053,Escambia County,AL,21.3,50333.0,36558,39.485201597461575,31.09852836588435,2.3797800754964715,1,1,2.7353793971223808
01055,Etowah County,AL,19.6,52504.0,103241,23.406398620703015,15.259441500954079,5.375771253668601,2,1,1.937214866186883
01057,Fayette County,AL,16.2,49235.0,15967,16.127011962171977,11.379720673889897,2.235861464270057,0,0,0.0
01059,Franklin County,AL,22.5,49682.0,31802,26.661845166970632,4.386516571284825,20.60876674422992,0,0,0.0
01061,Geneva County,AL,19.2,50006.0,26988,18.100637320290502,9.022528531199052,5.532088335556543,0,0,0.0
01063,Greene County,AL,31.0,34619.0,7341,82.10053126277074,79.64854924397221,0.7900830949461927,0,0,0.0
01065,Hale County,AL,23.0,42380.0,14888,60.62600752283718,57.97286405158517,1.3097796883396025,0,0,0.0
01067,Henry County,AL,16.4,55598.0,17899,29.085423766690877,24.325381306218226,2.25152243142075,0,0,0.0
01069,Houston County,AL,16.5,59412.0,108462,35.7830392211097,27.675130460437757,4.759270527926832,0,0,0.0
01071,Jackson County,AL,16.0,51479.0,53467,11.711897057998389,3.4713000542390633,3.6676828698075448,0,0,0.0
01073,Jefferson County,AL,16.0,64726.0,662895,51.91033270729151,43.36252347656869,5.472510729451874,9,1,1.3576810807141404
01075,Lamar County,AL,16.4,50929.0,13661,14.391332991728278,10.270111997657565,2.049630334528951,0,0,0.0
01077,Lauderdale County,AL,13.6,63895.0,96814,16.79922325283534,10.197905261635714,3.51498750180759,0,0,0.0
01079,Lawrence County,AL,14.2,61064.0,33502,23.888126082024954,10.088949913438004,3.2595068951107398,1,1,2.9848964240940843
01081,Lee County,AL,17.9,62301.0,183215,33.968834429495395,22.78798133340611,5.3827470458204845,0,0,0.0
01083,Limestone County,AL,8.6,81811.0,114654,26.80150714323094,14.521953006436757,7.690093673138311,0,0,0.0
01085,Lowndes County,AL,29.4,42011.0,9717,75.04373777914995,72.4400535144592,1.7083461973860246,0,0,0.0
01087,Macon County,AL,28.8,40710.0,18370,82.70549809471966,79.1235710397387,2.3244420250408275,0,0,0.0
01089,Madison County,AL,10.5,86172.0,412600,37.49660688317984,25.202132816286962,6.822588463402812,5,1,1.2118274357731458
01091,Marengo County,AL,23.5,47228.0,18684,55.70541639905802,51.589595375722546,2.8366516805823165,0,0,0.0
01093,Marion County,AL,19.0,48829.0,29244,9.540418547394335,4.219668991929969,3.3100807003145944,0,0,0.0
01095,Marshall County,AL,16.5,59882.0,100756,23.22144586922863,3.3447139624439237,17.517567192028267,0,0,0.0
01097,Mobile County,AL,16.3,55538.0,411640,44.748809639490815,36.71363327179088,3.5455738023515693,3,1,0.7287921484792538
01099,Monroe County,AL,19.1,49314.0,19229,46.981122263248224,41.92105673721982,1.4405325289926674,0,0,0.0
01101,Montgomery County,AL,18.3,60063.0,224980,70.45337363321184,60.939194595075115,4.991110320917415,1,1,0.44448395412925595
01103,Morgan County,AL,12.0,70387.0,125133,27.27657772130453,13.410531194808723,10.630289372108077,1,1,0.7991497047141841
01105,Perry County,AL,33.8,34176.0,7738,72.49935383820109,69.6820883949341,1.3827862496769192,0,0,0.0
01107,Pickens County,AL,21.5,47372.0,18688,47.25492294520548,39.23908390410959,6.726241438356165,0,0,0.0
01109,Pike County,AL,23.8,50675.0,33137,45.245495971270785,38.43437848930199,2.824637112593174,1,1,3.017774692941425
01111,Randolph County,AL,15.9,57148.0,22786,23.610989203897127,18.076889318002284,2.870183445975599,0,0,0.0
01113,Russell County,AL,18.9,52312.0,58744,55.597167370284616,46.454105951246085,6.13169004494076,1,1,1.7023015116437425
01115,St. Clair County,AL,10.8,78349.0,95552,17.124706965840588,11.431471868720697,3.0297638981915607,0,0,0.0
01117,Shelby County,AL,8.4,90280.0,233000,26.19270386266095,14.672103004291845,7.560944206008584,2,1,0.8583690987124464
01119,Sumter County,AL,33.5,37021.0,11727,73.48853074102499,69.557431568176,1.4411187857081948,1,1,8.527330092947897
01121,Talladega County,AL,17.0,59491.0,81132,37.6793373761278,32.65172804811912,2.4478627421979,0,0,0.0
01123,Tallapoosa County,AL,15.1,60583.0,40677,31.45512205914891,26.833345625291933,2.9279445386827936,0,0,0.0
01125,Tuscaloosa County,AL,19.2,61117.0,237373,40.94105058283798,32.647352479009825,5.475770201328711,1,1,0.42127790439519236
01127,Walker County,AL,17.5,57950.0,64728,12.541713014460509,6.3032999629217645,3.8885799035965887,0,0,0.0
01129,Washington County,AL,18.7,57311.0,15022,34.10331513779789,22.846491812009052,1.1183597390493942,0,0,0.0
01131,Wilcox County,AL,32.7,34426.0,9944,72.08366854384553,69.34835076427997,1.3073209975864843,0,0,0.0
01133,Winston County,AL,16.6,52280.0,23611,7.653212485705819,1.2324763881241794,3.8371945279742494,0,0,0.0
02013,Aleutians East Borough,AK,18.0,83000.0,3461,90.4362900895695,10.979485697775209,20.745449292112106,1,1,28.893383415197917
02016,Aleutians West Census Area,AK,10.0,104159.0,5160,75.3875968992248,9.147286821705427,14.263565891472869,0,0,0.0
02020,Anchorage Borough,AK,8.9,93881.0,286075,44.808529231844794,5.782050161670891,9.601677881674386,3,1,1.0486760464913047
02050,Bethel Census Area,AK,29.3,62140.0,18224,92.0324846356453,0.949297629499561,1.4431518876207199,0,0,0.0
02060,Bristol Bay Borough,AK,11.7,99790.0,844,59.00473933649288,1.066350710900474,8.056872037914692,0,0,0.0
02063,Chugach Census Area,AK,8.7,95180.0,6769,32.94430491948589,1.9648397104446742,5.8058797459004285,0,0,0.0
02066,Copper River Census Area,AK,14.2,69092.0,2674,34.29319371727748,0.8975317875841436,2.6551982049364247,0,0,0.0
02068,Denali Borough,AK,7.8,86118.0,1584,25.694444444444443,4.103535353535354,3.0303030303030303,1,1,63.131313131313135
02070,Dillingham Census Area,AK,23.4,62598.0,4607,85.52203169090514,0.6728890818319948,3.7334490991968745,0,0,0.0
02090,Fairbanks North Star Borough,AK,7.6,86780.0,94840,31.852593842260646,5.287853226486715,8.821172501054408,3,1,3.163222269084774
02100,Haines Borough,AK,10.0,78649.0,2070,24.492753623188403,0.9178743961352657,4.154589371980676,0,0,0.0
02105,Hoonah-Angoon Census Area,AK,17.2,64720.0,2262,53.9787798408488,2.1662245800176834,6.542882404951371,0,0,0.0
02110,Juneau Borough,AK,9.1,99748.0,31555,36.7929012834733,1.4862937727776897,7.4156235144984946,1,1,3.1690698779908097
02122,Kenai Peninsula Borough,AK,11.5,74185.0,61223,20.882674811753756,0.9244891625696225,4.547310651225846,1,1,1.6333730787449159
02130,Ketchikan Gateway Borough,AK,9.3,87760.0,13738,37.778424807104386,1.2592808269034794,5.786868539816568,0,0,0.0
02150,Kodiak Island Borough,AK,8.5,86250.0,12565,52.606446478312776,1.448467966573816,8.651014723438122,0,0,0.0
02158,Kusilvak Census Area,AK,30.8,42029.0,8001,97.23784526934132,0.47494063242094736,0.2499687539057618,0,0,0.0
02164,Lake and Peninsula Borough,AK,20.4,62547.0,1331,78.36213373403456,1.2772351615326822,2.8549962434259957,0,0,0.0
02170,Matanuska-Susitna Borough,AK,9.7,94376.0,115239,22.684160744192504,1.3962287072952733,5.508551792361961,3,1,2.603285346106787
02180,Nome Census Area,AK,20.7,75296.0,9763,87.06340264263034,0.9730615589470449,2.2226774557000923,0,0,0.0
02185,North Slope Borough,AK,12.0,103556.0,10603,68.97104593039705,1.8485334339337922,5.422993492407809,1,1,9.431293030274452
02188,Northwest Arctic Borough,AK,19.1,78619.0,7361,90.88439070778426,1.562287732645021,2.3094688221709005,0,0,0.0
02195,Petersburg Borough,AK,8.4,68449.0,3427,32.15640501896703,2.3344032681645754,5.1940472716661805,0,0,0.0
02198,Prince of Wales-Hyder Census Area,AK,15.7,57304.0,5696,56.302668539325836,0.9655898876404494,4.248595505617978,0,0,0.0
02220,Sitka Borough,AK,9.3,89264.0,8282,38.87949770586815,1.3644047331562426,7.280850036223135,0,0,0.0
02230,Skagway Municipality,AK,5.9,79412.0,1095,22.831050228310502,1.917808219178082,7.031963470319635,0,0,0.0
02240,Southeast Fairbanks Census Area,AK,12.2,79014.0,7077,28.17578069803589,2.4586689275116576,6.047760350430973,0,0,0.0
02275,Wrangell City and Borough,AK,11.7,65011.0,2064,38.08139534883721,1.1143410852713178,4.3604651162790695,0,0,0.0
02282,Yakutat Borough,AK,15.3,77108.0,687,63.6098981077147,2.183406113537118,6.695778748180495,0,0,0.0
02290,Yukon-Koyukuk Census Area,AK,21.9,49498.0,5129,78.24137258724897,1.150321700136479,2.417625268083447,0,0,0.0
04001,Apache County,AZ,29.6,43121.0,65036,80.6307275970232,0.7549664801033273,6.628636447505997,4,1,6.1504397564425854
04003,Cochise County,AZ,16.3,53011.0,124640,44.27711810012836,4.352535301668806,34.791399229781774,3,1,2.406931964056483
04005,Coconino County,AZ,17.8,71528.0,144472,46.55296528046957,1.5220942466360263,15.629326097790575,5,1,3.460878232460269
04007,Gila County,AZ,17.7,55804.0,54003,37.61272521896931,0.9073569986852582,18.2823176490195,10,1,18.517489769086904
04009,Graham County,AZ,17.3,66469.0,39525,46.5528146742568,1.907653383934219,30.975332068311197,0,0,0.0
04011,Greenlee County,AZ,9.7,71273.0,9369,54.96851318176967,1.9959440708720249,46.88867541893479,0,0,0.0
04012,La Paz County,AZ,18.7,48801.0,16710,41.43028126870137,1.3046080191502094,25.296229802513466,1,1,5.9844404548174746
04013,Maricopa County,AZ,11.1,86973.0,4585871,46.786662773549445,6.9477096063103385,31.405898683150923,31,1,0.6759893594913594
04015,Mohave County,AZ,16.8,56302.0,223682,24.46732414767393,1.530297475880938,17.63038599440277,2,1,0.8941264831323039
04017,Navajo County,AZ,24.7,51011.0,109175,56.49370277078085,1.0707579574078314,11.097778795511793,2,1,1.8319212273872223
04019,Pima County,AZ,14.0,69553.0,1063162,48.56428277158138,4.596853536902184,36.627437775240274,19,1,1.7871218121038939
04021,Pinal County,AZ,11.8,77290.0,484239,44.62940820545227,6.577330615667057,30.16960633075816,15,1,3.0976439320253015
04023,Santa Cruz County,AZ,20.1,52400.0,49158,84.18772122543635,1.1981773058301803,82.10667643109971,2,1,4.068513771919118
04025,Yavapai County,AZ,12.8,67317.0,249081,21.25011542429972,1.0097117002099718,15.69208410115585,2,1,0.8029516502663792
04027,Yuma County,AZ,15.9,61225.0,213221,70.6604884134302,2.7215893368852035,65.2276276726964,1,1,0.4689969562097542
05001,Arkansas County,AR,16.8,50198.0,16307,32.32967437296866,25.394002575581037,4.311032072116269,1,1,6.132335806708776
05003,Ashley County,AR,18.4,49560.0,18262,32.33490307742854,24.11017413207754,6.5874493483736725,1,1,5.475851494907458
05005,Baxter County,AR,16.0,48804.0,42875,6.640233236151605,0.6064139941690962,3.039067055393586,0,0,0.0
05007,Benton County,AR,7.8,92632.0,311013,30.121892010944883,2.299903862539508,18.710150379566127,0,0,0.0
05009,Boone County,AR,14.9,56154.0,38530,7.461718141707763,0.6410589151310667,3.358422008824293,0,0,0.0
05011,Bradley County,AR,23.2,44525.0,10104,46.446951702296126,28.08788598574822,16.45882818685669,0,0,0.0
05013,Calhoun County,AR,14.3,57689.0,4641,27.321697909933206,21.180780004309415,2.93040293040293,0,0,0.0
05015,Carroll County,AR,14.8,53986.0,28814,23.856458665926283,0.9682793086693968,15.964461719997223,0,0,0.0
05017,Chicot County,AR,29.7,40381.0,9538,61.32312853847767,53.543719857412455,6.668064583770183,0,0,0.0
05019,Clark County,AR,18.9,53561.0,21274,31.879289273291345,23.01400770894049,5.894519131334023,1,1,4.700573469963335
05021,Clay County,AR,17.5,47663.0,14201,5.9221181606929125,0.9576790366875572,2.549116259418351,0,0,0.0
05023,Cleburne County,AR,13.5,56692.0,25445,6.732167419925328,0.750638632344272,3.0575751621143645,0,0,0.0
05025,Cleveland County,AR,15.7,54458.0,7378,16.833830306316077,10.897262130658715,2.778530767145568,0,0,0.0
05027,Columbia County,AR,23.3,44175.0,22150,41.503386004514674,35.54853273137697,3.5575620767494356,0,0,0.0
05029,Conway County,AR,17.1,53863.0,21077,20.206860558903074,11.65725672534042,5.029178725625089,0,0,0.0
05031,Craighead County,AR,16.1,60204.0,113993,28.213135894309303,18.41779758406218,6.47145000131587,0,0,0.0
05033,Crawford County,AR,13.3,63905.0,61891,18.104409364851104,1.99221211484707,8.964146644907983,0,0,0.0
05035,Crittenden County,AR,20.6,52153.0,47139,61.63049704066697,56.085194849275545,3.4493731305288615,1,1,2.121385689132141
05037,Cross County,AR,19.1,47669.0,16420,27.88672350791718,23.02679658952497,2.289890377588307,0,0,0.0
05039,Dallas County,AR,19.6,46701.0,6185,47.51818916734034,39.98383185125303,4.171382376717866,0,0,0.0
05041,Desha County,AR,25.0,43469.0,10479,57.371886630403665,48.43019372077488,7.481629926519706,0,0,0.0
05043,Drew County,AR,20.6,48746.0,16945,34.47624668043671,27.058129241664208,4.945411625848333,0,0,0.0
05045,Faulkner County,AR,12.9,68543.0,129951,22.384591115112617,12.739417164931398,5.75216812490862,0,0,0.0
05047,Franklin County,AR,19.0,54077.0,17468,9.560338905427068,1.059079459583238,3.5665216395694985,0,0,0.0
05049,Fulton County,AR,17.5,46346.0,12421,6.972063440946785,1.0868690121568312,2.1656871427421303,0,0,0.0
05051,Garland County,AR,18.9,53849.0,99784,19.94808786979877,8.62663352842139,7.5883909243966965,1,1,1.002164675699511
05053,Grant County,AR,11.1,64306.0,18383,8.736332481096664,3.3890007071751076,3.0027743023445574,0,0,0.0
05055,Greene County,AR,16.2,55444.0,46743,9.372526367584456,2.5864835376419997,3.882934343110198,0,0,0.0
05057,Hempstead County,AR,16.6,50576.0,19343,48.68944837925865,30.0677247583105,15.64907201571628,0,0,0.0
05059,Hot Spring County,AR,16.9,53767.0,33258,18.774430212279746,11.38072042816766,4.287690179806362,0,0,0.0
05061,Howard County,AR,17.8,47308.0,12533,36.966408681081944,21.20003191574244,12.566823585733664,0,0,0.0
05063,Independence County,AR,13.5,59695.0,38320,14.846033402922753,2.6304801670146136,9.016179540709812,0,0,0.0
05065,Izard County,AR,20.3,47320.0,14169,8.41273202060837,2.808949114263533,3.070082574634766,0,0,0.0
05067,Jackson County,AR,24.6,45762.0,16784,24.642516682554817,18.046949475691136,3.503336510962822,1,1,5.958055290753099
05069,Jefferson County,AR,24.3,49581.0,63661,62.95848321578361,57.7088013069226,2.8086269458538196,0,0,0.0
05071,Johnson County,AR,17.1,50387.0,26129,23.127559416740016,2.4608672356385624,14.061005013586437,0,0,0.0
05073,Lafayette County,AR,22.8,43824.0,6095,40.91878589007383,34.01148482362592,4.216570959803117,0,0,0.0
05075,Lawrence County,AR,18.3,49015.0,16318,6.685868366221348,1.4156146586591494,2.3042039465620787,0,0,0.0
05077,Lee County,AR,38.7,36735.0,8201,59.6024875015242,54.017802706986956,3.4020241433971465,0,0,0.0
05079,Lincoln County,AR,26.2,53381.0,12898,38.021398666459916,30.694681345945106,5.217863234610017,0,0,0.0
05081,Little River County,AR,17.7,48837.0,11805,27.971198644642104,19.4578568403219,4.159254553155443,0,0,0.0
05083,Logan County,AR,16.6,51290.0,21400,10.130841121495326,1.5186915887850467,3.808411214953271,0,0,0.0
05085,Lonoke County,AR,9.6,74687.0,75944,16.21062888444117,6.7220583587906875,5.685768460971242,0,0,0.0
05087,Madison County,AR,14.8,52262.0,17775,13.029535864978904,0.90014064697609,7.066104078762306,0,0,0.0
05089,Marion County,AR,17.4,49975.0,17514,7.182825168436679,0.662327281032317,2.923375585246089,0,0,0.0
05091,Miller County,AR,21.5,50421.0,42415,33.5966049746552,26.25250501002004,4.269715902393021,0,0,0.0
05093,Mississippi County,AR,24.9,49484.0,38663,43.077360784212296,36.05514316012725,5.066859788428213,0,0,0.0
05095,Monroe County,AR,26.3,40631.0,6512,46.80589680589681,40.14127764127764,3.286240786240786,0,0,0.0
05097,Montgomery County,AR,18.8,48991.0,8620,10.626450116009279,0.9860788863109049,5.034802784222737,0,0,0.0
05099,Nevada County,AR,23.2,45562.0,8120,37.51231527093596,30.110837438423644,4.987684729064039,0,0,0.0
05101,Newton County,AR,18.8,46307.0,7071,6.844859284401073,0.5232640362042144,1.5273652948663556,2,1,28.284542497525106
05103,Ouachita County,AR,18.8,49690.0,21793,45.58344422520994,40.02661405038315,2.7485889964667556,0,0,0.0
05105,Perry County,AR,14.1,57996.0,10184,9.593479968578167,2.3271798900235665,3.819717203456402,0,0,0.0
05107,Phillips County,AR,34.2,37338.0,14961,66.59982621482521,62.56934696878551,2.1923668203997058,0,0,0.0
05109,Pike County,AR,18.2,53108.0,10208,15.076410658307216,3.6931818181818183,8.170062695924765,0,0,0.0
05111,Poinsett County,AR,19.1,51635.0,22397,15.399383846050807,8.777961334107246,3.8174755547617987,0,0,0.0
05113,Polk County,AR,18.8,47766.0,19436,13.305206832681627,0.7717637373945256,7.120806750360156,2,1,10.290183165260341
05115,Pope County,AR,13.5,59016.0,64593,18.54999767776694,3.379623178982243,11.462542380753332,0,0,0.0
05117,Prairie County,AR,15.4,54962.0,8036,15.019910403185666,10.378297660527625,2.5136884021901444,0,0,0.0
05119,Pulaski County,AR,15.7,61344.0,400009,51.072350872105375,38.35213707691577,8.335562449844879,3,1,0.7499831253796789
05121,Randolph County,AR,18.5,51480.0,18907,10.266039033162322,1.3328396890040726,2.7820383984767547,0,0,0.0
05123,St. Francis County,AR,34.3,41708.0,22101,60.350210397719565,53.74869915388444,3.9545721913035607,0,0,0.0
05125,Saline County,AR,9.3,77844.0,129574,20.89230864216587,10.183370120548876,7.425100714649544,0,0,0.0
05127,Scott County,AR,19.5,46026.0,9851,16.719114810679116,1.1876966805400466,8.090549182824079,0,0,0.0
05129,Searcy County,AR,20.2,40688.0,7806,7.1995900589290285,0.8198821419420959,2.2546758903407635,0,0,0.0
05131,Sebastian County,AR,12.8,58112.0,129098,33.115152829633296,7.014051340841841,16.361213961486623,0,0,0.0
05133,Sevier County,AR,18.7,52845.0,15632,46.059365404298866,4.388433981576254,35.77917093142272,0,0,0.0
05135,Sharp County,AR,19.7,45258.0,17968,7.479964381121995,1.3301424755120215,2.6046304541406946,0,0,0.0
05137,Stone County,AR,17.7,43767.0,12671,6.313629547786281,0.6392549917133612,2.3123668218767266,0,0,0.0
05139,Union County,AR,19.0,49664.0,37397,40.179693558306816,32.66304783806188,4.882744605182234,1,1,2.67401128432762
05141,Van Buren County,AR,16.5,50332.0,16142,7.675628794449263,0.823937554206418,3.5001858505761367,0,0,0.0
05143,Washington County,AR,13.5,66158.0,261549,31.846422658851694,4.093687989631006,18.708922611059496,2,1,0.7646750704456909
05145,White County,AR,15.7,56178.0,78452,13.26798551980829,4.737928924692806,5.075715086932137,0,0,0.0
05147,Woodruff County,AR,24.4,43259.0,5964,30.097250167672705,25.134138162307178,2.129443326626425,0,0,0.0
05149,Yell County,AR,16.5,51997.0,20044,26.786070644581915,2.3697864697665136,21.098583117142287,0,0,0.0
06001,Alameda County,CA,9.5,119230.0,1622188,72.11821317874377,10.545571783295154,23.338601937629917,8,1,0.49316108860378705
06003,Alpine County,CA,15.6,83265.0,1141,38.29973707274321,1.2269938650306749,12.620508326029798,0,0,0.0
06005,Amador County,CA,11.7,80767.0,41811,25.309129176532497,3.006385879314056,16.45978331061204,2,1,4.783430197794839
06007,Butte County,CA,19.9,63084.0,207172,33.603479234645604,2.145077520128203,20.56455505570251,5,1,2.413453555499778
06009,Calaveras County,CA,12.2,77041.0,46565,22.907763341565555,1.1424889938795233,15.217437989906582,1,1,2.1475357027810587
06011,Colusa County,CA,12.3,66675.0,22037,69.1337296365204,1.5065571538775695,63.434224259200434,2,1,9.075645505286563
06013,Contra Costa County,CA,8.3,122000.0,1155025,61.316421722473535,9.346031471180277,27.81264474794918,9,1,0.7792039133352092
06015,Del Norte County,CA,13.8,70231.0,26589,37.35003196810711,2.847042009853699,19.790138779194404,3,1,11.282861333634209
06017,El Dorado County,CA,7.0,107063.0,192215,25.541711104752494,1.131025154124288,14.731940795463414,6,1,3.1215045652004267
06019,Fresno County,CA,17.7,71271.0,1017162,73.62209756164701,5.9841991737795945,54.93028642438471,11,1,1.081440321207438
06021,Glenn County,CA,13.5,64197.0,28129,52.46542713925131,1.3366987806178676,45.536634789718796,1,1,3.555049948451776
06023,Humboldt County,CA,16.7,61307.0,133985,29.027129902601033,1.5165876777251184,14.441168787550845,3,1,2.2390566108146435
06025,Imperial County,CA,17.3,58768.0,179057,91.04866048241621,3.18166840726696,86.30324421832154,5,1,2.7924068871923464
06027,Inyo County,CA,11.8,71656.0,18527,41.03200734063799,1.2306363685432071,24.558752091542075,17,1,91.75797484751985
06029,Kern County,CA,19.0,68436.0,913820,69.98949464883675,6.179225668074675,57.13794839246241,16,1,1.7508918605414634
06031,Kings County,CA,17.5,65768.0,152682,71.94168271308995,7.143605664059941,58.76855163018561,3,1,1.964868157346642
06033,Lake County,CA,17.6,57945.0,67878,35.05701405462742,2.1671233683962403,25.42060756062347,4,1,5.892925542885766
06035,Lassen County,CA,17.1,77743.0,28861,36.52680087315062,6.780776826859777,21.81490592841551,0,0,0.0
06037,Los Angeles County,CA,13.7,86499.0,9663345,74.72807811373805,9.02533232540078,48.594994797350196,17,1,0.17592251958302224
06039,Madera County,CA,18.0,66084.0,162858,69.68156307949256,4.1502413145193975,61.31230888258483,2,1,1.228063711945376
06041,Marin County,CA,8.7,139197.0,254407,32.76324943889123,2.859984198547996,19.62524616067954,2,1,0.7861418907498614
06043,Mariposa County,CA,17.3,64352.0,16919,24.404515633311664,1.4303445830131805,15.396891069212128,3,1,17.731544417518766
06045,Mendocino County,CA,13.9,65891.0,89108,38.01005521389774,1.098666786371594,28.11756520177762,5,1,5.611168469722135
06047,Merced County,CA,18.6,58962.0,291920,76.66175664565634,4.017539051795012,63.87332145793368,3,1,1.0276788161140038
06049,Modoc County,CA,20.1,51996.0,8500,24.882352941176467,1.423529411764706,15.823529411764707,0,0,0.0
06051,Mono County,CA,7.8,82973.0,13066,34.86147252410837,1.2398591764885964,27.368743303229756,4,1,30.61380682687892
06053,Monterey County,CA,14.0,86809.0,430723,72.79481244326401,3.170250950146614,62.012012360612275,3,1,0.6965033211600031
06055,Napa County,CA,8.9,100469.0,133216,50.814466730723026,2.3855993274081193,36.707302426135,0,0,0.0
06057,Nevada County,CA,10.9,87142.0,102037,17.03891725550536,0.7507080764820604,10.917608318551114,2,1,1.9600733067416722
06059,Orange County,CA,9.2,109768.0,3135755,62.597843262627336,2.266663052438727,34.219988487621,4,1,0.12756098611020314
06061,Placer County,CA,6.5,110020.0,423561,32.86138242189437,2.30993882817351,15.962281702045278,5,1,1.1804675123535924
06063,Plumas County,CA,12.7,64121.0,19131,18.08060216402697,1.0140609481992577,10.558778945167528,3,1,15.681354869060685
06065,Riverside County,CA,11.3,90251.0,2492442,68.97011043787579,7.562462837650786,51.88441696938184,16,1,0.6419407151701022
06067,Sacramento County,CA,11.9,89984.0,1584288,59.09758831727565,10.78553899291038,24.483174776303297,7,1,0.44183885758144986
06069,San Benito County,CA,9.1,105112.0,68175,71.11697836450313,1.9112577924459113,62.533186651998534,3,1,4.400440044004401
06071,San Bernardino County,CA,13.2,84576.0,2195611,75.46309432772928,9.44648209541672,55.85119586301945,16,1,0.7287265367134707
06073,San Diego County,CA,10.1,103476.0,3269973,56.85539299559965,5.545366888350454,34.88508926526305,20,1,0.6116258452286915
06075,San Francisco County,CA,11.9,125456.0,808988,62.534796560641205,5.6756095269645535,16.37725157851538,1,1,0.12361122785504852
06077,San Joaquin County,CA,12.6,86211.0,800965,73.31943343342093,8.237813137902405,42.725961808568414,3,1,0.37454820123226357
06079,San Luis Obispo County,CA,12.8,89809.0,281639,33.980024073370515,1.870124521106807,25.22839521515131,11,1,3.905709081483743
06081,San Mateo County,CA,7.3,151004.0,726353,64.45006766682314,2.708738037841105,24.840401292484508,1,1,0.1376741061164475
06083,Santa Barbara County,CA,14.9,90155.0,441257,58.6764629229678,2.2982071672517375,48.546991889080516,13,1,2.9461288999381314
06085,Santa Clara County,CA,7.6,154573.0,1877592,72.43107128705277,2.921934051700263,24.963091022969845,6,1,0.31955824268531186
06087,Santa Cruz County,CA,12.6,102723.0,261547,44.81068412178308,1.5003039606648136,35.23152626487782,2,1,0.7646809177700374
06089,Shasta County,CA,13.2,71935.0,180366,23.30539015113713,1.3056784538105852,12.199638512801748,4,1,2.21771287271437
06091,Sierra County,CA,12.6,67675.0,3200,17.96875,0.5,12.3125,0,0,0.0
06093,Siskiyou County,CA,17.1,58975.0,42905,25.948024705745254,1.507982752592938,13.700034960960261,2,1,4.661461368138911
06095,Solano County,CA,10.3,99117.0,449218,66.57702941556217,14.244976826396092,30.129469433548966,4,1,0.8904362692501191
06097,Sonoma County,CA,9.1,100157.0,481812,40.86884510971084,2.1767826455131876,30.32614380712809,4,1,0.8301993308593393
06099,Stanislaus County,CA,12.6,81582.0,551430,63.803383929057176,3.743176831148106,50.89512721469634,2,1,0.3626933608980287
06101,Sutter County,CA,15.3,71968.0,97948,58.34320251562053,2.744313309102789,33.46673745252583,2,1,2.041899783558623
06103,Tehama County,CA,15.0,58333.0,64896,36.87438362919132,1.1895956607495068,29.75221893491124,2,1,3.081854043392505
06105,Trinity County,CA,20.8,52079.0,15670,18.717294192724953,0.6892150606253988,6.381620931716656,2,1,12.763241863433311
06107,Tulare County,CA,17.5,71368.0,479468,74.13153745401154,2.357613021098384,67.02011395963859,5,1,1.0428224615615642
06109,Tuolumne County,CA,10.5,72329.0,54204,21.92089144712568,1.9703342926721275,14.070917275477825,1,1,1.8448822965094829
06111,Ventura County,CA,9.8,106526.0,829590,57.47453561397799,2.442893477500934,44.76488385829145,6,1,0.7232488337612556
06113,Yolo County,CA,15.3,91192.0,220544,57.08838145676146,3.3707559489262913,33.3906159315148,3,1,1.360272780034823
06115,Yuba County,CA,15.4,71493.0,85722,51.00674272648795,5.296190009565806,31.456335596462985,0,0,0.0
08001,Adams County,CO,9.7,95278.0,533365,54.297526084388736,4.509294760623588,43.17793631003159,3,1,0.5624666035454146
08003,Alamosa County,CO,21.7,50056.0,16655,54.41008706094266,2.389672770939658,48.72410687481237,2,1,12.008405884118883
08005,Arapahoe County,CO,10.1,97560.0,656061,43.831137653358454,12.029216795389454,21.995210811189814,3,1,0.4572745522138948
08007,Archuleta County,CO,11.2,74432.0,14189,21.960673761364436,0.9514412573120022,16.8158432588625,2,1,14.095426034251886
08009,Baca County,CO,20.2,47421.0,3344,16.74641148325359,1.3157894736842106,10.885167464114833,0,0,0.0
08011,Bent County,CO,28.6,44960.0,5681,43.60147861292026,7.041013906002465,33.23358563633163,0,0,0.0
08013,Boulder County,CO,11.0,97170.0,326831,23.82821702959633,1.3324929397762146,14.741563682759592,4,1,1.223874112308808
08014,Broomfield County,CO,5.1,113162.0,76860,26.402550091074684,1.7174082747853239,14.531615925058547,0,0,0.0
08015,Chaffee County,CO,9.4,75298.0,20617,15.535722947082508,2.042004171314934,10.205170490372023,1,1,4.8503662026483
08017,Cheyenne County,CO,13.3,63177.0,1727,18.87666473653735,1.447596988998263,12.680949623624782,0,0,0.0
08019,Clear Creek County,CO,7.7,94093.0,9147,13.39236908275937,1.2353777194708648,8.079151634415656,2,1,21.865092380015305
08021,Conejos County,CO,18.1,53174.0,7521,53.33067411248504,1.4625714665602978,49.60776492487701,0,0,0.0
08023,Costilla County,CO,22.6,38731.0,3628,61.71444321940462,4.051819184123484,54.07938257993385,0,0,0.0
08025,Crowley County,CO,37.5,46979.0,5636,45.08516678495387,11.142654364797728,29.719659332860186,0,0,0.0
08027,Custer County,CO,11.8,77137.0,5534,9.360318033971815,1.17455728225515,5.2945428261655225,0,0,0.0
08029,Delta County,CO,12.9,57075.0,31746,18.162918162918164,0.6867006867006867,14.565614565614565,1,1,3.15000315000315
08031,Denver County,CO,10.5,93572.0,716577,44.565064187100624,10.018881432141974,27.892047888782365,5,1,0.6977617199547292
08033,Dolores County,CO,13.5,57701.0,2513,15.479506565857537,1.6713091922005572,8.197373656983684,0,0,0.0
08035,Douglas County,CO,3.7,144807.0,383906,21.680046678093078,2.009606518262283,10.4168728803405,1,1,0.2604804301052862
08037,Eagle County,CO,6.6,110598.0,54381,34.39804343428771,1.5630459167724022,30.45181221382468,0,0,0.0
08039,Elbert County,CO,5.8,123083.0,28806,14.868430188155246,1.4441435811983614,9.643824203290981,0,0,0.0
08041,El Paso County,CO,7.3,88794.0,744215,33.30596668973348,6.970297561860484,19.08695739806373,4,1,0.5374790887042051
08043,Fremont County,CO,18.4,61015.0,50318,21.56683492984618,4.308597321038197,13.607456576175524,2,1,3.974720775865496
08045,Garfield County,CO,9.1,94696.0,62707,36.39785031974102,1.5628239271532685,32.78262394947932,6,1,9.568309758081234
08047,Gilpin County,CO,7.2,88589.0,5926,15.035437057036782,1.451231859601755,7.1717853526830915,1,1,16.874789065136685
08049,Grand County,CO,8.2,93257.0,15935,14.427361154690931,1.3931597113272671,10.128647631000941,1,1,6.2754941951678695
08051,Gunnison County,CO,10.7,79658.0,17321,14.213959933029274,0.7158940015010681,10.207262860112003,2,1,11.546677443565613
08053,Hinsdale County,CO,5.3,71541.0,765,11.764705882352944,1.3071895424836601,6.405228758169935,0,0,0.0
08055,Huerfano County,CO,18.3,47855.0,7055,35.152374202693125,1.6867469879518073,30.077958894401135,0,0,0.0
08057,Jackson County,CO,13.3,96811.0,1309,15.66080977845684,0.30557677616501144,12.375859434682964,2,1,152.78838808250575
08059,Jefferson County,CO,7.4,102146.0,576366,23.508326306548266,1.6909394377877947,16.238119528216444,4,1,0.6940034630772808
08061,Kiowa County,CO,13.6,55523.0,1384,12.138728323699421,0.7947976878612717,8.526011560693641,0,0,0.0
08063,Kit Carson County,CO,12.3,55304.0,6994,24.706891621389758,1.0866456963111237,20.60337432084644,0,0,0.0
08065,Lake County,CO,11.4,86215.0,7365,39.23964697895451,1.0997963340122199,34.881194840461646,0,0,0.0
08067,La Plata County,CO,11.5,83542.0,56407,21.474285106458414,0.6594926161646604,12.792738489903735,3,1,5.318488840037585
08069,Larimer County,CO,10.2,88519.0,370771,19.687623897230367,1.388997521381122,13.11726105871279,9,1,2.427374309209728
08071,Las Animas County,CO,17.1,52067.0,14348,44.59158070811263,2.230275996654586,38.444382492333425,0,0,0.0
08073,Lincoln County,CO,14.8,58034.0,5480,24.379562043795623,5.127737226277373,15.182481751824817,0,0,0.0
08075,Logan County,CO,14.0,55415.0,20619,24.113681555846544,3.7974683544303796,17.54207284543382,0,0,0.0
08077,Mesa County,CO,11.9,66339.0,159681,20.07189333734133,1.0420776422993343,15.648073346234055,4,1,2.5049943324503228
08079,Mineral County,CO,9.7,37108.0,944,9.427966101694917,0.423728813559322,6.1440677966101696,0,0,0.0
08081,Moffat County,CO,10.8,73875.0,13327,21.47520072034216,1.140541757334734,17.295715464845802,0,0,0.0
08083,Montezuma County,CO,14.0,60809.0,26531,28.09543552824997,0.9536014473634616,12.679506991820888,3,1,11.307527043835513
08085,Montrose County,CO,10.7,67113.0,44156,25.294410725609207,0.8469970105987861,21.59162967660114,0,0,0.0
08087,Morgan County,CO,12.5,68541.0,29524,45.1463216366346,4.152553854491261,38.98861942826176,0,0,0.0
08089,Otero County,CO,20.1,52169.0,18136,46.40494044993383,1.76444640494045,42.31363034847816,0,0,0.0
08091,Ouray County,CO,7.4,92760.0,5176,10.645285935085003,0.38639876352395675,6.819938176197836,0,0,0.0
08093,Park County,CO,8.1,103720.0,18117,13.09819506540818,0.9990616547993597,8.014571948998178,1,1,5.519677650825192
08095,Phillips County,CO,12.1,59367.0,4476,30.20554066130474,1.0500446827524577,27.144772117962468,0,0,0.0
08097,Pitkin County,CO,6.4,109268.0,16640,16.520432692307697,1.2079326923076923,11.70673076923077,2,1,12.01923076923077
08099,Prowers County,CO,20.1,50365.0,11751,44.694068589907246,1.2084077950812697,40.80503786911752,1,1,8.509914049868096
08101,Pueblo County,CO,13.5,63801.0,169422,48.169659194201465,2.9594739762250475,42.44194968776192,3,1,1.7707263519495697
08103,Rio Blanco County,CO,10.8,72088.0,6569,16.47130461257421,1.5070787029989343,10.975795402648805,2,1,30.446034404018878
08105,Rio Grande County,CO,17.8,55574.0,11188,44.726492670718635,1.1351447979978548,40.874150875938504,0,0,0.0
08107,Routt County,CO,5.6,112377.0,25064,12.5957548675391,1.1849664857963613,9.060804340887328,1,1,3.9897861474624965
08109,Saguache County,CO,20.6,47829.0,6688,41.70155502392344,1.4204545454545454,36.303827751196174,0,0,0.0
08111,San Juan County,CO,12.3,102689.0,802,19.326683291770575,0.24937655860349128,15.586034912718205,1,1,124.68827930174565
08113,San Miguel County,CO,7.9,94927.0,7868,16.128622267412307,1.0167768174885612,11.794611082867311,2,1,25.419420437214033
08115,Sedgwick County,CO,14.7,45999.0,2299,20.965637233579816,1.087429317094389,16.702914310569813,0,0,0.0
08117,Summit County,CO,7.3,105135.0,30465,21.759396028229116,1.6806171015919908,17.052355161660923,0,0,0.0
08119,Teller County,CO,8.3,88089.0,24617,13.389121338912135,1.1658609903725068,7.8847950603241665,0,0,0.0
08121,Washington County,CO,14.2,54255.0,4855,16.580844490216272,1.5036045314109165,12.214212152420185,0,0,0.0
08123,Weld County,CO,9.1,90675.0,359442,37.16343666015658,1.9104612148830689,31.282932990579845,8,1,2.22567201384368
08125,Yuma County,CO,12.7,61870.0,9862,33.25897383897789,0.7503548975866964,30.88622997363618,0,0,0.0
09110,Capitol Planning Region,CT,9.8,90965.0,975328,38.87851061386528,14.948407099970472,17.932633944683225,0,0,0.0
09120,Greater Bridgeport Planning Region,CT,11.3,92858.0,327651,46.40852614519717,15.409688967834677,26.786123039453564,0,0,0.0
09130,Lower Connecticut River Valley Planning Region,CT,7.1,99807.0,176215,18.95184859404705,6.190165422920864,8.019181113980082,0,0,0.0
09140,Naugatuck Valley Planning Region,CT,11.4,81392.0,456128,39.30387961274029,15.004998596885084,20.7233495860811,0,0,0.0
09150,Northeastern Connecticut Planning Region,CT,7.6,88129.0,96692,12.082695569436975,2.6496504364373474,5.618872295536343,0,0,0.0
09160,Northwest Hills Planning Region,CT,8.4,91206.0,113463,17.022289204410246,4.342384742162643,9.320218925993496,0,0,0.0
09170,South Central Connecticut Planning Region,CT,12.5,80953.0,568158,40.825615409797976,16.39385523041126,19.929315436903114,0,0,0.0
09180,Southeastern Connecticut Planning Region,CT,12.4,82733.0,279634,28.357424347539993,7.3900169507284525,15.206305384895971,0,0,0.0
09190,Western Connecticut Planning Region,CT,8.0,121285.0,623907,38.94618909549019,12.292376908738001,20.863045293609463,0,0,0.0
10001,Kent County,DE,11.7,72498.0,189789,43.42032467635111,30.10659205749543,8.316604228906838,3,1,1.5807027804561908
10003,New Castle County,DE,10.9,86798.0,578592,47.11091753774681,27.82392428516122,11.891972236048892,8,1,1.3826668878933688
10005,Sussex County,DE,10.1,78092.0,263509,26.086016037402892,11.501694439279113,11.39695418372807,3,1,1.1384810385983022
11001,District of Columbia,DC,15.2,104643.0,678972,62.349110125307085,44.3617704411964,11.997254673241311,6,1,0.8836888708223609
12001,Alachua County,FL,18.5,61843.0,285994,41.24457156443842,20.215109407889678,12.62509003685392,1,1,0.3496576851262614
12003,Baker County,FL,12.5,69399.0,28368,20.392695995487877,12.993513818386916,4.282994923857868,1,1,3.5250987027636773
12005,Bay County,FL,11.8,70859.0,190769,26.651080626307213,11.942191865554676,9.320172564724876,1,1,0.5241941824929627
12007,Bradford County,FL,15.4,59468.0,27858,25.741259243305336,17.84765596955991,5.161892454591141,0,0,0.0
12009,Brevard County,FL,10.3,77961.0,643979,28.40698221525857,11.174898560356782,12.518420631728674,3,1,0.46585370019829836
12011,Broward County,FL,12.7,74367.0,1962531,67.50960876541568,30.516409677095545,33.046407929352455,7,1,0.3566822638725197
12013,Calhoun County,FL,22.9,47523.0,13470,22.30883444691908,12.81365998515219,5.515961395694135,0,0,0.0
12015,Charlotte County,FL,9.1,71381.0,206134,17.21258986872617,5.987367440596893,8.310613484432457,0,0,0.0
12017,Citrus County,FL,15.7,54447.0,166696,14.07352305994145,3.4601910063828765,7.249724048567452,2,1,1.199788837164659
12019,Clay County,FL,7.9,82249.0,232439,31.505040032008402,14.331071808087284,11.73254058053941,0,0,0.0
12021,Collier County,FL,10.5,91402.0,404310,37.47446266478692,7.317899631470901,28.01439489500631,1,1,0.24733496574410724
12023,Columbia County,FL,17.0,58949.0,73063,28.844969409961262,17.588930101419322,7.96572820716368,1,1,1.3686818225367148
12027,DeSoto County,FL,18.8,54288.0,35979,44.15353400594791,12.813029822952277,30.100892187109146,0,0,0.0
12029,Dixie County,FL,23.7,50966.0,17465,17.217291726309757,9.275694245634126,4.9871170913255085,0,0,0.0
12031,Duval County,FL,14.5,69455.0,1030822,50.281910940977205,30.85430850331095,12.616145173463508,7,1,0.679069713296767
12033,Escambia County,FL,14.0,70838.0,326928,36.831963001027745,22.635565017373857,7.016223755689326,2,1,0.6117554935643321
12035,Flagler County,FL,8.9,74753.0,131439,26.32323739529363,10.392653626397037,11.918076065703483,1,1,0.7608091966615693
12037,Franklin County,FL,16.6,55816.0,12594,18.44529140860728,9.988883595362871,5.61378434175004,0,0,0.0
12039,Gadsden County,FL,21.5,51288.0,43833,68.15869322200169,54.47037620057947,12.463212648004928,0,0,0.0
12041,Gilchrist County,FL,13.5,56884.0,19587,14.111400418645015,3.849492010006637,7.841935977944555,0,0,0.0
12043,Glades County,FL,16.9,55240.0,12786,44.877209447833565,15.258876896605662,25.621773815110277,0,0,0.0
12045,Gulf County,FL,14.9,66806.0,15693,22.417638437519916,13.866054928949213,5.212515134136239,0,0,0.0
12047,Hamilton County,FL,21.9,49260.0,13471,44.124415410882634,29.834459208670477,11.602702100809145,1,1,7.423353871279044
12049,Hardee County,FL,20.5,53913.0,25760,53.14829192546584,8.629658385093167,42.47670807453416,0,0,0.0
12051,Hendry County,FL,22.1,54619.0,43333,70.95746890360695,11.794706113123947,57.72736713359333,0,0,0.0
12053,Hernando County,FL,12.1,64092.0,212807,27.309721954634945,6.84892884162645,17.764923146325074,0,0,0.0
12055,Highlands County,FL,18.6,51495.0,107614,36.03155723233037,10.99299347668519,22.700577991711114,1,1,0.9292471239801512
12057,Hillsborough County,FL,13.2,76528.0,1535564,54.16648215248598,18.578971635177695,30.39228583113436,12,1,0.7814718240333846
12059,Holmes County,FL,18.2,51582.0,19944,14.79643000401123,6.758924989971922,3.9410348977135983,1,1,5.014039310068191
12061,Indian River County,FL,11.3,73686.0,169795,26.2004181513001,9.130421979445803,14.064018375099385,1,1,0.5889454930946141
12063,Jackson County,FL,20.6,50923.0,48622,34.49467319320472,25.681790136152358,5.635309119328699,0,0,0.0
12065,Jefferson County,FL,23.5,59967.0,15450,38.420711974110034,30.899676375404532,5.378640776699029,0,0,0.0
12067,Lafayette County,FL,18.9,58096.0,8078,25.30329289428076,11.426095568209952,11.76033671700916,0,0,0.0
12069,Lake County,FL,10.7,70784.0,424462,35.40175563419105,12.655549848985304,19.343781068741137,1,1,0.23559234984521582
12071,Lee County,FL,12.1,71811.0,834573,36.752087594494434,9.321413465328977,25.08216776722947,2,1,0.23964350631999837
12073,Leon County,FL,17.6,66063.0,296913,45.89155745959253,32.14005449407739,8.272456914988565,1,1,0.33679899499179894
12075,Levy County,FL,18.3,53214.0,46545,22.76291760661725,9.532710280373832,10.533891932538404,0,0,0.0
12077,Liberty County,FL,20.8,51523.0,7706,28.471321048533614,18.011938749026733,7.72125616402803,1,1,12.976901116013495
12079,Madison County,FL,19.8,52713.0,18519,44.2788487499325,35.67687240131757,6.404233489929262,0,0,0.0
12081,Manatee County,FL,10.4,79213.0,441095,30.891077885716236,9.010077194255206,18.214670309117082,4,1,0.9068341287024337
12083,Marion County,FL,15.0,58584.0,409959,34.01364526696572,13.726982454342995,17.595174151561498,2,1,0.487853663415122
12085,Martin County,FL,13.1,76430.0,163315,24.029635979548726,5.592260355754218,15.79769157762606,1,1,0.6123136270397698
12086,Miami-Dade County,FL,14.1,72030.0,2686867,86.11981910529997,16.85803577177434,69.13933588822968,10,1,0.37218068479012917
12087,Monroe County,FL,10.0,85639.0,80614,34.98399781675639,7.552038107524748,24.788498275733744,0,0,0.0
12089,Nassau County,FL,9.5,92766.0,101501,15.6422104215722,6.687618841193683,6.017674702712289,1,1,0.9852119683549916
12091,Okaloosa County,FL,10.1,81990.0,218464,29.108686099311555,10.50287461549729,11.406455983594551,1,1,0.4577413212245496
12093,Okeechobee County,FL,17.0,54297.0,41427,37.21485987399522,8.337557631496367,26.398242691964178,0,0,0.0
12095,Orange County,FL,12.4,78487.0,1471416,61.79455707971098,22.676387914770533,33.780725505227615,4,1,0.27184698277033825
12097,Osceola County,FL,10.9,76416.0,437784,71.84250680700985,15.568636587906365,56.060294574493355,1,1,0.22842314931564425
12099,Palm Beach County,FL,10.8,84789.0,1533801,48.205797231844286,20.18462629767486,24.512110762739102,4,1,0.260790024259992
12101,Pasco County,FL,10.5,72065.0,632996,32.40573400147868,8.102262889496933,19.187640996151636,2,1,0.3159577627662734
12103,Pinellas County,FL,11.3,70684.0,961596,27.679607652278094,10.90988315259215,11.350712773347643,10,1,1.039937770123836
12105,Polk County,FL,13.0,66709.0,818330,49.43506898195105,17.3593782459399,30.27947160680899,2,1,0.24440018085613385
12107,Putnam County,FL,21.1,51585.0,75955,29.604371009150153,15.732999802514646,11.400171153972748,1,1,1.3165690211309329
12109,St. Johns County,FL,6.1,106281.0,320110,21.23207647371216,5.6349379900659144,9.302739683233888,0,0,0.0
12111,St. Lucie County,FL,10.4,66876.0,373586,48.42713592051094,23.417098071126862,22.311596258960453,1,1,0.2676759835754016
12113,Santa Rosa County,FL,8.1,87581.0,203162,19.785688268475397,6.520412281824357,7.061852118014196,1,1,0.4922180328998533
12115,Sarasota County,FL,9.5,78218.0,469013,18.70630451607951,4.700082940131724,10.667294936387691,4,1,0.8528548249195651
12117,Seminole County,FL,9.2,80698.0,484271,44.49471473617045,13.922576408663744,24.260589628534436,1,1,0.20649594958194895
12119,Sumter County,FL,9.7,79334.0,151565,15.658628311285582,6.953452314188632,6.580015175007422,0,0,0.0
12121,Suwannee County,FL,17.3,56009.0,46130,26.672447431172774,12.12009538261435,12.096249729026663,0,0,0.0
12123,Taylor County,FL,19.7,50556.0,21582,26.39699749791493,18.47372810675563,4.309146510981374,0,0,0.0
12125,Union County,FL,19.4,60843.0,15532,28.064640741694568,20.33221735771311,5.285861447334535,0,0,0.0
12127,Volusia County,FL,11.9,66111.0,590357,31.803976238106767,12.017474172407542,16.776458990068722,1,1,0.1693890307051496
12129,Wakulla County,FL,10.4,72916.0,36449,22.09388460588768,13.86594968311888,4.943894208345908,1,1,2.7435594940876293
12131,Walton County,FL,10.9,82259.0,86354,17.75482316974315,5.082567107487783,8.547374759710031,0,0,0.0
12133,Washington County,FL,16.8,54678.0,25602,22.092024060620265,13.303648152488087,4.112959925005859,0,0,0.0
13001,Appling County,GA,21.1,51054.0,18457,32.24792761553882,19.282656986509185,11.052717126293548,0,0,0.0
13003,Atkinson County,GA,22.4,44890.0,8293,46.7864464005788,16.19438080308694,28.590377426745448,0,0,0.0
13005,Bacon County,GA,22.9,48915.0,11124,28.209277238403452,17.39482200647249,8.423229054297016,0,0,0.0
13007,Baker County,GA,26.2,47850.0,2743,51.33065986146554,42.28946409041196,6.015311702515494,0,0,0.0
13009,Baldwin County,GA,21.4,51206.0,43396,48.14729468153747,42.26195962761545,3.050972439856208,0,0,0.0
13011,Banks County,GA,12.2,70067.0,19789,14.523219970690793,3.6737581484663195,7.5597554196775985,0,0,0.0
13013,Barrow County,GA,11.2,72075.0,92792,37.85778946460901,15.943184757306664,16.28480903526166,0,0,0.0
13015,Bartow County,GA,9.7,78771.0,115041,25.852522144279,11.8583809250615,10.890899766170321,0,0,0.0
13017,Ben Hill County,GA,24.4,40325.0,17128,46.5028024287716,37.54670714619337,6.819243344231667,0,0,0.0
13019,Berrien County,GA,18.8,50581.0,18570,21.055465805061925,11.80398492191707,6.375875067312871,0,0,0.0
13021,Bibb County,GA,22.1,51569.0,156512,65.39115211613166,57.36876405643018,4.80474340625639,2,1,1.2778572888979758
13023,Bleckley County,GA,18.2,58877.0,12465,31.135178499799444,24.90974729241877,3.730445246690734,0,0,0.0
13025,Brantley County,GA,17.8,57325.0,18401,9.276669746209443,4.434541600999946,2.5107331123308514,0,0,0.0
13027,Brooks County,GA,22.8,46796.0,16245,44.73376423514927,35.21083410280086,7.251461988304094,0,0,0.0
13029,Bryan County,GA,8.2,97746.0,49739,29.54824182231247,15.985444017772775,8.452120066748426,0,0,0.0
13031,Bulloch County,GA,23.7,54787.0,84327,37.90719461145303,29.531466789996088,5.1964376771378085,0,0,0.0
13033,Burke County,GA,21.2,51388.0,24438,51.8045666584827,45.95302397904902,3.605041329077666,0,0,0.0
13035,Butts County,GA,15.5,59622.0,26887,35.351656934578045,28.921039907762115,4.143266262506044,0,0,0.0
13037,Calhoun County,GA,35.5,41260.0,5457,67.47297049660985,62.69012277808319,2.3639362286970864,0,0,0.0
13039,Camden County,GA,11.6,72185.0,58118,31.155580026841946,18.64998795553873,8.014728655493995,0,0,0.0
13043,Candler County,GA,21.5,49332.0,11059,40.229677186002355,25.23736323356542,13.138620128402206,0,0,0.0
13045,Carroll County,GA,14.3,71083.0,127098,32.77864325166407,20.841397976364696,8.780625973658122,0,0,0.0
13047,Catoosa County,GA,10.7,70315.0,68910,11.668843418952257,3.6017994485560876,4.301262516325642,0,0,0.0
13049,Charlton County,GA,26.2,52191.0,12934,44.951291170558214,27.037266120303077,15.262099891758156,1,1,7.731560228854182
13051,Chatham County,GA,15.2,70556.0,303655,53.64179743458859,40.93790650573842,8.231051686947358,2,1,0.6586422090859693
13053,Chattahoochee County,GA,16.3,57550.0,8661,44.93707424084978,19.824500635030596,18.32351922410807,0,0,0.0
13055,Chattooga County,GA,20.7,51225.0,25222,18.281658869241134,9.951629529775593,5.681547855047181,1,1,3.9647926413448578
13057,Cherokee County,GA,6.6,104220.0,286602,25.166956266878802,8.37607553331798,12.511426996322426,0,0,0.0
13059,Clarke County,GA,24.1,54550.0,129933,44.886980212878946,27.3995058991942,11.826864614839955,1,1,0.7696274233643493
13061,Clay County,GA,26.4,37858.0,2853,63.30178759200842,58.39467227479846,1.7875920084121977,0,0,0.0
13063,Clayton County,GA,17.3,57974.0,298300,92.1914180355347,73.01106268856856,14.45859872611465,1,1,0.3352329869259135
13065,Clinch County,GA,23.3,45718.0,6746,35.546990809368516,27.868366439371478,4.6101393418321965,0,0,0.0
13067,Cobb County,GA,8.8,99134.0,776743,51.69727953776218,29.51388039544611,15.132804544102747,1,1,0.12874271155324218
13069,Coffee County,GA,22.5,49804.0,43317,44.05660595147401,28.4253295472909,13.604358565921,1,1,2.3085624581573057
13071,Colquitt County,GA,23.4,47821.0,46167,46.64370654363507,24.088634739099355,20.863387267961965,0,0,0.0
13073,Columbia County,GA,6.8,97031.0,165162,36.74816241023965,21.296666303386978,8.139886898923482,1,1,0.6054661483876436
13075,Cook County,GA,19.9,50258.0,17714,38.698204809755,28.288359489669187,7.92028903691995,0,0,0.0
13077,Coweta County,GA,9.9,93326.0,155892,32.98886408539246,20.382059374438715,8.4160829292074,0,0,0.0
13079,Crawford County,GA,15.8,61519.0,12277,27.82438706524395,20.851999674187503,4.162254622464771,0,0,0.0
13081,Crisp County,GA,26.0,43174.0,19631,51.50527227344506,45.48418317966482,3.759360195608986,0,0,0.0
13083,Dade County,GA,14.1,58644.0,16165,8.240024744819053,1.8558614290133004,3.2106402721930096,0,0,0.0
13085,Dawson County,GA,8.0,89330.0,31732,13.544686751544177,2.12719021807639,7.787091894617421,1,1,3.1513929156687257
13087,Decatur County,GA,22.3,50452.0,29087,51.211881596589535,42.76824698318837,7.023756317255131,0,0,0.0
13089,DeKalb County,GA,13.3,77722.0,762992,71.33220269675174,53.73529473441399,10.393424832763646,2,1,0.26212594627466607
13091,Dodge County,GA,23.5,46462.0,19776,36.22572815533981,30.537014563106798,3.7773058252427183,0,0,0.0
13093,Dooly County,GA,22.5,50396.0,10981,58.48283398597578,48.79337036699754,8.687733357617704,0,0,0.0
13095,Dougherty County,GA,26.4,45863.0,82645,77.25089237098433,71.9801560892976,3.4484844818198317,1,1,1.2099945550245024
13097,Douglas County,GA,11.9,79672.0,149160,69.72244569589702,54.58031643872352,12.670957361222849,1,1,0.6704210244033253
13099,Early County,GA,25.5,43444.0,10563,56.99138502319416,52.47562245574174,2.253147779986746,0,0,0.0
13101,Echols County,GA,21.6,50311.0,3709,41.00835804799138,7.576166082502022,30.439471555675386,0,0,0.0
13103,Effingham County,GA,8.5,83900.0,71541,26.72733118072155,16.37522539522791,7.125983701653597,0,0,0.0
13105,Elbert County,GA,18.0,50367.0,20013,36.86603707590066,28.37155848698346,6.26592714735422,0,0,0.0
13107,Emanuel County,GA,26.1,46017.0,23119,41.60647086811713,34.98421211990138,4.883429214066353,0,0,0.0
13109,Evans County,GA,23.7,50831.0,10754,45.38776269295146,31.839315603496374,12.637158266691463,0,0,0.0
13111,Fannin County,GA,13.9,60037.0,25955,7.127721055673286,1.2020805239838181,3.5869774609901754,0,0,0.0
13113,Fayette County,GA,5.8,108579.0,123351,43.72157501763261,27.816556006842262,8.877106792810759,0,0,0.0
13115,Floyd County,GA,17.0,61058.0,100113,30.974998251975272,14.981071389330056,12.731613276996994,1,1,0.9988712754587316
13117,Forsyth County,GA,5.1,136347.0,272887,38.384752663190255,4.937208441589376,10.044817085460283,0,0,0.0
13119,Franklin County,GA,16.9,53221.0,24782,19.029941086272295,9.587603906060851,5.74610604470987,0,0,0.0
13121,Fulton County,GA,13.0,94510.0,1079105,62.54423804912403,45.08532533905412,8.162319700121861,4,1,0.37067755223078386
13123,Gilmer County,GA,13.6,62317.0,32860,16.059038344491782,1.664637857577602,12.671941570298236,0,0,0.0
13125,Glascock County,GA,15.7,54862.0,2954,13.439404197698035,8.700067704807042,2.200406228842248,0,0,0.0
13127,Glynn County,GA,15.7,70067.0,86172,37.2313512509864,26.090841572668616,7.8169242909529775,1,1,1.1604697581581023
13129,Gordon County,GA,12.9,64795.0,59757,24.47914051910236,4.933313252003949,16.535301303612965,0,0,0.0
13131,Grady County,GA,19.7,52456.0,26066,44.42568863653802,29.502033300084403,13.734366607841633,0,0,0.0
13133,Greene County,GA,14.1,79890.0,20722,38.93929157417237,29.596564038220247,7.204903001640768,0,0,0.0
13135,Gwinnett County,GA,11.4,84076.0,983526,69.67156943487005,31.34650227853661,23.759717587537086,1,1,0.10167499384866287
13137,Habersham County,GA,13.5,71753.0,48757,24.334967286748565,4.173759665278832,16.336115839776852,0,0,0.0
13139,Hall County,GA,11.0,78309.0,217267,41.61147344051328,8.744540128045216,29.38412184086861,1,1,0.46026317848545795
13141,Hancock County,GA,30.3,40099.0,8676,71.91101890272014,68.71830336560627,1.0603964960811434,0,0,0.0
13143,Haralson County,GA,16.3,59384.0,32038,10.609276484175044,5.356139584243711,2.284786815656408,0,0,0.0
13145,Harris County,GA,8.6,91977.0,36654,25.334206362197854,16.756697768319967,5.210891035084847,0,0,0.0
13147,Hart County,GA,14.9,53100.0,27556,25.69313398170997,18.108578893888808,4.492669473073015,0,0,0.0
13149,Heard County,GA,16.5,57670.0,12034,16.04620242645837,9.963436928702011,3.12448063819179,0,0,0.0
13151,Henry County,GA,10.3,80908.0,254613,69.27650984042448,56.41660088055205,8.513312360327241,1,1,0.3927529230636299
13153,Houston County,GA,12.8,75266.0,171974,48.59222905788084,35.1500808261714,7.6761603498203215,1,1,0.5814832474676405
13155,Irwin County,GA,19.4,52918.0,9120,33.92543859649123,25.06578947368421,7.4451754385964914,0,0,0.0
13157,Jackson County,GA,8.3,84439.0,88615,24.831010551261066,9.07972690853693,11.544320938892964,0,0,0.0
13159,Jasper County,GA,14.8,67681.0,16455,24.193254329990886,16.85202066241264,5.129140079003342,0,0,0.0
13161,Jeff Davis County,GA,19.7,47635.0,14906,31.759023212129346,15.684959076881793,13.987655977458742,0,0,0.0
13163,Jefferson County,GA,22.5,45829.0,15183,56.81354146084436,51.28762431666996,3.8003029704274516,0,0,0.0
13165,Jenkins County,GA,28.9,42539.0,8627,48.33661759591978,41.938101309841194,4.346818129129478,0,0,0.0
13167,Johnson County,GA,26.2,51602.0,9282,38.12755871579401,34.69079939668175,1.465201465201465,0,0,0.0
13169,Jones County,GA,12.7,65524.0,28969,30.701784666367494,26.083054299423523,2.3715005695743727,0,0,0.0
13171,Lamar County,GA,14.2,63622.0,20401,33.38561835204157,27.111416107053575,3.7155041419538257,0,0,0.0
13173,Lanier County,GA,17.5,54586.0,10452,35.31381553769614,23.153463451970914,8.017604286261003,0,0,0.0
13175,Laurens County,GA,19.2,56867.0,49941,43.731603291884426,37.70048657415751,3.4821088884884164,0,0,0.0
13177,Lee County,GA,9.0,80806.0,33872,33.85096835144071,26.124822862541333,3.495512517713746,0,0,0.0
13179,Liberty County,GA,16.2,57699.0,69210,62.983672879641674,44.86056928189568,13.158503106487501,0,0,0.0
13181,Lincoln County,GA,15.1,58502.0,7879,30.57494605914456,26.145449930194186,1.611879680162457,0,0,0.0
13183,Long County,GA,15.1,63146.0,19594,47.16239665203634,29.539654996427476,13.228539348780238,0,0,0.0
13185,Lowndes County,GA,19.5,54984.0,120712,49.10945059314733,38.080721055073234,7.342269202730466,1,1,0.8284180528862085
13187,Lumpkin County,GA,15.1,72676.0,35258,11.186113789778208,2.2009189403823246,6.1461228657325995,0,0,0.0
13189,McDuffie County,GA,19.1,53389.0,21799,46.67186568191202,40.85967246203954,3.601082618468737,0,0,0.0
13191,McIntosh County,GA,18.7,56573.0,11501,36.222937135901226,30.910355621250325,2.7215024780453874,0,0,0.0
13193,Macon County,GA,31.6,41895.0,11817,66.63281712786664,59.524413979859524,4.755860201404756,0,0,0.0
13195,Madison County,GA,13.0,65296.0,32191,22.037215370755803,10.639619769500792,7.6046099841570625,0,0,0.0
13197,Marion County,GA,24.2,51270.0,7440,40.887096774193544,29.78494623655914,8.024193548387096,0,0,0.0
13199,Meriwether County,GA,15.9,54428.0,20931,42.13845492331948,36.2237829057379,3.1962161387415793,0,0,0.0
13201,Miller County,GA,21.1,50799.0,5747,34.035148773273015,28.36262397772751,3.5148773273012006,0,0,0.0
13205,Mitchell County,GA,23.8,48774.0,21114,53.954721985412526,46.514161220043576,5.531874585583026,0,0,0.0
13207,Monroe County,GA,11.7,80692.0,30625,27.85632653061224,22.23673469387755,3.0563265306122447,0,0,0.0
13209,Montgomery County,GA,20.7,53248.0,8761,35.40691701860518,26.48099532016893,7.727428375756192,0,0,0.0
13211,Morgan County,GA,11.2,69090.0,21460,26.015843429636533,19.920782851817336,3.9375582479030755,0,0,0.0
13213,Murray County,GA,14.4,63836.0,41035,19.94395028634093,1.6668697453393444,16.683319117826247,1,1,2.4369440721335445
13215,Muscogee County,GA,20.7,52492.0,201877,62.836776849269604,49.52025243093567,8.70431005017907,3,1,1.4860533889447536
13217,Newton County,GA,11.8,76151.0,120135,61.85790985141715,52.06975485911683,7.353394098306072,0,0,0.0
13219,Oconee County,GA,7.5,114230.0,44182,17.158571363903853,4.965823185912815,5.954913765786972,0,0,0.0
13221,Oglethorpe County,GA,13.1,67249.0,15754,26.913799669925098,16.25618890440523,7.1854767043290595,0,0,0.0
13223,Paulding County,GA,7.7,93773.0,183164,39.230416457382454,26.80330195890022,9.152453538905025,0,0,0.0
13225,Peach County,GA,17.3,68464.0,28805,56.68113174796042,44.658913383093214,9.41156049296997,0,0,0.0
13227,Pickens County,GA,10.1,78032.0,35969,8.151463760460398,1.5846979343323417,4.200839611888014,0,0,0.0
13229,Pierce County,GA,16.2,56330.0,20425,17.659730722154222,9.49326805385557,5.405140758873929,0,0,0.0
13231,Pike County,GA,11.2,80652.0,20461,13.723669419871953,8.802111333756903,2.5316455696202533,1,1,4.887346659498559
13233,Polk County,GA,17.3,56271.0,44223,29.057277887072342,12.656310064898356,13.98367365398096,0,0,0.0
13235,Pulaski County,GA,23.0,46123.0,10095,39.54432887568103,32.19415552253591,4.3090638930163445,0,0,0.0
13237,Putnam County,GA,15.6,59068.0,23129,34.688053958234256,26.075489645034374,7.004193869168576,0,0,0.0
13239,Quitman County,GA,23.7,42480.0,2280,50.6140350877193,45.43859649122807,2.763157894736842,0,0,0.0
13241,Rabun County,GA,13.0,60085.0,17442,13.106295149638802,1.6569200779727096,8.731796812292169,0,0,0.0
13243,Randolph County,GA,26.7,39926.0,6078,64.16584402764067,60.266535044422504,2.517275419545903,0,0,0.0
13245,Richmond County,GA,22.2,52073.0,205414,68.50117324038283,59.2530207288695,5.877885635837869,1,1,0.4868217356168519
13247,Rockdale County,GA,13.0,76081.0,95987,77.0416827278694,63.33461822955192,11.144217446112494,1,1,1.0418077447987748
13249,Schley County,GA,15.3,60750.0,4526,28.236853733981437,20.503756076005303,5.059655324790102,0,0,0.0
13251,Screven County,GA,22.5,49034.0,14174,43.98193876111189,39.21969803866234,2.723296176097079,0,0,0.0
13253,Seminole County,GA,22.3,49423.0,9092,37.93444786625605,32.71007479102508,3.1676198856137265,0,0,0.0
13255,Spalding County,GA,16.3,56834.0,69946,46.74892059588826,37.617590712835614,6.509307179824436,0,0,0.0
13257,Stephens County,GA,15.6,50685.0,27228,18.660937270456877,10.650800646393419,4.2456294990451005,0,0,0.0
13259,Stewart County,GA,32.5,41227.0,4674,73.47026101839967,51.048352588789044,22.0795892169448,0,0,0.0
13261,Sumter County,GA,26.3,43835.0,28890,61.49186569747318,52.931810314987885,6.362062997577016,1,1,3.4614053305642094
13263,Talbot County,GA,27.3,41656.0,5718,58.884225253585164,53.585169639734175,3.585169639734173,0,0,0.0
13265,Taliaferro County,GA,24.5,46469.0,1609,60.534493474207586,51.58483530142946,5.469235550031075,0,0,0.0
13267,Tattnall County,GA,25.7,48998.0,24296,41.77642410273295,29.432828449127427,10.890681593677972,0,0,0.0
13269,Taylor County,GA,26.6,44708.0,7758,41.31219386439804,35.91131734983243,2.926011858726476,0,0,0.0
13271,Telfair County,GA,30.1,42203.0,10920,49.020146520146525,36.71245421245421,12.582417582417582,0,0,0.0
13273,Terrell County,GA,28.1,45616.0,8718,63.11080523055747,58.31612755219087,2.8676301904106447,0,0,0.0
13275,Thomas County,GA,18.4,54989.0,45649,42.78516506385682,36.263664045214576,4.105237792722733,0,0,0.0
13277,Tift County,GA,19.2,53295.0,41554,46.68864609905184,31.301439091302882,13.298358762092699,0,0,0.0
13279,Toombs County,GA,22.8,48866.0,27040,41.5680473372781,27.292899408284022,12.230029585798816,0,0,0.0
13281,Towns County,GA,11.6,60563.0,13035,6.835443037974686,1.1660912926735711,3.3448408131952436,0,0,0.0
13283,Treutlen County,GA,24.0,45699.0,6341,36.603059454344745,31.383062608421383,2.8071282132155813,0,0,0.0
13285,Troup County,GA,18.1,60839.0,70742,45.900596533883686,36.898871957253114,4.807610754572956,0,0,0.0
13287,Turner County,GA,23.9,42769.0,8909,46.46986193736671,39.82489617240992,4.961275115052194,0,0,0.0
13289,Twiggs County,GA,21.3,50700.0,7691,44.62358600962164,39.812768170589,2.171369132752568,0,0,0.0
13291,Union County,GA,10.7,65505.0,27124,7.314555375313381,1.271936292582215,3.9632797522489307,0,0,0.0
13293,Upson County,GA,17.5,54439.0,28263,33.34040972295934,28.21002724410006,2.855323214096168,0,0,0.0
13295,Walker County,GA,15.1,58363.0,69489,10.702413331606442,4.854005669962152,3.036451812517089,1,1,1.4390766883967245
13297,Walton County,GA,10.1,79829.0,106702,32.81288073325711,22.261063522708103,7.1554422597514575,0,0,0.0
13299,Ware County,GA,19.9,40901.0,36243,38.60607565598875,30.35896586927131,5.217559252821235,0,0,0.0
13301,Warren County,GA,24.2,48308.0,5106,60.086173129651385,55.58166862514689,1.8213866039952997,0,0,0.0
13303,Washington County,GA,21.6,48809.0,19820,58.14833501513623,54.09687184661958,2.2401614530776994,1,1,5.045408678102927
13305,Wayne County,GA,19.7,55797.0,31373,29.57957479361234,20.112835877984253,6.422720173397507,0,0,0.0
13307,Webster County,GA,20.7,45036.0,2337,49.16559691912708,43.47454000855798,3.0380830124090714,0,0,0.0
13309,Wheeler County,GA,36.3,41163.0,7081,42.8329332015252,36.845078378760064,4.773337099279763,0,0,0.0
13311,White County,GA,10.8,66962.0,29026,8.991938262247645,2.3013849652036105,3.9171777027492594,0,0,0.0
13313,Whitfield County,GA,15.5,63111.0,103687,44.337284326868364,4.453788806697078,37.5456903951315,0,0,0.0
13315,Wilcox County,GA,28.4,45726.0,8779,41.09807495158901,35.02676842464973,3.952614192960474,0,0,0.0
13317,Wilkes County,GA,17.8,48635.0,9518,48.05631435175457,39.99789871821811,5.053582685438117,0,0,0.0
13319,Wilkinson County,GA,20.6,51498.0,8725,42.72779369627507,36.939828080229226,3.3008595988538683,0,0,0.0
13321,Worth County,GA,21.4,50830.0,20273,33.73452375080156,28.67360528782124,2.732698663246683,0,0,0.0
15001,Hawaii County,HI,16.5,73092.0,207615,68.96611516508922,0.9599499072803025,11.879681140572695,11,1,5.298268429545071
15003,Honolulu County,HI,9.1,102382.0,989408,82.46769785568743,2.769029561111291,9.602812995245642,4,1,0.40428215660273614
15007,Kauai County,HI,9.4,90084.0,73851,70.84535077385546,0.7650539600005416,10.622740382662387,1,1,1.3540778053106932
15009,Maui County,HI,9.4,83764.0,164183,69.91101392957859,0.8788973279815815,10.703300585322475,3,1,1.8272293721030801
16001,Ada County,ID,8.0,90513.0,524673,17.791271896972017,1.4624346974210602,10.087235287502883,3,1,0.5717847116203807
16003,Adams County,ID,12.2,59829.0,4903,11.584744034264737,0.34672649398327554,5.425249847032429,0,0,0.0
16005,Bannock County,ID,11.9,67371.0,90400,18.13163716814159,1.0685840707964602,10.133849557522124,3,1,3.3185840707964602
16007,Bear Lake County,ID,10.1,67519.0,6766,7.049955660656226,0.4286136565178835,4.064439846290275,0,0,0.0
16009,Benewah County,ID,13.0,60872.0,10369,15.141286527148235,0.6268685504870286,3.9540939338412575,1,1,9.644131545954286
16011,Bingham County,ID,11.1,73409.0,50395,25.321956543307866,0.7242782022025994,17.843039984125408,0,0,0.0
16013,Blaine County,ID,6.9,94471.0,25041,25.042929595463438,0.638952118525618,22.1037498502456,1,1,3.993450740785112
16015,Boise County,ID,10.1,74433.0,8517,11.447692849594926,0.998003992015968,5.330515439708818,2,1,23.482446870963955
16017,Bonner County,ID,10.5,68030.0,52547,8.544731383333016,0.3729994100519535,4.13153938378975,2,1,3.806116429101566
16019,Bonneville County,ID,10.2,74948.0,131366,18.976751975396976,0.7871138650792443,14.662089125039964,1,1,0.7612319778329247
16021,Boundary County,ID,11.5,65044.0,13557,12.01593272847975,0.7081212657667626,5.576454967913255,1,1,7.376263185070443
16023,Butte County,ID,14.6,57678.0,2758,11.203770848440897,0.5076142131979695,7.4691805656272665,1,1,36.25815808556925
16025,Camas County,ID,8.2,72175.0,1232,13.311688311688307,0.40584415584415584,8.522727272727273,0,0,0.0
16027,Canyon County,ID,10.1,72059.0,257674,30.976738048852425,1.0404619790898577,26.011549477246444,2,1,0.7761745461319342
16029,Caribou County,ID,9.7,70183.0,7219,8.588447153345335,0.3463083529574733,5.8872420002770465,1,1,13.852334118298932
16031,Cassia County,ID,11.5,68267.0,25696,33.125778331257784,0.9067559153175592,30.070828144458282,0,0,0.0
16033,Clark County,ID,15.3,55625.0,801,41.4481897627965,2.871410736579276,35.2059925093633,0,0,0.0
16035,Clearwater County,ID,14.5,58757.0,9214,11.276318645539396,0.6945951812459301,4.9272845669633165,0,0,0.0
16037,Custer County,ID,14.6,58294.0,4523,8.666814061463635,0.574839708158302,4.687154543444616,1,1,22.10921954455008
16039,Elmore County,ID,11.8,64247.0,29724,28.485399004171708,2.950477728434935,18.318530480419863,0,0,0.0
16041,Franklin County,ID,7.1,80768.0,15494,10.010326578030204,0.45824190009035753,7.583580740931974,1,1,6.454111268878275
16043,Fremont County,ID,11.2,72061.0,14196,15.595942519019445,0.8805297266835729,12.665539588616511,0,0,0.0
16045,Gem County,ID,10.9,62479.0,21071,14.34198661667695,0.4461107683546106,9.90460822931992,0,0,0.0
16047,Gooding County,ID,12.8,65662.0,16061,34.80480667455327,0.6537575493431294,31.417719942718385,0,0,0.0
16049,Idaho County,ID,13.7,57210.0,17890,10.089435438792627,0.5925097820011179,4.013415315818893,3,1,16.769144773616546
16051,Jefferson County,ID,7.8,81566.0,34198,13.886777004503193,0.4444704368676531,11.199485350020469,0,0,0.0
16053,Jerome County,ID,12.3,62543.0,25479,42.203383178303696,0.7496369559244869,39.58554103379254,0,0,0.0
16055,Kootenai County,ID,9.3,75235.0,185010,11.063726285065666,0.519971893411167,5.892113939787039,1,1,0.5405113237122318
16057,Latah County,ID,14.3,63916.0,41301,12.096559405341278,0.8522796058206823,5.096728892762887,1,1,2.421248880172393
16059,Lemhi County,ID,13.0,57562.0,8441,7.522805354815776,0.509418315365478,4.3004383366899654,1,1,11.846937566639024
16061,Lewis County,ID,13.5,53212.0,3739,16.261032361594008,0.8558438085049479,4.145493447445841,0,0,0.0
16063,Lincoln County,ID,12.1,65511.0,5450,35.834862385321095,0.6422018348623854,32.18348623853211,0,0,0.0
16065,Madison County,ID,20.6,58236.0,54547,15.247401323629163,1.1146350853392488,9.721891213082296,0,0,0.0
16067,Minidoka County,ID,11.2,68029.0,22480,40.13790035587189,0.8807829181494662,37.170818505338076,0,0,0.0
16069,Nez Perce County,ID,11.0,70340.0,42987,13.736711098704257,0.6211180124223602,4.617675111080094,2,1,4.652569381440901
16071,Oneida County,ID,10.0,67137.0,4953,7.429840500706641,0.6258833030486574,4.260044417524733,0,0,0.0
16073,Owyhee County,ID,11.8,60701.0,12722,29.955981763873606,1.0611539066184563,24.909605407954725,0,0,0.0
16075,Payette County,ID,11.2,67532.0,27279,22.852743868910153,0.6011950584698853,18.197147989295797,0,0,0.0
16077,Power County,ID,12.4,68403.0,8253,39.052465770023026,1.1510965709438992,34.21786017205864,0,0,0.0
16079,Shoshone County,ID,15.7,59937.0,14026,9.810352203051476,0.805646656209896,4.334806787394839,1,1,7.129616426636248
16081,Teton County,ID,6.6,94895.0,12549,19.698780779344972,0.6375009960953064,17.07705793290302,0,0,0.0
16083,Twin Falls County,ID,10.5,66664.0,95156,23.211358190760436,1.0488040691075706,18.33830762116945,2,1,2.101811761738619
16085,Valley County,ID,7.8,84024.0,12644,8.929136349256561,0.5615311610249921,5.370136032900981,1,1,7.908889591901297
16087,Washington County,ID,13.5,57369.0,11425,21.04157549234136,0.9102844638949672,16.288840262582056,0,0,0.0
17001,Adams County,IL,12.2,63424.0,64441,9.523440045933484,4.197638149625239,2.1089058208283546,1,1,1.5518070793438958
17003,Alexander County,IL,25.8,45550.0,4695,37.316293929712465,31.67199148029819,2.3216187433439828,0,0,0.0
17005,Bond County,IL,13.6,66162.0,16450,13.422492401215802,6.723404255319149,3.9088145896656536,0,0,0.0
17007,Boone County,IL,10.8,83129.0,53202,32.021352580730046,3.1934889665802038,26.331716852749896,0,0,0.0
17009,Brown County,IL,13.7,76076.0,6294,25.182713695583093,19.081665077851923,5.243088655862726,0,0,0.0
17011,Bureau County,IL,11.4,66854.0,32729,14.201472700051943,1.3963151944758472,10.614439793455345,0,0,0.0
17013,Calhoun County,IL,9.9,72574.0,4317,4.424368774611997,0.857076673615937,2.061616863562659,0,0,0.0
17015,Carroll County,IL,12.9,61982.0,15526,11.554811284297307,3.986860749710164,5.5841813731804715,0,0,0.0
17017,Cass County,IL,11.6,64413.0,12596,30.049221975230232,5.684344236265481,23.213718640838362,0,0,0.0
17019,Champaign County,IL,16.2,62169.0,205644,36.28454999902745,14.606309933671783,8.207873801326564,3,1,1.4588317675205698
17021,Christian County,IL,12.1,72650.0,33228,8.179848320693395,2.7777777777777777,3.346575177561093,0,0,0.0
17023,Clark County,IL,12.0,66923.0,15088,4.646076352067874,1.0935843054082715,1.835896076352068,1,1,6.6277836691410394
17025,Clay County,IL,14.9,54837.0,12999,5.177321332410189,0.7462112470190014,2.2540195399646126,0,0,0.0
17027,Clinton County,IL,7.5,88977.0,36785,9.656109827375293,3.4552127225771376,4.2272665488650265,0,0,0.0
17029,Coles County,IL,17.3,57728.0,46060,11.161528441163703,4.283543204515849,3.9122883195831526,0,0,0.0
17031,Cook County,IL,13.2,80547.0,5087072,59.35671836372671,23.31620232621044,26.964941718929868,19,1,0.3734957948305037
17033,Crawford County,IL,14.2,64168.0,18300,9.770491803278691,4.983606557377049,2.7759562841530054,0,0,0.0
17035,Cumberland County,IL,11.2,71741.0,10261,4.356300555501413,0.7309229119968814,1.383880713380762,0,0,0.0
17037,DeKalb County,IL,12.5,69439.0,100288,28.72826260370134,9.340100510529675,14.923021697511167,0,0,0.0
17039,De Witt County,IL,10.8,74553.0,15365,7.1396029938171175,1.269118125610153,3.5470224536283763,0,0,0.0
17041,Douglas County,IL,9.0,82895.0,19629,11.854908553670585,1.074940139589383,8.635182637933669,0,0,0.0
17043,DuPage County,IL,6.6,107032.0,921213,36.94455028315927,5.580576913265444,16.29156340607438,2,1,0.21710505605109784
17045,Edgar County,IL,13.6,59330.0,16334,4.334516958491486,0.9244520631810946,1.720337945389984,0,0,0.0
17047,Edwards County,IL,13.9,59867.0,5968,4.75871313672922,0.6367292225201072,1.5583109919571045,0,0,0.0
17049,Effingham County,IL,9.8,72158.0,34331,5.181905566397715,0.7049022749118872,2.7293117007951997,1,1,2.9128193178177155
17051,Fayette County,IL,17.0,61952.0,21164,11.491211491211494,6.9835569835569835,3.0098280098280097,0,0,0.0
17053,Ford County,IL,11.0,71110.0,13250,9.449056603773586,1.6150943396226416,5.441509433962264,0,0,0.0
17055,Franklin County,IL,17.9,52533.0,37138,5.067585761214932,0.8320318810921428,2.1702838063439067,0,0,0.0
17057,Fulton County,IL,11.8,62914.0,32541,8.118988353154478,3.927353185212501,2.5967241326326786,0,0,0.0
17059,Gallatin County,IL,17.5,56852.0,4670,5.139186295503217,1.113490364025696,1.6274089935760172,0,0,0.0
17061,Greene County,IL,13.8,59146.0,11543,3.11877328250888,0.77969332062722,1.013601316815386,0,0,0.0
17063,Grundy County,IL,6.8,91254.0,53578,17.174959871589092,2.6503415581022063,12.400612191571167,0,0,0.0
17065,Hamilton County,IL,11.3,65472.0,7911,4.727594488686638,0.8469220073315636,1.5927189988623436,1,1,12.640626975097964
17067,Hancock County,IL,13.0,63408.0,17186,5.469568253229373,1.1171884091702549,2.6009542650994995,0,0,0.0
17069,Hardin County,IL,19.2,51216.0,3569,6.7806108153544375,1.625105071448585,1.933314653964696,0,0,0.0
17071,Henderson County,IL,13.2,62610.0,6088,5.4697766097240414,0.7720105124835742,2.2339027595269383,0,0,0.0
17073,Henry County,IL,9.6,73198.0,48448,11.288391677675037,2.080581241743725,7.193279392338177,0,0,0.0
17075,Iroquois County,IL,12.3,64995.0,26136,12.067646158555245,1.4692378328741964,8.509335782063054,0,0,0.0
17077,Jackson County,IL,20.7,48289.0,52141,27.308643869507677,15.592336165397672,5.272242573023148,0,0,0.0
17079,Jasper County,IL,9.4,69924.0,9144,3.3027121609798815,0.6014873140857393,1.4435695538057742,0,0,0.0
17081,Jefferson County,IL,15.4,60543.0,36320,14.702643171806162,8.433370044052863,3.001101321585903,0,0,0.0
17083,Jersey County,IL,10.8,70158.0,21091,5.281873785026791,0.9245649803233607,1.6499928879616899,1,1,4.741358873453132
17085,Jo Daviess County,IL,8.6,74426.0,21756,7.450818165103879,1.0158117300974443,4.33443647729362,1,1,4.596433167861739
17087,Johnson County,IL,15.2,63160.0,13326,18.59522737505628,12.974636049827405,4.457451598379109,0,0,0.0
17089,Kane County,IL,8.4,97543.0,514982,45.071478226423444,5.99613190363935,33.49126765595691,4,1,0.7767261768372486
17091,Kankakee County,IL,11.5,68451.0,105940,30.890126486690583,15.230319048518028,12.998867283367945,0,0,0.0
17093,Kendall County,IL,5.1,114606.0,139976,38.203692061496255,9.430188032234097,23.137537863633767,0,0,0.0
17095,Knox County,IL,16.3,57569.0,48411,18.822168515420046,8.789324740244986,6.546032926401025,0,0,0.0
17097,Lake County,IL,8.2,108349.0,708760,43.13364185337774,7.616682657034821,25.131497262825217,1,1,0.14109148371804278
17099,La Salle County,IL,11.6,72225.0,108309,16.721602082929397,2.9462002234348024,11.480117072450119,1,1,0.9232843069366349
17101,Lawrence County,IL,18.3,55411.0,14813,15.763180989671232,10.254506177006684,3.901977992304057,0,0,0.0
17103,Lee County,IL,10.1,66598.0,33654,15.813870565163135,5.788316396267903,7.770250193141974,0,0,0.0
17105,Livingston County,IL,11.1,68544.0,35320,12.171574178935451,3.9552661381653453,6.0928652321630805,0,0,0.0
17107,Logan County,IL,14.4,64779.0,27590,13.577383109822394,7.6730699528814785,3.635375135918811,0,0,0.0
17109,McDonough County,IL,19.9,50487.0,26839,14.065352658444796,6.263273594396215,3.606691754536309,0,0,0.0
17111,McHenry County,IL,6.3,101205.0,312800,23.092391304347824,2.0434782608695654,16.44341432225064,1,1,0.319693094629156
17113,McLean County,IL,11.0,79622.0,170441,23.22328547708591,9.183823141145616,6.567081864105468,1,1,0.5867132908161768
17115,Macon County,IL,15.7,61033.0,100591,26.372140648765797,18.61896193496436,2.9595093000367827,3,1,2.9823741686632004
17117,Macoupin County,IL,13.0,70256.0,44018,4.7094370484801695,1.3017401971920577,1.4289608796401472,1,1,2.2717979008587394
17119,Madison County,IL,11.1,73194.0,262752,17.497488125685056,9.726662404092071,4.404533552551455,6,1,2.2835221044939713
17121,Marion County,IL,16.0,54774.0,36673,9.680146156572956,4.515583671911215,2.3505030949199686,0,0,0.0
17123,Marshall County,IL,10.2,70246.0,11683,6.99306684926817,1.078490113840623,3.9116665240092443,0,0,0.0
17125,Mason County,IL,14.9,62146.0,12523,4.8790225984189135,0.7905453964704943,1.6449732492214326,0,0,0.0
17127,Massac County,IL,17.7,58202.0,13661,12.890710782519577,6.690579020569505,2.9060830100285484,0,0,0.0
17129,Menard County,IL,10.3,80964.0,11954,5.32876024761586,1.2380793039986615,1.740003346160281,0,0,0.0
17131,Mercer County,IL,9.8,77098.0,15487,6.631368244333958,0.9298121004713631,3.7902757151159037,0,0,0.0
17133,Monroe County,IL,4.9,103032.0,34957,4.508396029407558,0.6836971135967045,2.0110421374831935,1,1,2.8606573790657093
17135,Montgomery County,IL,14.7,60599.0,27663,7.819108556555687,3.8535227560279073,2.2448758269168203,0,0,0.0
17137,Morgan County,IL,13.9,64268.0,32140,12.675793403858115,6.537025513378967,3.0398257622899814,0,0,0.0
17139,Moultrie County,IL,11.0,72928.0,14342,4.357830149212106,1.0110165946172083,1.7919397573560172,0,0,0.0
17141,Ogle County,IL,9.2,78109.0,51265,15.515458890080946,1.4805422803082025,12.119379693748172,0,0,0.0
17143,Peoria County,IL,16.8,62873.0,177513,32.889985522187104,19.51406375871063,6.153915487879761,3,1,1.6900170691723986
17145,Perry County,IL,17.0,62830.0,20503,14.74418377798371,8.462176266887772,3.809198653855533,0,0,0.0
17147,Piatt County,IL,6.8,81611.0,16714,4.69666148139285,0.9752303458178773,1.5675481632164652,0,0,0.0
17149,Pike County,IL,15.0,58733.0,14342,4.783154371775211,1.0807418770046018,2.2312090363965975,0,0,0.0
17151,Pope County,IL,16.1,58093.0,3707,8.227677367143238,3.264094955489614,1.834367413002428,0,0,0.0
17153,Pulaski County,IL,22.4,50863.0,4911,37.67053553247811,29.87171655467318,4.052127876196294,0,0,0.0
17155,Putnam County,IL,8.8,75469.0,5561,9.171012407840317,0.7732422226218306,6.671461967272073,0,0,0.0
17157,Randolph County,IL,11.8,70526.0,29815,14.371960422606067,8.324668790877075,3.981217507965789,1,1,3.3540164346805295
17159,Richland County,IL,13.1,57119.0,15488,5.539772727272729,1.0524276859504131,2.059659090909091,0,0,0.0
17161,Rock Island County,IL,14.8,63457.0,141236,31.89342660511484,12.404769322269109,14.449573763063242,1,1,0.7080347786683282
17163,St. Clair County,IL,13.4,66007.0,251018,39.91187882940665,30.56075659912835,5.174130938817137,1,1,0.39837780557569574
17165,Saline County,IL,18.5,53318.0,22873,8.494731779827747,3.2352555414681063,2.251562978183885,0,0,0.0
17167,Sangamon County,IL,11.9,73004.0,193491,22.11524050214222,14.057501382493243,3.0120263991606846,2,1,1.0336398075362678
17169,Schuyler County,IL,13.7,64444.0,6733,9.683647705331943,5.450764889350958,3.044705183424922,0,0,0.0
17171,Scott County,IL,11.4,67157.0,4710,4.331210191082802,0.8704883227176221,1.2951167728237791,0,0,0.0
17173,Shelby County,IL,10.6,68618.0,20568,3.6318553092182015,0.661221314663555,1.337028393621159,0,0,0.0
17175,Stark County,IL,11.3,69523.0,5218,6.765044078190874,1.4948256036795706,3.027980068991951,0,0,0.0
17177,Stephenson County,IL,12.7,64926.0,43105,20.102076325252295,10.233151606542165,5.874028534972741,0,0,0.0
17179,Tazewell County,IL,8.9,73659.0,129541,7.202352923012789,1.739989655784655,2.8191846596830348,1,1,0.7719563690260227
17181,Union County,IL,15.9,64452.0,16667,10.241795164096724,2.237955240895182,5.393892122157557,0,0,0.0
17183,Vermilion County,IL,19.5,51813.0,71652,23.227544241612243,14.39317813878189,5.791882990007258,0,0,0.0
17185,Wabash County,IL,14.4,64466.0,10942,6.433924328276364,1.3617254615244014,2.0106013525863644,1,1,9.139097057210748
17187,Warren County,IL,12.1,64493.0,16185,18.350324374420758,3.2437442075996294,11.090515909793018,0,0,0.0
17189,Washington County,IL,8.7,74848.0,13536,4.831560283687941,1.4110520094562649,1.6252955082742317,0,0,0.0
17191,Wayne County,IL,12.7,56071.0,15761,4.872787259691647,0.9390267115030773,2.2333608273586703,0,0,0.0
17193,White County,IL,14.9,56768.0,13401,4.395194388478474,0.7835236176404746,1.7386762181926723,0,0,0.0
17195,Whiteside County,IL,11.4,68641.0,54498,17.415317993320855,2.018422694410804,13.477558809497596,0,0,0.0
17197,Will County,IL,7.2,103587.0,700728,41.08584215273259,12.933549108926716,20.15618042949618,2,1,0.2854174515646585
17199,Williamson County,IL,16.8,60704.0,66706,11.872994932989533,5.2379096333163435,3.0042275057715946,0,0,0.0
17201,Winnebago County,IL,14.7,65795.0,280922,35.6469055467354,14.416101266543738,16.052142587622185,2,1,0.7119413929845295
17203,Woodford County,IL,6.9,90169.0,38285,5.47472900613818,0.9115841713464804,2.1627269165469505,0,0,0.0
18001,Adams County,IN,11.4,66567.0,36288,7.200727513227512,0.8349867724867724,4.872134038800706,0,0,0.0
18003,Allen County,IN,13.0,66194.0,394545,29.552269069434413,11.995082943643943,9.203766363786134,2,1,0.5069130263974958
18005,Bartholomew County,IN,10.0,79870.0,84003,21.32304798638144,2.782043498446484,9.529421568277323,2,1,2.380867349975596
18007,Benton County,IN,9.9,64671.0,8729,10.459388246076296,1.237255126589529,7.125673043876732,0,0,0.0
18009,Blackford County,IN,15.7,51799.0,11893,6.592113007651557,1.1267131926343228,2.614983603800555,0,0,0.0
18011,Boone County,IN,4.7,103970.0,76120,14.084340514976358,3.501050972149238,4.437729900157646,1,1,1.3137151865475565
18013,Brown County,IN,9.9,72141.0,15653,5.359994889158626,0.9710598607295726,1.9740624800357758,1,1,6.388551715326136
18015,Carroll County,IN,9.2,71740.0,20525,6.947624847746647,1.0475030450669915,4.672350791717418,1,1,4.8721071863581
18017,Cass County,IN,13.1,54436.0,37666,24.80486380289917,2.7372165879042107,18.868475548239793,0,0,0.0
18019,Clark County,IN,9.4,71718.0,125467,19.758980449042372,8.775215793794384,6.9978560099468385,3,1,2.391066973785936
18021,Clay County,IN,12.6,62834.0,26460,5.052910052910054,0.9674981103552532,2.071050642479214,0,0,0.0
18023,Clinton County,IN,11.4,66119.0,32730,22.389245340666054,1.0357470210815765,19.801405438435687,0,0,0.0
18025,Crawford County,IN,17.7,56019.0,10438,4.617742862617358,0.8334930063230503,1.753209427093313,0,0,0.0
18027,Daviess County,IN,10.6,76778.0,33656,10.978725932968858,2.4483004516282385,6.608034228666508,0,0,0.0
18029,Dearborn County,IN,7.9,82578.0,51215,4.455725861563997,0.8727911744606073,1.624524065215269,0,0,0.0
18031,Decatur County,IN,10.6,71150.0,26399,6.09492783817569,0.840940944732755,2.5834311905754004,0,0,0.0
18033,De Kalb County,IN,11.3,68933.0,44198,5.950495497533826,0.7760532150776053,3.224127788587719,0,0,0.0
18035,Delaware County,IN,19.4,55704.0,112321,14.881455827494417,7.51061689265587,3.3172781581360566,3,1,2.670916391413894
18037,Dubois County,IN,7.7,74001.0,43546,12.623432691866077,1.0517613558076517,10.170853809764386,1,1,2.2964221742525144
18039,Elkhart County,IN,11.7,69262.0,206409,29.37904839420762,5.978421483559341,20.382347668948544,2,1,0.9689499973353874
18041,Fayette County,IN,16.1,60483.0,23362,4.828353736837599,1.429672117113261,1.549524869446109,0,0,0.0
18043,Floyd County,IN,10.2,79008.0,80809,14.068977465381327,5.76420943211771,4.407924859854719,1,1,1.2374859235976192
18045,Fountain County,IN,10.6,63747.0,16731,6.150259996413842,0.9204470742932281,3.209610901918594,0,0,0.0
18047,Franklin County,IN,8.8,77456.0,23096,3.50277104260478,0.47194319362660203,1.2599584343609282,0,0,0.0
18049,Fulton County,IN,11.0,60258.0,20358,8.694370763336279,0.9234698889871303,5.5359072600451915,0,0,0.0
18051,Gibson County,IN,11.0,67497.0,32904,8.278628738147342,2.6227814247507903,2.5042548018477997,1,1,3.039144176999757
18053,Grant County,IN,20.0,53872.0,66200,17.220543806646525,7.95619335347432,5.737160120845921,0,0,0.0
18055,Greene County,IN,11.9,59626.0,31196,4.590332093858185,0.42954224900628285,2.2374663418386973,1,1,3.205539171688678
18057,Hamilton County,IN,4.8,121231.0,371645,20.50370649410055,5.277886154798262,5.738809885778094,3,1,0.8072219456739631
18059,Hancock County,IN,5.7,94581.0,86166,12.276303878559991,4.941624306571037,3.8681150337720216,0,0,0.0
18061,Harrison County,IN,8.6,75443.0,40006,5.691646253062044,0.9598560215967605,2.4496325551167324,0,0,0.0
18063,Hendricks County,IN,5.6,95323.0,186387,23.438866444548168,12.299141034514209,5.454779571536641,1,1,0.5365181048034466
18065,Henry County,IN,12.7,62048.0,48929,7.490445339164909,2.9287334709476998,2.3891761532015776,1,1,2.0437777187353103
18067,Howard County,IN,12.7,61548.0,83831,17.018763941739934,8.36206176712672,4.26095358518925,1,1,1.1928761436700028
18069,Huntington County,IN,8.9,67462.0,36781,6.574046382643218,1.0304233163861776,3.2353660857507953,0,0,0.0
18071,Jackson County,IN,10.1,69753.0,46460,19.995695221696085,1.5927679724494188,14.479121825226,0,0,0.0
18073,Jasper County,IN,8.7,75027.0,33535,10.159534814373039,0.7991650514387952,7.702400477113463,0,0,0.0
18075,Jay County,IN,13.4,61030.0,20032,7.008785942492013,0.6589456869009584,4.497803514376997,0,0,0.0
18077,Jefferson County,IN,12.1,62153.0,33056,8.1709825750242,2.1236689254598256,3.5424733785091966,0,0,0.0
18079,Jennings County,IN,13.4,61695.0,27622,6.556368112374189,0.8833538483817247,3.5551372094707117,0,0,0.0
18081,Johnson County,IN,7.2,91676.0,167819,16.3646547768727,3.7808591399066853,4.398190908061662,0,0,0.0
18083,Knox County,IN,15.7,57242.0,36070,9.451067369004718,3.329636817299695,3.1078458552813975,1,1,2.772387025228722
18085,Kosciusko County,IN,9.4,72726.0,80364,13.929122492658408,1.2829127470011448,9.85764770295157,0,0,0.0
18087,Lagrange County,IN,8.4,81738.0,40907,6.380326105556511,0.5891412227736085,4.620236145402988,0,0,0.0
18089,Lake County,IN,14.3,69182.0,500598,48.096276852883946,24.588791805001218,21.265965904777886,10,1,1.9976108574145321
18091,La Porte County,IN,14.3,64204.0,111706,22.268275652158344,11.430003759869658,7.799939125919825,3,1,2.685621184179901
18093,Lawrence County,IN,12.1,64958.0,45084,5.046136101499421,0.643243722828498,2.0960873036997603,0,0,0.0
18095,Madison County,IN,13.0,62000.0,132504,17.372305741713458,8.852562941496105,5.688884863853167,1,1,0.7546941979110064
18097,Marion County,IN,15.6,66653.0,968460,50.14435289015551,29.898705160770707,13.864072857939409,9,1,0.9293104516448796
18099,Marshall County,IN,10.6,70390.0,46352,15.07378322402485,1.0161373835001726,12.074991370383154,0,0,0.0
18101,Martin County,IN,13.2,60862.0,9897,4.142669495806805,0.6062443164595331,1.606547438617763,0,0,0.0
18103,Miami County,IN,15.2,59297.0,35402,12.267668493305461,5.242641658663352,3.906558951471668,0,0,0.0
18105,Monroe County,IN,17.7,60553.0,139342,18.532100874108302,4.0066885791792854,4.938209585049734,1,1,0.7176587102237659
18107,Montgomery County,IN,10.9,69928.0,38573,9.921447644725589,1.293650999403728,6.343815622326498,0,0,0.0
18109,Morgan County,IN,9.8,74193.0,73227,5.955453589522985,1.4298004834282436,2.333838611441135,0,0,0.0
18111,Newton County,IN,10.2,70836.0,13960,11.611747851002862,1.2464183381088825,8.488538681948423,0,0,0.0
18113,Noble County,IN,10.6,66072.0,47430,14.573055028463,1.1849040691545436,11.589711153278516,0,0,0.0
18115,Ohio County,IN,9.2,70757.0,6004,4.313790806129248,0.9327115256495669,1.5656229180546302,0,0,0.0
18117,Orange County,IN,13.7,59750.0,19638,5.749057948874636,1.6600468479478563,1.9095630919645585,0,0,0.0
18119,Owen County,IN,12.5,62247.0,21532,4.81608768344789,0.7802340702210663,1.676574400891696,0,0,0.0
18121,Parke County,IN,15.2,70989.0,16484,5.490172288279549,2.1172045619995146,1.6864838631400145,0,0,0.0
18123,Perry County,IN,14.3,63098.0,19209,7.277838513196944,3.274506741631527,1.7335623926284554,1,1,5.205893070956322
18125,Pike County,IN,10.8,66716.0,12106,4.336692549149179,0.8838592433504048,1.7264166528993887,0,0,0.0
18127,Porter County,IN,9.3,79398.0,175335,19.956654404425812,5.158696210112071,11.979353808423875,6,1,3.4220207032252548
18129,Posey County,IN,9.3,76228.0,25040,4.972044728434499,1.2340255591054312,1.5854632587859425,1,1,3.993610223642172
18131,Pulaski County,IN,11.3,70303.0,12385,8.025837706903516,0.9608397254743641,4.529672991522002,0,0,0.0
18133,Putnam County,IN,10.8,73137.0,37567,9.117044214337056,3.734660739478798,2.369100540367876,0,0,0.0
18135,Randolph County,IN,14.6,58725.0,24216,8.345721836802111,0.8589362405021473,5.438553022794847,0,0,0.0
18137,Ripley County,IN,10.3,66942.0,29227,4.796934341533509,0.5953399254114347,2.0802682451158176,0,0,0.0
18139,Rush County,IN,10.8,65326.0,16847,5.0038582536950145,1.1040541342672285,1.970677271917849,0,0,0.0
18141,St. Joseph County,IN,14.2,65977.0,272848,30.42463202955492,13.979944877734123,10.8510965812467,3,1,1.099513282120448
18143,Scott County,IN,14.5,62584.0,24657,5.661678225250433,0.7543496775763475,2.7983939652025795,0,0,0.0
18145,Shelby County,IN,11.2,71548.0,45231,10.006411531913951,1.7178483783246004,5.735004753377108,1,1,2.2108730737768347
18147,Spencer County,IN,8.7,77467.0,19910,6.484178804620788,1.0949271722752385,3.6916122551481667,2,1,10.045203415369162
18149,Starke County,IN,13.1,61259.0,23206,6.864603981728868,0.6894768594329053,4.391105748513316,0,0,0.0
18151,Steuben County,IN,10.2,71355.0,34917,7.712575536271727,1.0711114929690408,4.513560729730504,0,0,0.0
18153,Sullivan County,IN,15.6,59148.0,20757,8.869297104591222,5.116346292816881,1.970419617478441,0,0,0.0
18155,Switzerland County,IN,12.8,60219.0,10019,4.641181754666135,1.1977243237848088,1.626908873141032,0,0,0.0
18157,Tippecanoe County,IN,17.1,61681.0,188792,27.525530742828085,6.670303826433323,10.432645451078436,1,1,0.5296834611636086
18159,Tipton County,IN,9.0,76188.0,15256,6.5941269008914505,0.9307813319349764,3.4412690089145253,0,0,0.0
18161,Union County,IN,11.2,64648.0,6973,4.976337301018208,1.2333285529901048,1.376738849849419,0,0,0.0
18163,Vanderburgh County,IN,13.8,60923.0,179810,19.070129581224627,10.520549468883821,3.8985595906790502,5,1,2.7807129748067405
18165,Vermillion County,IN,12.5,58743.0,15417,4.443147175196216,0.7913342414218071,1.6540182914964001,0,0,0.0
18167,Vigo County,IN,20.2,50665.0,106153,15.172439780317093,6.957881548331183,3.271692745376956,3,1,2.82610948348139
18169,Wabash County,IN,11.8,60668.0,30670,6.775350505379851,1.0694489729377241,3.2735572220410827,1,1,3.260515161395501
18171,Warren County,IN,9.6,74750.0,8518,5.0833528997417226,0.4578539563277765,2.3831885419112466,0,0,0.0
18173,Warrick County,IN,8.3,87293.0,65867,9.42049888411496,2.198369441450195,2.544521535822187,2,1,3.0364218804560705
18175,Washington County,IN,13.0,55682.0,28205,4.183655380251727,0.7480943095195888,1.6380074454883886,0,0,0.0
18177,Wayne County,IN,17.3,52956.0,66127,13.678225233263264,5.209672297246208,4.027099369395255,0,0,0.0
18179,Wells County,IN,8.6,69833.0,28555,7.315706531255472,1.2397128348800561,4.13938014358256,0,0,0.0
18181,White County,IN,10.8,67077.0,24917,13.669382349400006,1.5371031825661194,10.908215274712044,0,0,0.0
18183,Whitley County,IN,8.5,76326.0,34742,5.920787519428938,0.7109550400092107,2.9503194980139313,1,1,2.87836048586725
19001,Adair County,IA,9.8,67873.0,7389,6.4555420219244875,1.0826904858573556,3.342806875084585,0,0,0.0
19003,Adams County,IA,11.6,63399.0,3544,4.853273137697522,1.0158013544018059,1.7494356659142212,0,0,0.0
19005,Allamakee County,IA,11.1,65586.0,14074,12.668750888162572,1.811851641324428,9.272417223248544,0,0,0.0
19007,Appanoose County,IA,16.1,54629.0,12119,5.693539070880438,0.8746596253816321,2.2444096047528674,0,0,0.0
19009,Audubon County,IA,10.2,64977.0,5534,5.330683050234908,0.849295265630647,2.7827972533429706,0,0,0.0
19011,Benton County,IA,8.0,86364.0,25796,5.06280043417584,0.9962784927895798,2.0196929756551403,0,0,0.0
19013,Black Hawk County,IA,14.2,61558.0,130471,21.28059108920757,9.855830031194671,5.319189704991914,1,1,0.7664538479815438
19015,Boone County,IA,8.2,77381.0,26590,6.415945844302373,1.2636329447160586,3.0989093644227155,0,0,0.0
19017,Bremer County,IA,7.8,79410.0,25307,6.215671553325164,1.4659975500849567,2.062670407397163,1,1,3.9514758762397753
19019,Buchanan County,IA,8.8,80402.0,20691,4.775022956841135,0.9714368566043207,1.9525397515828138,0,0,0.0
19021,Buena Vista County,IA,12.2,65671.0,20567,47.82904653085039,4.234939466135071,29.557057422083922,0,0,0.0
19023,Butler County,IA,7.9,73033.0,14172,5.101608806096525,0.48687552921253174,1.9616144510302005,0,0,0.0
19025,Calhoun County,IA,11.6,63597.0,9763,7.7640069650722126,2.8269998975724673,2.8269998975724673,0,0,0.0
19027,Carroll County,IA,9.3,61806.0,20522,6.85605691453075,1.4618458239937628,3.7325796705974077,0,0,0.0
19029,Cass County,IA,14.8,59509.0,13130,6.473724295506478,0.6473724295506473,2.696115765422696,0,0,0.0
19031,Cedar County,IA,7.9,77777.0,18302,5.884602775652937,1.0162823735110917,2.7374057480056826,0,0,0.0
19033,Cerro Gordo County,IA,10.7,63161.0,42406,11.625713342451538,2.216667452718955,5.727963024100363,1,1,2.358156864594633
19035,Cherokee County,IA,9.9,70197.0,11605,9.271865575183114,1.4907367514002585,5.333907798362775,0,0,0.0
19037,Chickasaw County,IA,8.8,73547.0,11658,6.459083890890371,1.3981815062617944,4.443300737690856,0,0,0.0
19039,Clarke County,IA,10.5,65162.0,9588,21.3183145598665,1.5644555694618272,17.229870671672924,0,0,0.0
19041,Clay County,IA,10.5,72021.0,16511,8.321724910665617,1.156804554539398,4.936103203924656,0,0,0.0
19043,Clayton County,IA,10.5,65814.0,16969,4.696800047144789,0.7896752902351346,2.339560374801108,0,0,0.0
19045,Clinton County,IA,13.3,67095.0,46158,10.277741669916374,3.269205771480567,3.747996013692101,2,1,4.332943368430175
19047,Crawford County,IA,11.2,64170.0,16013,37.69437332167613,3.2536064447636295,31.043527134203458,0,0,0.0
19049,Dallas County,IA,6.0,102189.0,111092,17.68084110467001,3.870665754509776,6.977100061210528,0,0,0.0
19051,Davis County,IA,11.6,66410.0,9169,4.711527974697349,0.23993892463736505,2.573890282473552,0,0,0.0
19053,Decatur County,IA,18.3,54409.0,7665,8.532289628180035,2.1135029354207435,3.835616438356164,0,0,0.0
19055,Delaware County,IA,8.7,69339.0,17600,4.079545454545452,1.0625,1.7727272727272727,0,0,0.0
19057,Des Moines County,IA,14.3,60599.0,38253,14.608004600946334,6.600789480563616,3.84806420411471,0,0,0.0
19059,Dickinson County,IA,7.9,80922.0,18056,6.2306158617634,0.9138236597252991,2.879929109437306,0,0,0.0
19061,Dubuque County,IA,9.6,72749.0,98887,11.126841748662619,3.82861245664243,3.363435031905104,0,0,0.0
19063,Emmet County,IA,9.8,61500.0,9229,13.869324953949501,1.430274135876043,10.282804204139127,0,0,0.0
19065,Fayette County,IA,13.9,62103.0,19210,7.595002602811041,1.5877147319104632,3.2118688183237896,0,0,0.0
19067,Floyd County,IA,11.5,67582.0,15326,9.617643220670757,2.622993605637479,3.973639566749315,0,0,0.0
19069,Franklin County,IA,11.3,71041.0,9875,19.078481012658234,1.4987341772151899,16.29367088607595,0,0,0.0
19071,Fremont County,IA,9.8,72129.0,6458,6.859708888200677,1.037472901827191,3.5150201300712296,0,0,0.0
19073,Greene County,IA,10.7,63082.0,8584,6.966449207828518,0.7921714818266542,3.494874184529357,0,0,0.0
19075,Grundy County,IA,6.7,81093.0,12384,4.392764857881137,0.7025193798449613,1.9864341085271318,0,0,0.0
19077,Guthrie County,IA,9.9,78027.0,10722,6.136914754709943,0.923335198656967,3.161723559037493,0,0,0.0
19079,Hamilton County,IA,8.5,71731.0,14729,15.14019960621903,1.4461266888451354,9.912417679407971,0,0,0.0
19081,Hancock County,IA,9.9,67979.0,10615,8.695242581252948,1.008007536504946,5.878473857748469,0,0,0.0
19083,Hardin County,IA,10.4,67903.0,16463,9.973880823665194,1.6218186235801495,5.989187875842799,0,0,0.0
19085,Harrison County,IA,9.8,63139.0,14670,4.730743012951599,0.6271301976823449,2.1949556918882074,1,1,6.81663258350375
19087,Henry County,IA,12.7,65627.0,19547,12.022305213076178,2.6449071468767587,5.509796899780017,0,0,0.0
19089,Howard County,IA,9.9,67552.0,9376,5.8340443686006775,0.8852389078498294,3.4129692832764507,0,0,0.0
19091,Humboldt County,IA,9.6,72307.0,9500,8.768421052631581,1.105263157894737,5.947368421052632,0,0,0.0
19093,Ida County,IA,9.4,71238.0,6833,7.434509000439049,0.6732035709058979,4.361188350651251,0,0,0.0
19095,Iowa County,IA,7.6,75419.0,16381,6.226726085098589,0.8058116110127587,3.6749893168915206,0,0,0.0
19097,Jackson County,IA,9.3,74910.0,19342,5.4751318374521745,1.0340192327577293,1.695791541722676,0,0,0.0
19099,Jasper County,IA,9.6,72394.0,37919,7.534481394551539,2.3312851077296344,3.1488172156438723,0,0,0.0
19101,Jefferson County,IA,14.1,58146.0,15440,16.0880829015544,2.221502590673575,4.132124352331606,0,0,0.0
19103,Johnson County,IA,15.5,74665.0,157528,24.125869686658884,8.7254329389061,6.789904017063633,1,1,0.6348077802041542
19105,Jones County,IA,10.3,74193.0,20900,7.354066985645935,2.971291866028708,2.674641148325359,0,0,0.0
19107,Keokuk County,IA,11.1,65656.0,9914,5.184587452087952,0.8775469033689731,2.2695178535404477,0,0,0.0
19109,Kossuth County,IA,10.2,66667.0,14396,7.5229230341761655,1.062795220894693,4.640177827174215,0,0,0.0
19111,Lee County,IA,14.4,60053.0,32565,9.313680331644402,2.818977429755873,3.5129740518962076,1,1,3.0707815138952865
19113,Linn County,IA,9.9,73079.0,228972,16.743968694862254,6.979019268731548,4.192215642087242,3,1,1.3102038677218175
19115,Louisa County,IA,9.8,76120.0,10513,22.60058974602872,1.8072862170645867,16.465328640730522,0,0,0.0
19117,Lucas County,IA,13.7,59540.0,8747,5.499028238253112,0.6287870126900652,3.2582599748485195,0,0,0.0
19119,Lyon County,IA,7.8,74790.0,12324,6.864654333008769,0.5598831548198637,4.065238558909445,0,0,0.0
19121,Madison County,IA,7.0,84509.0,16971,5.2501325791055375,0.6245948971775381,2.4394555418066113,0,0,0.0
19123,Mahaska County,IA,11.7,71332.0,21874,7.977507543201979,1.9475176008046082,2.660693060254183,0,0,0.0
19125,Marion County,IA,8.0,79709.0,33770,6.165235416049752,1.0186556114894878,2.294936334024282,0,0,0.0
19127,Marshall County,IA,12.0,64005.0,40014,34.01559454191033,2.5266156845104213,25.463587744289498,0,0,0.0
19129,Mills County,IA,8.5,82260.0,14633,7.28490398414543,0.7448916831818493,4.025148636643204,0,0,0.0
19131,Mitchell County,IA,9.2,74249.0,10518,4.658680357482414,0.6274957216200798,2.5955504848830575,0,0,0.0
19133,Monona County,IA,12.6,59814.0,8493,7.594489579653829,0.7064641469445425,2.802307782880019,0,0,0.0
19135,Monroe County,IA,10.2,65959.0,7504,5.1705756929637525,1.0394456289978677,2.185501066098081,0,0,0.0
19137,Montgomery County,IA,13.0,60487.0,10139,6.913896834007294,0.8876615050793963,3.974750961633297,1,1,9.862905611993293
19139,Muscatine County,IA,11.7,66309.0,42218,24.4848169027429,3.4890331138376998,19.18376048131129,4,1,9.474631673693684
19141,O'Brien County,IA,9.1,69914.0,14012,11.761347416500145,1.6343134456180417,7.829003711104767,0,0,0.0
19143,Osceola County,IA,10.5,72569.0,5978,15.272666443626626,1.3382402141184342,10.856473737035797,0,0,0.0
19145,Page County,IA,13.8,60695.0,15014,9.424537098707875,2.677500999067537,3.476755028639936,0,0,0.0
19147,Palo Alto County,IA,10.7,64952.0,8810,7.639046538024974,1.5777525539160044,3.5641316685584563,1,1,11.350737797956867
19149,Plymouth County,IA,8.7,74765.0,25722,12.063603141279833,2.282093149832828,6.776300443200373,0,0,0.0
19151,Pocahontas County,IA,11.1,68654.0,6976,11.267201834862384,1.146788990825688,6.293004587155964,0,0,0.0
19153,Polk County,IA,11.5,79509.0,505255,25.991232150102427,7.885721071538134,10.554274574224896,4,1,0.7916794489911035
19155,Pottawattamie County,IA,11.6,70768.0,93179,14.860644565835646,2.1056246579164832,9.486042992519774,2,1,2.1464063791197585
19157,Poweshiek County,IA,10.3,73434.0,18453,9.066276486208203,1.6420094293610794,3.8421936812442423,0,0,0.0
19159,Ringgold County,IA,14.1,61463.0,4642,5.622576475657048,0.7109004739336493,2.391210685049548,0,0,0.0
19161,Sac County,IA,10.0,72395.0,9686,8.052859797646084,0.6917200082593434,4.707825727854636,0,0,0.0
19163,Scott County,IA,11.0,77100.0,174270,22.02731393814197,8.424857978998107,7.56068170080909,4,1,2.2952889194927413
19165,Shelby County,IA,8.8,68695.0,11806,8.317804506183302,1.1180755548026426,4.751821107911232,0,0,0.0
19167,Sioux County,IA,6.9,85985.0,36246,16.832202174032997,0.9049274402692711,14.48159796943111,0,0,0.0
19169,Story County,IA,14.9,71539.0,98566,17.39037802081854,3.2272791834912646,5.189416228719843,0,0,0.0
19171,Tama County,IA,12.3,66288.0,16833,21.65389413651756,1.2594308798194023,12.124992574110378,0,0,0.0
19173,Taylor County,IA,13.0,59116.0,5924,11.242403781228905,0.6414584740040513,8.929777177582714,0,0,0.0
19175,Union County,IA,13.7,59066.0,11906,7.861582395430878,1.6378296657147657,4.1575676129682515,0,0,0.0
19177,Van Buren County,IA,14.8,57666.0,7266,4.170107349298102,0.3853564547206166,1.9680704651802918,1,1,13.762730525736306
19179,Wapello County,IA,13.8,61642.0,35166,24.122732184496385,4.131831883068873,13.518739691747712,0,0,0.0
19181,Warren County,IA,5.8,92695.0,55205,7.611629381396612,1.2154696132596685,3.963409111493524,0,0,0.0
19183,Washington County,IA,9.5,75136.0,22560,11.090425531914894,1.2322695035460993,7.934397163120567,0,0,0.0
19185,Wayne County,IA,14.7,59904.0,6557,4.224492908342226,0.7015403385694677,1.433582430989782,0,0,0.0
19187,Webster County,IA,14.0,63557.0,36485,15.32136494449774,5.207619569686172,6.7233109497053585,1,1,2.7408524050979852
19189,Winnebago County,IA,11.4,65086.0,10571,10.680162709299024,1.958187494087598,6.1488979282943905,0,0,0.0
19191,Winneshiek County,IA,7.9,80932.0,19815,5.980317940953828,0.9134494070148877,3.1794095382286147,0,0,0.0
19193,Woodbury County,IA,12.9,65984.0,105951,32.50842370529773,5.708299119404253,19.51562514747383,2,1,1.8876650527130467
19195,Worth County,IA,9.2,75449.0,7297,6.948060846923399,1.0963409620391942,3.6727422228313005,0,0,0.0
19197,Wright County,IA,11.0,74189.0,12656,23.214285714285708,1.1219974715549936,20.314475347661187,0,0,0.0
20001,Allen County,KS,16.0,54761.0,12412,11.061875604253945,2.0947470190138575,4.342571704801805,0,0,0.0
20003,Anderson County,KS,11.6,61742.0,7838,7.259504975759123,1.1099770349578975,2.653738198520031,0,0,0.0
20005,Atchison County,KS,13.6,65818.0,16016,12.3563936063936,4.451798201798201,3.858641358641359,0,0,0.0
20007,Barber County,KS,11.7,59514.0,4071,9.014984033407025,1.0562515352493245,4.249570130189142,0,0,0.0
20009,Barton County,KS,15.0,58568.0,24899,20.735772520984774,2.0281939033696132,16.819952608538497,0,0,0.0
20011,Bourbon County,KS,15.4,54428.0,14408,10.9106052193226,3.2620766240977237,3.3523042754025543,0,0,0.0
20013,Brown County,KS,12.2,58989.0,9250,17.25405405405406,1.9675675675675677,4.8,1,1,10.81081081081081
20015,Butler County,KS,9.2,76742.0,68632,13.480592143606485,2.4828068539456813,6.135621867350507,0,0,0.0
20017,Chase County,KS,11.4,62302.0,2579,13.609926328034117,1.8224117875145405,8.607987592089957,1,1,38.774718883288095
20019,Chautauqua County,KS,14.7,49510.0,3347,17.687481326561095,1.971915147893636,5.437705407827906,0,0,0.0
20021,Cherokee County,KS,15.2,55853.0,19054,13.59819460480739,1.1178755117035792,2.9547601553479583,0,0,0.0
20023,Cheyenne County,KS,12.2,52424.0,2636,12.860394537177545,0.7587253414264037,9.332321699544766,0,0,0.0
20025,Clark County,KS,12.2,64998.0,1847,19.815917704385487,0.4331348132106118,14.076881429344883,0,0,0.0
20027,Clay County,KS,11.0,66389.0,8007,8.904708380167358,2.0232296740352194,3.8716123392031974,0,0,0.0
20029,Cloud County,KS,12.1,60403.0,8854,8.877343573526087,1.7054438671786762,3.9191325954370906,0,0,0.0
20031,Coffey County,KS,9.8,67933.0,8251,8.435341170767174,0.9453399587928736,4.060113925584778,0,0,0.0
20033,Comanche County,KS,12.1,51956.0,1655,10.453172205438065,0.5438066465256798,7.492447129909365,0,0,0.0
20035,Cowley County,KS,15.2,57549.0,34157,22.30875076851011,3.0828234329712796,12.474748953362415,0,0,0.0
20037,Crawford County,KS,17.3,52285.0,38764,15.795583531111346,2.363017232483748,7.468269528428439,0,0,0.0
20039,Decatur County,KS,13.9,54613.0,2712,9.18141592920354,1.2536873156342183,5.125368731563422,0,0,0.0
20041,Dickinson County,KS,10.5,63417.0,18445,11.114123068582272,1.3228517213336948,5.963675792897805,0,0,0.0
20043,Doniphan County,KS,12.3,63765.0,7493,11.317229414119845,3.176297878019485,3.630054717736554,0,0,0.0
20045,Douglas County,KS,13.3,68561.0,120553,22.556054183637077,4.733187892462237,7.263195441009349,1,1,0.8295106716547909
20047,Edwards County,KS,12.0,59055.0,2733,27.844859129162092,2.451518477863154,23.0150018294914,0,0,0.0
20049,Elk County,KS,17.1,48121.0,2467,11.633563032022698,0.526955816781516,4.296716659910823,0,0,0.0
20051,Ellis County,KS,15.6,59048.0,28810,12.29434224227699,1.98542172856647,7.389795209996529,0,0,0.0
20053,Ellsworth County,KS,12.3,65396.0,6357,15.132924335378329,5.977662419380211,6.1821613968853235,0,0,0.0
20055,Finney County,KS,11.9,67640.0,37466,63.05717183579779,4.7563123899001765,53.69935408103347,0,0,0.0
20057,Ford County,KS,11.6,68766.0,33980,64.94408475573867,3.2430841671571513,59.78811065332548,1,1,2.942907592701589
20059,Franklin County,KS,11.1,67883.0,26125,10.070813397129186,1.6114832535885169,4.876555023923445,0,0,0.0
20061,Geary County,KS,11.0,56899.0,35047,43.19057265957144,17.07421462607356,17.062801381002654,0,0,0.0
20063,Gove County,KS,9.4,65003.0,2735,6.946983546617913,0.9140767824497258,4.16819012797075,0,0,0.0
20065,Graham County,KS,12.7,53247.0,2376,12.710437710437706,3.7457912457912457,3.9983164983164983,0,0,0.0
20067,Grant County,KS,11.2,65399.0,7147,56.63914929340983,1.3152371624457815,53.72883727438086,0,0,0.0
20069,Gray County,KS,8.7,77786.0,5743,20.564165070520634,2.2288002786000347,17.5866271983284,0,0,0.0
20071,Greeley County,KS,11.1,70566.0,1181,20.321761219305678,0.8467400508044031,17.527519051651144,0,0,0.0
20073,Greenwood County,KS,14.3,59179.0,5870,9.50596252129472,0.9540034071550255,4.275979557069847,0,0,0.0
20075,Hamilton County,KS,11.5,72657.0,2437,47.51743947476405,3.159622486663931,43.57816988100123,0,0,0.0
20077,Harper County,KS,14.1,54423.0,5435,12.67709291628335,0.9751609935602575,7.948482060717572,0,0,0.0
20079,Harvey County,KS,8.2,67078.0,33504,17.938156638013368,1.853510028653295,12.31494746895893,0,0,0.0
20081,Haskell County,KS,10.8,68202.0,3630,34.24242424242424,1.019283746556474,31.074380165289256,0,0,0.0
20083,Hodgeman County,KS,10.4,66919.0,1655,17.220543806646525,2.2356495468277946,8.761329305135952,0,0,0.0
20085,Jackson County,KS,10.5,73051.0,13368,17.227707959305803,1.3614602034709755,5.947037701974866,0,0,0.0
20087,Jefferson County,KS,8.3,81301.0,18327,7.797239046215965,0.9221367381459049,3.6285262181480875,0,0,0.0
20089,Jewell County,KS,12.1,56505.0,2847,5.830698981383908,0.49174569722514927,3.1963470319634704,0,0,0.0
20091,Johnson County,KS,5.3,103085.0,622237,22.66772949856727,5.319034387219018,9.43177599532011,1,1,0.16071046884065077
20093,Kearny County,KS,10.2,71237.0,3823,40.30865812189381,1.4386607376405964,35.73110122940099,0,0,0.0
20095,Kingman County,KS,11.9,54731.0,7066,8.279082932352111,0.5236343051231248,4.373054061703934,0,0,0.0
20097,Kiowa County,KS,12.1,56222.0,2374,12.257792754844143,1.7691659646166806,4.970513900589722,0,0,0.0
20099,Labette County,KS,15.5,49874.0,19728,15.830291970802923,4.1463909164639094,5.210867802108678,0,0,0.0
20101,Lane County,KS,10.2,64875.0,1529,16.873773708306082,1.1772400261608895,12.09941137998692,0,0,0.0
20103,Leavenworth County,KS,8.3,83086.0,83518,21.52110922196413,8.573002227064825,7.775569338346225,1,1,1.197346679757657
20105,Lincoln County,KS,11.8,53667.0,2920,7.8082191780821875,0.958904109589041,4.383561643835616,0,0,0.0
20107,Linn County,KS,11.0,62431.0,9860,8.042596348884379,1.2373225152129816,3.417849898580122,0,0,0.0
20109,Logan County,KS,10.2,60216.0,2665,12.420262664165104,1.3133208255159474,7.317073170731708,0,0,0.0
20111,Lyon County,KS,13.7,55659.0,32172,31.875543951261964,2.4369016536118364,24.937834141489493,0,0,0.0
20113,McPherson County,KS,8.3,78908.0,30091,10.504802100295773,1.738061214316573,5.69937855172643,0,0,0.0
20115,Marion County,KS,10.9,62268.0,11690,8.810949529512403,1.2061591103507272,4.285714285714286,0,0,0.0
20117,Marshall County,KS,9.2,64514.0,9933,6.59418101278566,0.7550588945937783,2.7987516359609383,0,0,0.0
20119,Meade County,KS,9.6,71572.0,3911,26.131424188187168,2.301201738685758,21.222193812324214,0,0,0.0
20121,Miami County,KS,7.0,85620.0,35320,9.09966024915062,1.4382785956964892,4.351642129105323,0,0,0.0
20123,Mitchell County,KS,10.5,60486.0,5719,6.679489421227491,0.43713936002797693,3.2872879874103864,0,0,0.0
20125,Montgomery County,KS,17.3,53379.0,30568,21.561763936142377,4.772965192358021,8.243915205443601,0,0,0.0
20127,Morris County,KS,11.7,65283.0,5334,8.773903262092242,0.7311586051743532,4.443194600674915,0,0,0.0
20129,Morton County,KS,12.0,58093.0,2580,31.472868217054263,1.627906976744186,25.813953488372093,0,0,0.0
20131,Nemaha County,KS,8.4,74744.0,10114,5.962032825786034,0.8997429305912596,2.827763496143959,0,0,0.0
20133,Neosho County,KS,14.9,53085.0,15420,11.452658884565503,1.608300907911803,6.160830090791181,1,1,6.485084306095979
20135,Ness County,KS,10.2,64935.0,2618,16.99770817417876,1.0313216195569137,13.903743315508022,0,0,0.0
20137,Norton County,KS,13.9,57738.0,5330,13.921200750469042,4.071294559099437,6.097560975609756,0,0,0.0
20139,Osage County,KS,10.8,69666.0,15824,7.305358948432761,0.9416076845298281,3.583164812942366,0,0,0.0
20141,Osborne County,KS,12.1,54638.0,3427,7.674350744091041,0.6711409395973155,3.1222643711701195,0,0,0.0
20143,Ottawa County,KS,10.2,66956.0,5818,7.201787555861117,1.5812994156067377,3.4376074252320383,0,0,0.0
20145,Pawnee County,KS,12.8,64704.0,6126,19.670257917074764,5.974534769833497,9.843290891283056,0,0,0.0
20147,Phillips County,KS,10.1,59453.0,4761,7.5404326822096195,0.5881117412308339,3.759714345725688,0,0,0.0
20149,Pottawatomie County,KS,7.9,84434.0,26382,11.48510347964521,1.565461299370783,6.250473807899326,0,0,0.0
20151,Pratt County,KS,9.5,61078.0,9082,14.005725611098875,1.970931512882625,8.896718784408721,0,0,0.0
20153,Rawlins County,KS,10.9,63255.0,2463,11.774259033698742,0.8120178643930166,8.079577750710516,0,0,0.0
20155,Reno County,KS,11.8,62470.0,61497,17.27889165325138,3.2879652665983707,10.567995186757077,0,0,0.0
20157,Republic County,KS,11.9,54981.0,4627,6.526907283336936,1.1238383401772207,2.939269505078885,0,0,0.0
20159,Rice County,KS,10.6,62922.0,9260,19.762419006479483,1.900647948164147,14.08207343412527,0,0,0.0
20161,Riley County,KS,18.0,63076.0,71402,24.665975742976386,7.16646592532422,9.635584437410717,1,1,1.4005209938096972
20163,Rooks County,KS,11.2,59998.0,4778,8.66471326915027,2.1557136877354544,3.537044788614483,0,0,0.0
20165,Rush County,KS,12.4,55709.0,2830,8.445229681978795,0.6713780918727915,5.229681978798586,0,0,0.0
20167,Russell County,KS,13.1,55415.0,6723,9.81704596162427,1.4874312063067083,4.268927562100253,0,0,0.0
20169,Saline County,KS,11.5,63587.0,53098,21.663716147500843,3.6611548457569025,12.883724434065313,1,1,1.8833101058420278
20171,Scott County,KS,7.9,73436.0,4922,24.50223486387647,0.914262494920764,21.292157659488012,0,0,0.0
20173,Sedgwick County,KS,13.6,67435.0,528469,34.160376483767266,9.309344540550155,16.7408116653957,2,1,0.37845171618391993
20175,Seward County,KS,14.4,66540.0,21067,75.17444344235061,3.5790572933972564,68.62866093890919,0,0,0.0
20177,Shawnee County,KS,12.6,63612.0,177746,27.862230373679296,8.46938890326646,14.0486987048935,1,1,0.5626005648509671
20179,Sheridan County,KS,11.0,65350.0,2423,8.625670656211303,0.8254230293025175,5.901774659513,0,0,0.0
20181,Sherman County,KS,13.7,57628.0,5844,17.607802874743328,1.351813826146475,13.381245722108146,1,1,17.111567419575632
20183,Smith County,KS,11.9,55568.0,3590,6.740947075208914,0.4735376044568245,2.7298050139275767,0,0,0.0
20185,Stafford County,KS,14.0,54808.0,3909,17.728319263238678,0.920951650038373,13.839856740854438,0,0,0.0
20187,Stanton County,KS,10.7,74063.0,1901,50.1841136244082,1.1046817464492373,44.5554971067859,0,0,0.0
20189,Stevens County,KS,10.5,68600.0,5077,41.99330313177073,1.103013590703171,38.68426235966122,0,0,0.0
20191,Sumner County,KS,11.2,63049.0,22334,11.860839974926119,1.5671173994806125,6.12966777111131,1,1,4.477478284230322
20193,Thomas County,KS,9.4,69774.0,7865,12.205975842339479,1.4113159567705023,8.31532104259377,0,0,0.0
20195,Trego County,KS,10.7,56168.0,2731,6.664225558403514,0.6590992310508971,3.36872940314903,1,1,36.61662394727206
20197,Wabaunsee County,KS,9.0,69893.0,7057,9.990080770865806,0.9210712767464928,5.15799914978036,0,0,0.0
20199,Wallace County,KS,13.4,61157.0,1509,10.868124585818428,1.4579191517561298,7.422133863485752,0,0,0.0
20201,Washington County,KS,11.3,58302.0,5504,7.376453488372093,0.5632267441860465,4.742005813953488,0,0,0.0
20203,Wichita County,KS,10.5,61825.0,2082,32.75696445725265,1.48895292987512,29.490874159462056,0,0,0.0
20205,Wilson County,KS,14.3,54164.0,8382,9.460749224528753,0.8112622285850632,4.175614411834884,0,0,0.0
20207,Woodson County,KS,13.9,40327.0,3115,7.319422150882826,0.6741573033707865,2.9213483146067416,0,0,0.0
20209,Wyandotte County,KS,17.1,61088.0,165281,62.907412225240655,21.218409859572485,34.30884372674415,1,1,0.605030221259552
21001,Adair County,KY,22.1,45974.0,19264,8.720930232558144,2.777200996677741,3.400124584717608,0,0,0.0
21003,Allen County,KY,16.4,56483.0,21788,6.453093445933544,1.5100055076188728,2.8685514962364604,0,0,0.0
21005,Anderson County,KY,9.0,78336.0,24613,7.715434932759113,2.315849347905578,2.835899727786129,0,0,0.0
21007,Ballard County,KY,14.4,69716.0,7582,8.533368504352412,3.93036138222105,1.5958849907676076,0,0,0.0
21009,Barren County,KY,18.0,51068.0,45008,11.226892996800563,4.110380376821898,4.408105225737646,0,0,0.0
21011,Bath County,KY,17.8,54247.0,12975,5.317919075144506,1.441233140655106,1.9344894026974953,0,0,0.0
21013,Bell County,KY,28.9,35566.0,23317,7.029206158596734,2.989235321868165,1.2094180211862589,1,1,4.288716387185316
21015,Boone County,KY,7.4,89313.0,140496,16.404737501423526,5.464212504270584,5.965294385605284,1,1,0.7117640359867896
21017,Bourbon County,KY,14.2,61530.0,20134,16.102115823979336,5.8955001490016885,7.847422270785736,0,0,0.0
21019,Boyd County,KY,18.1,57112.0,47826,7.380922510768206,2.9816417848032453,1.9299125998410906,2,1,4.181825785137791
21021,Boyle County,KY,14.7,62541.0,30988,16.183684006712273,8.23221892345424,4.656641280495676,0,0,0.0
21023,Bracken County,KY,14.3,64458.0,8426,4.486114407785424,1.0443864229765014,1.4835034417279849,0,0,0.0
21025,Breathitt County,KY,30.3,40093.0,12953,3.620782830232383,0.6253377595923725,1.1348722303713425,0,0,0.0
21027,Breckinridge County,KY,16.5,59267.0,21124,6.6417345199772715,2.3243703843968944,1.73736034841886,0,0,0.0
21029,Bullitt County,KY,8.4,75402.0,84863,8.402955351566643,2.2200487845115067,3.5127205024569013,1,1,1.178369843158974
21031,Butler County,KY,15.0,56395.0,12375,8.266666666666666,0.9050505050505051,5.624242424242424,0,0,0.0
21033,Caldwell County,KY,15.8,52719.0,12551,9.911560831806232,5.513504900007968,1.8165883196558044,0,0,0.0
21035,Calloway County,KY,17.6,51424.0,38280,12.126436781609195,4.490595611285267,3.6964472309299894,0,0,0.0
21037,Campbell County,KY,10.3,80573.0,93702,8.661501355360613,3.0874474397558216,2.6178736846598794,1,1,1.0672130797635055
21039,Carlisle County,KY,12.9,58639.0,4704,8.673469387755105,1.870748299319728,3.125,0,0,0.0
21041,Carroll County,KY,16.2,62710.0,10987,12.323655228906894,2.2572130699918085,7.426959133521434,0,0,0.0
21043,Carter County,KY,19.2,50853.0,26366,3.496927861639987,0.8192368960024273,1.2060987635591292,1,1,3.792763407418645
21045,Casey County,KY,21.1,42914.0,15918,6.652845834903887,1.3318256062319387,3.536876492021611,0,0,0.0
21047,Christian County,KY,17.8,54934.0,72032,35.83546201688138,21.974955575299866,9.054309195912927,2,1,2.7765437583296313
21049,Clark County,KY,10.8,72386.0,37304,11.623418400171559,4.696547287154193,4.259596826077632,0,0,0.0
21051,Clay County,KY,37.2,36330.0,19648,7.608916938110754,4.0767508143322475,2.2801302931596092,0,0,0.0
21053,Clinton County,KY,23.6,39877.0,9148,6.526016615653695,0.8854394403148229,3.563620463489287,0,0,0.0
21055,Crittenden County,KY,17.9,53894.0,8974,5.683084466235789,1.4263427679964342,2.0726543347448185,0,0,0.0
21057,Cumberland County,KY,23.1,43127.0,6000,7.58333333333333,3.2666666666666666,2.1,0,0,0.0
21059,Daviess County,KY,16.2,63213.0,103458,14.02598155773357,5.102553693286165,4.20750449457751,2,1,1.9331516170813277
21061,Edmonson County,KY,16.0,56545.0,12448,5.462724935732643,1.429948586118252,1.7834190231362468,1,1,8.033419023136247
21063,Elliott County,KY,25.8,43501.0,7245,7.550034506556247,4.375431331953071,1.7115251897860593,0,0,0.0
21065,Estill County,KY,22.7,45129.0,13936,3.7600459242250306,0.6673363949483353,1.6073478760045925,0,0,0.0
21067,Fayette County,KY,15.7,67320.0,320154,32.42939335444818,16.258113282982563,9.35612236611131,1,1,0.31234968171567434
21069,Fleming County,KY,18.1,50804.0,15442,5.09001424685922,1.6966714156197384,1.813236627379873,0,0,0.0
21071,Floyd County,KY,26.5,40604.0,34423,2.992185457397667,0.7814542602329838,0.9470412224384859,0,0,0.0
21073,Franklin County,KY,11.8,66920.0,51644,18.765006583533417,9.943071799240958,4.391604058554721,0,0,0.0
21075,Fulton County,KY,25.9,41088.0,6338,31.240138845061537,24.282107920479646,2.8715683180814136,0,0,0.0
21077,Gallatin County,KY,13.1,66789.0,8792,9.997725204731578,1.910828025477707,5.243403093721565,0,0,0.0
21079,Garrard County,KY,17.6,62980.0,17829,7.532671490268661,2.4061921588423356,2.950249593359134,0,0,0.0
21081,Grant County,KY,13.0,68309.0,25619,6.620086654436164,1.17490924704321,3.3920137398024903,0,0,0.0
21083,Graves County,KY,17.6,53947.0,36461,15.474068182441513,4.179808562573709,8.216998985217081,0,0,0.0
21085,Grayson County,KY,17.8,54543.0,26825,4.88350419384902,1.3457595526561044,1.7036346691519106,0,0,0.0
21087,Green County,KY,17.6,48153.0,11468,6.391698639693056,1.8137425880711546,2.084059993024067,0,0,0.0
21089,Greenup County,KY,15.9,59151.0,35221,4.369552255756504,0.9937253343175946,1.2378978450356322,1,1,2.839215240907413
21091,Hancock County,KY,11.9,70998.0,8920,4.7533632286995475,1.311659192825112,1.8161434977578474,1,1,11.210762331838565
21093,Hardin County,KY,14.2,65472.0,112273,24.944554790555163,12.414382799070124,6.625813864419762,2,1,1.7813721909987263
21095,Harlan County,KY,29.7,36916.0,25324,5.090033170115305,2.0415416205970622,1.2122887379560892,0,0,0.0
21097,Harrison County,KY,13.9,63689.0,19415,6.819469482358997,2.2765902652588204,2.3641514293072365,0,0,0.0
21099,Hart County,KY,17.7,51921.0,19724,8.608801460150072,4.228351247211519,2.1851551409450414,0,0,0.0
21101,Henderson County,KY,13.2,58742.0,44119,15.0456719327274,8.647068156576532,3.4724268455767358,1,1,2.266597157687164
21103,Henry County,KY,14.6,66530.0,15973,10.223502159894826,2.898641457459463,4.3385713391347895,0,0,0.0
21105,Hickman County,KY,18.7,56348.0,4447,14.076905779176974,8.455138295480099,2.6984483921744995,0,0,0.0
21107,Hopkins County,KY,16.0,55080.0,44929,12.769035589485632,6.784037036212691,2.655300585368025,0,0,0.0
21109,Jackson County,KY,23.9,44713.0,13104,3.166971916971917,0.7402319902319903,1.2591575091575091,0,0,0.0
21111,Jefferson County,KY,16.2,64977.0,772144,37.45855695310719,23.254470668683563,8.50424273192565,5,1,0.6475476077001181
21113,Jessamine County,KY,10.3,75155.0,55017,13.633967682716253,4.871221622407619,4.794881582056456,1,1,1.8176200083610519
21115,Johnson County,KY,25.0,45126.0,22116,3.3098209441128623,0.47929101103273647,1.003798155181769,0,0,0.0
21117,Kenton County,KY,10.6,79604.0,171321,13.61129108515593,5.21769076762335,4.699949218134379,0,0,0.0
21119,Knott County,KY,26.1,42345.0,13659,3.287209898235599,1.1201405666593456,1.010322864045684,0,0,0.0
21121,Knox County,KY,35.0,37640.0,29794,4.833187890179236,1.4029670403436934,1.3492649526750353,0,0,0.0
21123,Larue County,KY,16.1,66310.0,15303,8.776056982291058,2.9144612167548845,3.3784225315297656,0,0,0.0
21125,Laurel County,KY,21.8,52093.0,63296,4.945020222446916,0.9605662285136501,1.7647244691607684,0,0,0.0
21127,Lawrence County,KY,20.6,46200.0,16000,3.4625000000000017,0.6125,1.14375,0,0,0.0
21129,Lee County,KY,31.1,37939.0,7293,6.184012066365008,3.469079939668175,1.1792129439188264,0,0,0.0
21131,Leslie County,KY,26.7,39855.0,9864,3.0008110300081103,0.5879967558799676,0.8921330089213301,0,0,0.0
21133,Letcher County,KY,23.8,41737.0,20423,3.0015178964892475,0.7736375654898888,0.803016207217353,0,0,0.0
21135,Lewis County,KY,22.1,46340.0,12973,3.00624373699222,0.6397903337701379,0.8633315347259694,0,0,0.0
21137,Lincoln County,KY,19.1,51359.0,24776,6.643525992896349,2.3450113012592833,2.2844688408136906,0,0,0.0
21139,Livingston County,KY,14.3,57586.0,8892,6.241565452091768,0.9784075573549258,2.6090868196131356,1,1,11.246063877642825
21141,Logan County,KY,14.8,61186.0,28283,12.293603931690411,6.0743202630555455,3.825619630166531,0,0,0.0
21143,Lyon County,KY,15.9,63989.0,9187,12.59388266028083,8.087514966800914,2.351148361815609,0,0,0.0
21145,McCracken County,KY,15.7,60801.0,67428,18.315833185026985,11.274248086848194,3.5267248027525655,1,1,1.4830634157916593
21147,McCreary County,KY,35.9,36348.0,17050,11.10850439882698,6.287390029325513,2.504398826979472,0,0,0.0
21149,McLean County,KY,14.7,58403.0,9054,5.34570355643914,1.1486635741108902,2.2421029379279878,0,0,0.0
21151,Madison County,KY,13.8,65438.0,96735,11.744456504884482,4.531968780689512,3.581950690029462,1,1,1.0337520028945055
21153,Magoffin County,KY,29.2,40162.0,11228,2.4581403633772703,0.3829711435696473,0.6323477021731386,0,0,0.0
21155,Marion County,KY,14.6,54466.0,19834,13.224765554099028,6.655238479378845,3.650297468992639,0,0,0.0
21157,Marshall County,KY,13.8,61426.0,31744,4.482736895161288,0.6331905241935484,2.0822832661290325,3,1,9.450604838709678
21159,Martin County,KY,48.1,35522.0,10928,13.469985358711567,8.49194729136164,3.45900439238653,0,0,0.0
21161,Mason County,KY,17.0,56706.0,16841,12.39237574965857,6.015082239771985,2.4760999940621105,0,0,0.0
21163,Meade County,KY,11.7,69228.0,30131,11.848262586704728,4.198333941787528,4.407420928611729,0,0,0.0
21165,Menifee County,KY,25.1,44734.0,6286,4.279350938593696,1.0976773783009863,1.4635698377346484,0,0,0.0
21167,Mercer County,KY,13.4,67348.0,23097,9.797809239295141,3.654154219162662,3.4333463220331644,0,0,0.0
21169,Metcalfe County,KY,24.2,40690.0,10482,6.210646823125354,1.8317115054378936,2.633085289066972,0,0,0.0
21171,Monroe County,KY,23.7,44605.0,11306,8.482221829117286,2.246594728462763,4.634707235096409,0,0,0.0
21173,Montgomery County,KY,14.6,54848.0,28527,8.045009990535279,2.6956918007501667,3.5720545448171905,0,0,0.0
21175,Morgan County,KY,24.7,44587.0,14283,10.698032626198984,5.047959112231324,3.360638521319051,1,1,7.001330252748022
21177,Muhlenberg County,KY,20.2,52291.0,30568,7.720492017796388,3.811175085056268,2.1133211201256215,0,0,0.0
21179,Nelson County,KY,12.9,65928.0,47730,10.641106222501573,5.086947412528808,2.912214540121517,0,0,0.0
21181,Nicholas County,KY,17.2,52978.0,7686,4.748894093156386,0.9627894873796513,2.6411657559198543,0,0,0.0
21183,Ohio County,KY,16.0,55512.0,23626,7.284347752476084,1.6168627782950986,4.681283331922458,0,0,0.0
21185,Oldham County,KY,5.8,120818.0,70183,13.091489392018008,4.392801675619452,5.086701907869427,1,1,1.4248464727925567
21187,Owen County,KY,15.4,64868.0,11313,5.489260143198093,1.3524264120922833,2.6164589410412797,0,0,0.0
21189,Owsley County,KY,33.1,35000.0,4001,4.323919020244937,0.9747563109222694,1.7245688577855536,0,0,0.0
21191,Pendleton County,KY,13.2,71116.0,14810,4.773801485482787,1.100607697501688,1.7893315327481432,0,0,0.0
21193,Perry County,KY,29.7,42519.0,27133,4.883352375336303,1.673239228983157,1.0430103563925848,1,1,3.685548962517967
21195,Pike County,KY,23.4,46402.0,55973,3.61781573258535,0.8504100191163597,1.2648955746520645,1,1,1.7865756704125204
21197,Powell County,KY,22.1,46014.0,12972,4.717853839037933,1.2796793092815295,1.6805427073697194,0,0,0.0
21199,Pulaski County,KY,17.0,54487.0,66191,6.975268541040325,1.3868954993881344,3.2270248221057245,1,1,1.5107794110981856
21201,Robertson County,KY,19.6,55507.0,2313,5.361003026372679,1.1673151750972763,1.9455252918287937,0,0,0.0
21203,Rockcastle County,KY,21.8,49406.0,16190,3.8542310067943175,0.592958616429895,1.426806670784435,0,0,0.0
21205,Rowan County,KY,24.0,51712.0,24409,6.464828546847478,1.9132287271088533,2.40075382031218,0,0,0.0
21207,Russell County,KY,22.3,47397.0,18279,7.549647136057769,1.055856447289239,4.535259040428907,0,0,0.0
21209,Scott County,KY,10.0,81956.0,60168,15.498271506448614,6.046403403802686,5.88020210078447,0,0,0.0
21211,Shelby County,KY,11.6,76693.0,49515,20.955266080985556,7.102898111683328,10.89770776532364,0,0,0.0
21213,Simpson County,KY,13.7,60371.0,20195,15.914830403565238,9.259717751918792,3.7236939836593215,1,1,4.951720722951226
21215,Spencer County,KY,7.0,97726.0,20531,6.862792849836829,1.9823681262481125,2.8006429302031073,0,0,0.0
21217,Taylor County,KY,19.4,52832.0,26443,11.704420829709184,5.419203569942896,3.119918314865938,0,0,0.0
21219,Todd County,KY,16.3,57288.0,12494,15.375380182487596,7.699695854009925,5.554666239795101,0,0,0.0
21221,Trigg County,KY,13.6,57844.0,14369,12.909736237734016,7.049899088315123,2.804648896930893,0,0,0.0
21223,Trimble County,KY,13.2,65885.0,8607,6.587661205995121,0.9527129080980598,3.1021261763680723,0,0,0.0
21225,Union County,KY,14.5,60771.0,13106,11.872424843583095,7.424080573783,1.8922630856096445,0,0,0.0
21227,Warren County,KY,14.2,62108.0,142229,25.520111932165733,9.925542610859951,7.054116952238995,1,1,0.7030914932960226
21229,Washington County,KY,13.1,59071.0,12267,12.29314420803782,5.258009293225728,4.385750387217739,1,1,8.151952392598027
21231,Wayne County,KY,25.0,42721.0,19580,8.064351378958124,2.1807967313585293,4.382022471910112,0,0,0.0
21233,Webster County,KY,15.4,59260.0,12726,13.374194562313379,4.0311173974540315,6.954266855256955,0,0,0.0
21235,Whitley County,KY,26.9,43910.0,36825,5.143245078071967,1.0454854039375425,2.0529531568228108,0,0,0.0
21237,Wolfe County,KY,28.6,40949.0,6282,3.39063992359121,0.46163642152180834,1.2734797835084368,0,0,0.0
21239,Woodford County,KY,10.6,78344.0,27268,14.76089188792724,4.961860055742996,7.404283409124248,0,0,0.0
22001,Acadia Parish,LA,25.0,43133.0,56489,23.399245870877515,17.77691231921259,3.482093858981395,0,0,0.0
22003,Allen Parish,LA,20.1,47937.0,22112,33.226302460202604,21.630788712011576,7.8961649782923296,0,0,0.0
22005,Ascension Parish,LA,10.7,89558.0,131632,36.131031967910545,25.243861674972653,8.367266318220494,1,1,0.7596936915035858
22007,Assumption Parish,LA,18.3,54511.0,20160,35.114087301587304,28.903769841269842,4.176587301587301,0,0,0.0
22009,Avoyelles Parish,LA,27.0,44650.0,38408,36.786606956883986,29.512080816496564,4.1423661737138096,0,0,0.0
22011,Beauregard Parish,LA,15.7,57108.0,36827,19.33635647758438,11.458983897683765,4.051375349607625,0,0,0.0
22013,Bienville Parish,LA,25.3,39743.0,12366,45.58466763706939,41.031861555879026,2.3532265890344495,0,0,0.0
22015,Bossier Parish,LA,13.8,71061.0,129795,37.17323471628337,24.870757733348743,8.232982780538542,1,1,0.7704457028390924
22017,Caddo Parish,LA,22.8,50773.0,226386,57.412560847402226,50.348519784792344,3.951216064597634,3,1,1.325170284381543
22019,Calcasieu Parish,LA,17.6,63912.0,203761,33.729221980653804,24.888963049847614,5.352349075632727,3,1,1.4723131511918375
22021,Caldwell Parish,LA,20.3,48050.0,9389,21.823410373841735,16.806901693471083,2.9609117051869207,0,0,0.0
22023,Cameron Parish,LA,13.8,66189.0,4768,11.954697986577179,4.2365771812080535,4.131711409395973,0,0,0.0
22025,Catahoula Parish,LA,30.0,40139.0,8414,36.367958164963156,28.773472783456146,6.3941050629902545,0,0,0.0
22027,Claiborne Parish,LA,29.2,39576.0,13670,55.06217995610827,49.56108266276518,3.5040234089246525,0,0,0.0
22029,Concordia Parish,LA,25.2,43136.0,17688,44.15422885572139,39.4109000452284,2.9624604251469924,0,0,0.0
22031,De Soto Parish,LA,17.7,53165.0,27114,40.54731872833223,34.380762705613336,3.323006564874235,0,0,0.0
22033,East Baton Rouge Parish,LA,20.0,60205.0,448467,57.843720942678054,46.739893905237174,6.752113310455396,4,1,0.8919273881913272
22035,East Carroll Parish,LA,46.5,34604.0,6829,72.83643285986236,69.07307072777859,2.3429491872895007,0,0,0.0
22037,East Feliciana Parish,LA,19.9,58360.0,19229,44.84372562275729,41.182588798169434,2.0489885069426386,0,0,0.0
22039,Evangeline Parish,LA,22.2,46178.0,31754,34.44290483088744,28.0090697234994,5.045033696542168,0,0,0.0
22041,Franklin Parish,LA,23.9,42066.0,19285,34.76795436868032,31.630801140782992,1.7371013741249677,0,0,0.0
22043,Grant Parish,LA,20.4,58560.0,21911,25.35256263976998,15.845922139564601,6.206928027018392,0,0,0.0
22045,Iberia Parish,LA,22.1,51770.0,67659,42.54127314917454,32.78795134424097,5.570581888588362,0,0,0.0
22047,Iberville Parish,LA,20.2,54265.0,29617,53.48954992065368,47.104703379815646,5.22672789276429,3,1,10.129317621636222
22049,Jackson Parish,LA,19.4,51215.0,14746,32.24603282246032,26.34612776346128,3.5128170351281702,0,0,0.0
22051,Jefferson Parish,LA,17.1,61168.0,421777,51.768588614362564,28.19048928699289,18.921136050567007,2,1,0.4741842253133765
22053,Jefferson Davis Parish,LA,17.8,62563.0,31553,22.4162520204101,16.340759991126042,2.662187430672202,0,0,0.0
22055,Lafayette Parish,LA,16.9,64181.0,249750,37.42742742742743,27.41861861861862,6.54054054054054,1,1,0.40040040040040037
22057,Lafourche Parish,LA,19.4,60107.0,95056,25.166217808449755,14.112733546540987,5.880743982494529,1,1,1.0520114458845313
22059,La Salle Parish,LA,20.0,57556.0,14800,24.168918918918912,13.054054054054054,9.027027027027026,0,0,0.0
22061,Lincoln Parish,LA,28.4,47851.0,47962,46.639005879654725,40.36111921938201,3.771735957633126,0,0,0.0
22063,Livingston Parish,LA,14.1,73745.0,150145,19.38259682307103,10.653701421958774,6.578307635951913,1,1,0.6660228445835692
22065,Madison Parish,LA,34.1,34704.0,9246,67.05602422669263,63.02184728531257,2.790395846852693,0,0,0.0
22067,Morehouse Parish,LA,31.3,37255.0,23955,52.235441452723855,48.515967438948024,1.8493007722813608,0,0,0.0
22069,Natchitoches Parish,LA,24.3,47476.0,36291,48.34256427213358,41.04047835551514,3.879749800225951,0,0,0.0
22071,Orleans Parish,LA,23.1,53729.0,364136,69.03958960388425,57.58727508403454,8.118669947492146,3,1,0.8238680053606344
22073,Ouachita Parish,LA,21.4,52904.0,157568,43.88200649878148,38.10291429731925,3.6999898456539397,1,1,0.6346466287571081
22075,Plaquemines Parish,LA,15.6,71460.0,22386,39.989279013669254,21.803805950147414,10.050924685071026,0,0,0.0
22077,Pointe Coupee Parish,LA,20.1,57045.0,20000,39.55,34.41,3.64,1,1,5.0
22079,Rapides Parish,LA,19.9,52379.0,126260,39.89862189133534,32.01488990971012,4.273720893394582,1,1,0.7920164739426581
22081,Red River Parish,LA,24.5,46817.0,7356,44.91571506253399,39.99456226209897,2.9907558455682435,0,0,0.0
22083,Richland Parish,LA,25.1,45093.0,19712,39.544439935064936,35.60267857142857,2.353896103896104,0,0,0.0
22085,Sabine Parish,LA,19.3,53183.0,21906,32.51164064639824,16.411028941842417,3.6291427006299646,0,0,0.0
22087,St. Bernard Parish,LA,18.0,52139.0,44463,44.41445696421744,26.45795380428671,13.957672671659582,2,1,4.498122034050784
22089,St. Charles Parish,LA,12.9,81482.0,50620,36.29395495851442,25.53141050967997,8.358356380877124,1,1,1.9755037534571316
22091,St. Helena Parish,LA,22.8,46835.0,10774,54.844997215518845,50.52905142008539,2.793762762205309,0,0,0.0
22093,St. James Parish,LA,15.1,64089.0,19191,50.20582564743891,47.01683080610703,2.0582564743890366,1,1,5.210775884529206
22095,St. John the Baptist Parish,LA,16.8,63183.0,39592,70.33239038189534,59.16094160436452,9.567589412002425,2,1,5.0515255607193374
22097,St. Landry Parish,LA,23.2,43051.0,81464,47.00972208582932,41.97068643818128,3.180546008052637,0,0,0.0
22099,St. Martin Parish,LA,18.1,54516.0,51057,36.04011203165089,29.756938323834145,3.7585443719764187,1,1,1.9585952954541004
22101,St. Mary Parish,LA,21.4,51179.0,47055,45.582828604824144,31.22728721708639,9.907554988842843,0,0,0.0
22103,St. Tammany Parish,LA,11.9,78484.0,275583,26.618115050638103,14.954478324134653,8.221479554254072,1,1,0.36286708541528323
22105,Tangipahoa Parish,LA,19.0,55432.0,138064,38.85951442809132,30.77196082976011,5.906680959554989,1,1,0.7243017730907405
22107,Tensas Parish,LA,30.8,35670.0,3764,58.66099893730075,54.19766206163656,2.5239107332624866,0,0,0.0
22109,Terrebonne Parish,LA,16.1,62566.0,103616,35.13550030883261,18.578211859172328,7.267217418159357,1,1,0.9651019147621989
22111,Union Parish,LA,18.3,52753.0,20650,30.605326876513317,23.39951573849879,5.927360774818402,0,0,0.0
22113,Vermilion Parish,LA,17.5,53711.0,56992,22.9242700729927,14.616086468276249,4.598891072431218,0,0,0.0
22115,Vernon Parish,LA,16.7,55872.0,46250,29.48540540540541,13.850810810810811,9.517837837837838,0,0,0.0
22117,Washington Parish,LA,23.3,45073.0,44865,35.98350607377688,30.65195586760281,3.385712693636465,0,0,0.0
22119,Webster Parish,LA,20.3,47088.0,35238,38.35348203643794,33.560360973948576,2.4547363641523354,0,0,0.0
22121,West Baton Rouge Parish,LA,13.6,73173.0,28266,47.71103092054057,41.51277152763037,4.443501025967594,1,1,3.537819288190759
22123,West Carroll Parish,LA,19.6,47030.0,9323,20.701490936393864,14.769923844256141,3.829239515177518,0,0,0.0
22125,West Feliciana Parish,LA,22.3,74368.0,15371,49.18352742176827,43.64062195042613,4.059592739574524,0,0,0.0
22127,Winn Parish,LA,24.2,48430.0,13216,38.990617433414045,29.191888619854723,7.823849878934625,0,0,0.0
23001,Androscoggin County,ME,13.0,63456.0,113765,11.83316485738144,5.929767503186393,2.3249681360699688,2,1,1.75800993275612
23003,Aroostook County,ME,12.1,56361.0,67351,6.914522427283931,1.132871078380425,1.8455553740850172,5,1,7.4237947469228365
23005,Cumberland County,ME,6.9,96255.0,310230,11.555297682364696,3.998001482770847,2.8817329078425686,12,1,3.868097862875931
23007,Franklin County,ME,13.6,56509.0,30828,5.404178019981831,0.7460749967561957,1.7840923835474245,0,0,0.0
23009,Hancock County,ME,10.1,72647.0,56526,6.402363514135089,1.2967483989668471,1.9566217315925414,2,1,3.5381948130064043
23011,Kennebec County,ME,11.5,64643.0,127259,6.816020870822492,0.9618180246583738,2.339323741346388,4,1,3.1431961590142934
23013,Knox County,ME,8.6,70533.0,40977,5.712960929301802,0.9151475217805111,2.0035629743514654,1,1,2.440393391414696
23015,Lincoln County,ME,9.8,74569.0,36507,4.886734051003916,0.9011970307064399,1.4682115758621634,0,0,0.0
23017,Oxford County,ME,14.5,60220.0,59905,5.328436691428095,0.6593773474668224,1.7677990151072531,2,1,3.3386194808446708
23019,Penobscot County,ME,12.6,65215.0,155312,7.507468836921804,1.204671886267642,2.1756206861028122,3,1,1.9315957556402594
23021,Piscataquis County,ME,15.3,51787.0,17486,6.296465744023793,0.7949216516069999,2.0931030538716686,0,0,0.0
23023,Sagadahoc County,ME,8.7,83180.0,37513,6.091221709807271,1.100951670087703,2.0952736384719963,1,1,2.665742542585237
23025,Somerset County,ME,13.3,56422.0,51302,5.147947448442558,0.7524073135550271,1.6763479006666406,0,0,0.0
23027,Waldo County,ME,12.7,68345.0,40620,4.899064500246187,0.6597735105859183,1.691285081240768,0,0,0.0
23029,Washington County,ME,20.1,48104.0,31555,11.132942481381713,0.8905086357154175,2.684202186658216,4,1,12.676279511963239
23031,York County,ME,8.1,85445.0,218586,7.267620067158919,1.5101607605244618,2.3244855571720056,3,1,1.3724575224396804
24001,Allegany County,MD,18.8,54759.0,67273,13.659268948909665,7.885778841437129,2.0676943201581617,0,0,0.0
24003,Anne Arundel County,MD,6.3,116956.0,594582,37.938921797161704,20.212350861613704,10.731572768768647,2,1,0.3363707613079441
24005,Baltimore County,MD,9.8,86807.0,844703,48.41891173584089,32.1501166682254,7.950605123931133,3,1,0.3551544152204976
24009,Calvert County,MD,4.9,124486.0,94728,25.37686850772739,14.5300228021282,5.496790811586859,1,1,1.055654083269994
24011,Caroline County,MD,13.3,63491.0,33593,26.606733545679162,13.87789122733903,9.40076801714643,0,0,0.0
24013,Carroll County,MD,6.4,113885.0,176639,14.663239714898745,4.636575161770617,5.314228454644784,1,1,0.5661263933785857
24015,Cecil County,MD,10.0,87592.0,105672,18.305700658641832,8.908698614580967,5.685517450223332,1,1,0.9463244757362403
24017,Charles County,MD,7.8,105141.0,171973,68.5421548731487,54.170712844458144,8.248387828321889,1,1,0.5814866287149727
24019,Dorchester County,MD,15.7,63087.0,32879,38.72076401350406,29.502113811247302,6.368806837190912,2,1,6.0829100641747
24021,Frederick County,MD,6.4,114089.0,293391,34.58320125702561,12.511290394047533,13.196723825884229,1,1,0.34084208445385167
24023,Garrett County,MD,10.8,65991.0,28423,4.418956478907932,1.1856595011082574,1.4741582521197623,1,1,3.5182774513598143
24025,Harford County,MD,7.3,104553.0,264644,27.78222820090386,16.334396396668733,5.907558833754024,2,1,0.755732228956636
24027,Howard County,MD,5.6,140113.0,336001,53.61739994821444,21.668387891702704,8.854437933220437,1,1,0.2976181618507088
24029,Kent County,MD,13.0,69781.0,19303,23.022328135522972,14.044449049370565,5.947262083613946,1,1,5.180541884681137
24031,Montgomery County,MD,7.2,125076.0,1058474,59.37169925761048,20.864281975749996,21.09810916470315,1,1,0.09447563190026396
24033,Prince George's County,MD,11.0,97171.0,947430,89.01544177406247,62.936048045765915,22.75566532619824,3,1,0.31664608467116306
24035,Queen Anne's County,MD,6.5,112527.0,52508,15.334806124780986,6.284756608516798,5.671516721261522,0,0,0.0
24037,St. Mary's County,MD,8.4,102345.0,115281,28.649994361603383,16.083309478578432,6.273366816734761,0,0,0.0
24039,Somerset County,MD,22.9,51841.0,24910,48.71938980329185,40.79486150140506,4.700923323966278,0,0,0.0
24041,Talbot County,MD,10.1,80371.0,37823,25.534727546730828,12.944504666472781,9.636993363826244,0,0,0.0
24043,Washington County,MD,11.5,71685.0,155813,27.101076290168347,14.087399639311226,8.438320294198816,2,1,1.2835899443563759
24045,Wicomico County,MD,15.4,70975.0,104800,40.81679389312976,28.045801526717558,7.218511450381679,0,0,0.0
24047,Worcester County,MD,10.1,75459.0,54171,20.097469125546873,12.60083808679921,4.0242934411400935,0,0,0.0
24510,Baltimore city,MD,20.2,58616.0,565239,73.40133996415675,61.34467013068808,8.204494028189846,1,1,0.17691631327633092
25001,Barnstable County,MA,8.9,89448.0,231735,11.492869009860396,4.01104710121475,3.7598981595356764,1,1,0.4315273912011565
25003,Berkshire County,MA,12.5,74535.0,126818,13.678657603810185,3.9710451197779495,5.906890189089877,2,1,1.5770631929221404
25005,Bristol County,MA,12.7,81047.0,581841,22.23030003042068,8.28490945120746,10.431544012883245,2,1,0.3437365190833922
25007,Dukes County,MA,8.5,94059.0,20819,13.41082664873433,5.571833421393919,3.3959364042461213,1,1,4.803304673615448
25009,Essex County,MA,9.6,96303.0,810089,33.80974189255749,8.074915225364126,24.468052275737605,4,1,0.49377290643373756
25011,Franklin County,MA,11.9,71256.0,70836,11.278163645603934,1.9947484330001695,5.536732734767632,1,1,1.411711559094246
25013,Hampden County,MA,17.6,67155.0,460291,40.290164265649345,11.658059792609459,27.414831052529813,2,1,0.43450773532395814
25015,Hampshire County,MA,12.4,80839.0,162502,18.458234360192492,3.7747227726427983,7.45590823497557,1,1,0.6153770415133353
25017,Middlesex County,MA,7.7,123288.0,1623952,31.871139048444785,6.353020286313881,9.39147216173877,3,1,0.18473452417312827
25019,Nantucket County,MA,6.5,108671.0,14444,30.51093879811686,11.57574079202437,17.045139850456938,0,0,0.0
25021,Norfolk County,MA,7.7,123449.0,727473,29.66653057914177,9.056830975170213,6.009845038922407,2,1,0.27492429272289143
25023,Plymouth County,MA,8.0,107828.0,535308,20.891337323559522,12.784228892525425,5.035979286691027,1,1,0.1868083421133254
25025,Suffolk County,MA,15.1,91386.0,768425,54.985587402804434,23.896151218401275,23.402283892377266,5,1,0.6506815889644403
25027,Worcester County,MA,10.9,93561.0,866866,27.289223478599922,7.175042048021263,13.941716482132186,3,1,0.3460742490765586
26001,Alcona County,MI,15.8,53033.0,10489,5.4723996567833,0.8485079607207551,1.7351511106873867,0,0,0.0
26003,Alger County,MI,12.9,62543.0,8757,17.50599520383693,7.685280347150851,1.8271097407788055,0,0,0.0
26005,Allegan County,MI,9.9,78772.0,121939,12.93187577395255,1.5893192497888289,8.373038978505646,1,1,0.8200821722336579
26007,Alpena County,MI,15.9,53480.0,28904,5.28300581234431,0.7023249377248824,1.712565734846388,0,0,0.0
26009,Antrim County,MI,10.1,72369.0,24409,5.936334958416978,0.5817526322258183,2.2204924413126306,0,0,0.0
26011,Arenac County,MI,15.0,56213.0,15145,6.622647738527565,0.7131066358534169,2.3836249587322547,0,0,0.0
26013,Baraga County,MI,15.6,55856.0,8310,27.85800240673887,7.858002406738869,1.97352587244284,0,0,0.0
26015,Barry County,MI,8.3,75377.0,63808,7.458312437311932,0.9622617853560682,3.7769558676028083,0,0,0.0
26017,Bay County,MI,12.8,59523.0,102500,11.112195121951219,2.0682926829268293,6.0078048780487805,1,1,0.9756097560975611
26019,Benzie County,MI,9.7,65594.0,18441,6.751260777615098,0.8296730112249878,2.543246027872675,1,1,5.422699419771162
26021,Berrien County,MI,13.6,62758.0,152261,25.344638482605532,13.933311878944707,6.423181247988651,1,1,0.6567669987718457
26023,Branch County,MI,14.9,57641.0,45215,12.230454495189647,2.7137012053522063,7.010947694349221,0,0,0.0
26025,Calhoun County,MI,14.0,58617.0,133366,24.091597558598142,11.340971461991812,6.078010887332604,0,0,0.0
26027,Cass County,MI,12.3,68720.0,51642,14.337167421865926,5.038534526160877,4.600906239107703,1,1,1.9364083497928044
26029,Charlevoix County,MI,9.1,78405.0,26159,6.823655338506828,0.6498719370006498,2.2286784663022288,0,0,0.0
26031,Cheboygan County,MI,14.0,61488.0,26048,9.041001228501234,1.0672604422604424,1.869625307125307,0,0,0.0
26033,Chippewa County,MI,13.6,59852.0,36264,30.873593646591658,6.130046326935804,2.324619457313038,0,0,0.0
26035,Clare County,MI,21.1,47793.0,31316,5.961808660109846,0.8973048920679525,2.3789756035253546,0,0,0.0
26037,Clinton County,MI,7.0,91911.0,79720,11.596838936276965,2.183893627696939,5.33492222779729,1,1,1.2543903662819869
26039,Crawford County,MI,14.0,59220.0,13538,6.330329443049198,0.8937804697887428,2.437583099423844,0,0,0.0
26041,Delta County,MI,14.1,58072.0,36790,8.157107909758087,0.5218809459092144,1.530307148681707,0,0,0.0
26043,Dickinson County,MI,11.8,61704.0,25982,5.996459087060268,0.5580786698483565,2.055269032407051,0,0,0.0
26045,Eaton County,MI,10.1,73130.0,108820,18.94504686638485,7.411321448263187,6.4693990075353796,0,0,0.0
26047,Emmet County,MI,9.4,77292.0,34123,9.204935087770716,0.8381443601090174,2.171555842100636,0,0,0.0
26049,Genesee County,MI,17.9,60192.0,401522,28.729932606432527,20.233511488785172,4.3601595927495875,3,1,0.7471570673587001
26051,Gladwin County,MI,14.2,51395.0,25853,5.00908985417553,0.572467411905775,2.320813832050439,0,0,0.0
26053,Gogebic County,MI,17.3,48043.0,14224,8.584083239595053,0.8014623172103487,2.0880202474690663,0,0,0.0
26055,Grand Traverse County,MI,7.4,82824.0,96421,8.118563383495292,0.925109675278207,3.458790097592848,0,0,0.0
26057,Gratiot County,MI,16.3,60251.0,41368,16.244440146973503,6.43250821891317,7.716109069812416,0,0,0.0
26059,Hillsdale County,MI,14.8,58676.0,45587,6.164037993287563,0.7655691315506614,2.9109175861539476,0,0,0.0
26061,Houghton County,MI,17.1,56074.0,37599,7.564030958270163,1.0505598553153008,1.8803691587542222,0,0,0.0
26063,Huron County,MI,14.3,59319.0,30927,5.7522553108933945,0.7792543732014098,2.8971448895786853,1,1,3.233420635690497
26065,Ingham County,MI,16.2,63483.0,284637,31.592168270463784,12.558100317246177,8.73357996325144,1,1,0.35132466966697934
26067,Ionia County,MI,13.3,70177.0,66262,13.541698107512602,5.681989677341463,5.449578944191241,2,1,3.018321209743141
26069,Iosco County,MI,18.8,52734.0,25373,7.3069798604816105,1.0128877152879046,2.971662791155953,0,0,0.0
26071,Iron County,MI,17.9,49137.0,11740,6.720613287904598,0.7666098807495741,2.37649063032368,0,0,0.0
26073,Isabella County,MI,21.0,53213.0,64118,15.819270719610723,2.776131507532986,5.241897751021554,0,0,0.0
26075,Jackson County,MI,13.7,64070.0,159424,16.202077478924124,8.011340826977118,4.170639301485347,0,0,0.0
26077,Kalamazoo County,MI,13.0,67671.0,262215,24.25871899014168,11.8227408805751,6.073641858780009,1,1,0.38136643593997294
26079,Kalkaska County,MI,14.0,60410.0,18490,6.836127636560308,0.8653326122228231,2.4121146565711196,0,0,0.0
26081,Kent County,MI,10.5,79715.0,661354,28.120794612265144,10.871333657919964,11.69585426261881,3,1,0.45361485679378966
26083,Keweenaw County,MI,12.0,54912.0,2172,4.189686924493552,0.32228360957642727,1.6114180478821363,1,1,46.04051565377532
26085,Lake County,MI,21.2,50660.0,12734,23.252709282236527,10.664363122349615,9.093764724359982,0,0,0.0
26087,Lapeer County,MI,9.4,71515.0,88977,9.177652651808899,1.4779100216909988,5.2002202816458185,0,0,0.0
26089,Leelanau County,MI,7.2,91727.0,23019,9.822320691602593,0.6646683174768669,4.357270081237239,0,0,0.0
26091,Lenawee County,MI,10.6,65707.0,97520,14.29860541427399,2.648687448728466,9.11402789171452,1,1,1.0254306808859721
26093,Livingston County,MI,5.6,103737.0,196757,6.406887683792695,0.7491474255045564,2.947798553545744,0,0,0.0
26095,Luce County,MI,20.2,51664.0,6435,24.33566433566433,13.084693084693084,2.0823620823620823,0,0,0.0
26097,Mackinac County,MI,13.6,51353.0,10851,28.10800847848125,4.183946180075569,2.6172702976684175,0,0,0.0
26099,Macomb County,MI,10.6,73929.0,875101,25.25925578876038,14.071632874376785,3.256424115616369,3,1,0.34281757191455614
26101,Manistee County,MI,14.1,57434.0,25562,11.564040372427819,3.462170409201158,3.649949143259526,1,1,3.912056959549331
26103,Marquette County,MI,14.3,62319.0,66999,8.459827758623263,1.5671875699637308,2.0910759862087493,1,1,1.4925595904416484
26105,Mason County,MI,14.6,59543.0,29159,9.479063068006443,1.0151239754449741,5.072190404334854,1,1,3.4294728900168043
26107,Mecosta County,MI,18.4,59260.0,41099,9.367624516411588,2.5426409401688606,3.0706343220029684,0,0,0.0
26109,Menominee County,MI,14.8,55853.0,22945,8.433209849640445,0.9980387884070604,2.6759642623665285,0,0,0.0
26111,Midland County,MI,12.1,73722.0,84039,9.471792858077798,1.4826449624579066,3.592379728459406,7,1,8.329466081224194
26113,Missaukee County,MI,11.5,66397.0,15311,6.857814643067073,0.64659395206061,3.526876102148782,1,1,6.531252041016263
26115,Monroe County,MI,11.3,73617.0,155045,10.342803702150993,3.1010351833338707,4.535457447837724,2,1,1.2899480795897964
26117,Montcalm County,MI,13.8,64912.0,68154,11.350764445226991,4.378319687765942,4.5191771576136395,0,0,0.0
26119,Montmorency County,MI,17.7,47374.0,9678,5.497003513122545,0.6302955156023972,1.942550113659847,0,0,0.0
26121,Muskegon County,MI,14.0,61223.0,176564,24.19632541174871,13.641512426089124,6.407874764957749,1,1,0.566366869803584
26123,Newaygo County,MI,14.0,61951.0,51108,10.575643734836039,1.2952962354230257,6.341472959223605,0,0,0.0
26125,Oakland County,MI,8.3,92230.0,1270426,30.025518999138868,13.93320035956443,5.148115671436195,3,1,0.23614126285198825
26127,Oceana County,MI,14.8,61907.0,26981,19.131981764945706,1.2823838997813275,15.559097142433565,0,0,0.0
26129,Ogemaw County,MI,15.7,51390.0,20990,6.236303001429255,0.7384468794664126,2.2725107193901857,0,0,0.0
26131,Ontonagon County,MI,13.0,51306.0,5906,6.586522180833054,0.4571622079241449,1.947172367084321,0,0,0.0
26133,Osceola County,MI,16.8,55388.0,23330,6.63951993141877,1.178739819974282,2.276039434204886,0,0,0.0
26135,Oscoda County,MI,18.7,49622.0,8545,6.179052077238156,0.7489760093622001,2.2820362785254535,0,0,0.0
26137,Otsego County,MI,10.4,69029.0,25747,6.369674136792636,0.741834000077679,2.1478230473453217,0,0,0.0
26139,Ottawa County,MI,9.0,81772.0,303372,17.093205701251268,2.133024801234128,10.400762100655301,1,1,0.32962831111638513
26141,Presque Isle County,MI,13.1,54675.0,13285,5.20135491155439,0.64734663153933,1.836657884832518,0,0,0.0
26143,Roscommon County,MI,15.7,54305.0,23863,5.74529606503793,0.6956375979549931,2.061769266228052,0,0,0.0
26145,Saginaw County,MI,16.2,59188.0,187782,31.499824264306486,19.138682088805105,9.335825584986846,0,0,0.0
26147,St. Clair County,MI,11.7,68831.0,159874,9.501232220373545,2.5638940665774297,3.796739932696999,2,1,1.25098515080626
26149,St. Joseph County,MI,11.7,65540.0,60878,15.526134235684486,2.574000459936266,9.563389073228423,0,0,0.0
26151,Sanilac County,MI,13.3,57382.0,40368,7.077388030122867,0.6985731272294887,4.377229488703924,0,0,0.0
26153,Schoolcraft County,MI,14.5,56019.0,8149,16.05104920849184,0.6749294391949933,1.8407166523499816,1,1,12.271444348999877
26155,Shiawassee County,MI,12.2,63988.0,68025,6.331495773612639,0.7717750826901875,3.13561190738699,0,0,0.0
26157,Tuscola County,MI,14.3,64273.0,52826,7.424374361110065,1.3251050619013365,3.888236853064779,1,1,1.8930072312876236
26159,Van Buren County,MI,14.7,66174.0,75798,20.11266788041901,3.7415235230481017,12.799810021372595,0,0,0.0
26161,Washtenaw County,MI,14.6,84704.0,365536,31.09680031515364,12.310415390002627,5.824870874551344,2,1,0.5471417315941521
26163,Wayne County,MI,20.6,57418.0,1751169,51.25507589501641,38.111912670907266,6.996640529840352,18,1,1.0278848015240105
26165,Wexford County,MI,13.4,59697.0,34122,6.995486782720828,0.8997127952640526,2.8398100931950063,1,1,2.930660570892679
27001,Aitkin County,MN,12.1,59844.0,16102,6.229039870823505,0.5651471866848838,1.4656564401937648,0,0,0.0
27003,Anoka County,MN,6.5,96661.0,372441,25.205334536208422,9.68126495203267,6.002561479536356,3,1,0.8054967095459414
27005,Becker County,MN,11.8,71719.0,35283,13.53059547090667,0.7595725987019244,2.1114984553467675,1,1,2.83422611455942
27007,Beltrami County,MN,17.1,65855.0,46718,28.633503146538807,0.8840275696733593,2.572884113189777,3,1,6.421507770024402
27009,Benton County,MN,13.7,74677.0,41600,13.824519230769228,5.983173076923077,3.798076923076923,0,0,0.0
27011,Big Stone County,MN,11.8,62245.0,5105,6.287952987267387,0.7835455435847208,2.879529872673849,0,0,0.0
27013,Blue Earth County,MN,14.3,67236.0,70006,15.130131702996884,5.362397508784961,4.843870525383538,1,1,1.428448990086564
27015,Brown County,MN,8.1,71884.0,25628,7.722022787576089,0.6711409395973155,5.334009676915874,0,0,0.0
27017,Carlton County,MN,9.1,75512.0,36825,12.537678207739312,1.9497623896809233,2.0583842498302785,1,1,2.715546503733876
27019,Carver County,MN,4.6,129437.0,111057,13.505677264827975,2.4617988960623824,5.145105666459566,0,0,0.0
27021,Cass County,MN,14.7,61490.0,31446,16.18329835273167,0.5374292437829931,1.990714240284933,1,1,3.180054696940787
27023,Chippewa County,MN,13.5,75774.0,12172,17.581334209661513,1.0762405520867564,10.606309562931317,0,0,0.0
27025,Chisago County,MN,5.6,91338.0,58535,9.194499017681734,1.6366276586657555,3.0614162466900146,0,0,0.0
27027,Clay County,MN,13.1,72172.0,66258,16.04485496091038,5.7487397748196445,5.080141265960337,0,0,0.0
27029,Clearwater County,MN,13.0,62435.0,8644,15.42110134197131,0.7519666820916242,1.0874595094863488,0,0,0.0
27031,Cook County,MN,10.7,62435.0,5639,16.49228586628835,1.8265649937932258,3.4048590175563045,1,1,17.733640716439083
27033,Cottonwood County,MN,11.2,63898.0,11319,20.478840887004157,1.7227670288894779,12.297906175457197,0,0,0.0
27035,Crow Wing County,MN,9.2,74540.0,68304,5.722944483485593,0.8842820332630593,1.71293042867182,1,1,1.4640431014289061
27037,Dakota County,MN,6.0,100012.0,447440,26.704586089755054,9.358796710173431,8.832469157875916,6,1,1.3409619166815663
27039,Dodge County,MN,7.4,87661.0,21088,9.332321699544766,0.9958270106221547,5.429628224582701,0,0,0.0
27041,Douglas County,MN,8.7,76508.0,39953,5.326258353565438,0.8009411057993142,2.4103321402648112,0,0,0.0
27043,Faribault County,MN,11.3,65264.0,13873,11.590859943775678,1.1316946586895409,8.455272832119945,0,0,0.0
27045,Fillmore County,MN,9.6,69157.0,21522,4.688226001300999,0.6690827989963758,2.049066071926401,0,0,0.0
27047,Freeborn County,MN,10.5,66215.0,30515,18.132066196952323,1.7204653449123382,10.817630673439291,0,0,0.0
27049,Goodhue County,MN,7.3,83979.0,48035,9.303632767773495,1.5738523992921827,4.184448839387946,1,1,2.0818153429790778
27051,Grant County,MN,10.7,72935.0,6139,6.580876364228705,0.8633327903567356,2.801759244176576,0,0,0.0
27053,Hennepin County,MN,10.1,93642.0,1258713,33.53647733836069,14.669904894920446,7.8523857305040945,11,1,0.8739085081348965
27055,Houston County,MN,7.8,77043.0,18582,5.139382197825848,0.8718114304165321,1.6037025078032505,0,0,0.0
27057,Hubbard County,MN,10.7,72166.0,22132,8.43123079703597,0.6461232604373758,2.8284836435929877,0,0,0.0
27059,Isanti County,MN,7.7,85799.0,43182,8.77448937057107,1.2945208651753046,2.679357139548886,0,0,0.0
27061,Itasca County,MN,12.7,65386.0,45365,8.42058855946214,0.5775377493662515,1.5937396671442743,0,0,0.0
27063,Jackson County,MN,8.0,72413.0,9919,10.474846254662772,1.1795543905635648,5.222300635144672,0,0,0.0
27065,Kanabec County,MN,10.0,70384.0,16602,6.475123479098899,0.7348512227442476,1.9636188411034816,0,0,0.0
27067,Kandiyohi County,MN,12.1,69160.0,43813,23.582041859722004,6.434163376166891,14.639490562161916,0,0,0.0
27069,Kittson County,MN,9.2,72224.0,4060,6.576354679802954,1.0344827586206897,2.9064039408866993,0,0,0.0
27071,Koochiching County,MN,12.4,64009.0,11751,7.7780614415794425,0.8339715768870735,1.582844013275466,0,0,0.0
27073,Lac qui Parle County,MN,9.5,67947.0,6630,7.179487179487176,0.799396681749623,3.7104072398190047,0,0,0.0
27075,Lake County,MN,8.7,71573.0,10855,5.508982035928145,0.5711653615845232,1.7319207738369415,1,1,9.212344541685859
27077,Lake of the Woods County,MN,10.5,65778.0,3778,8.125992588671249,0.9264160931709899,1.9057702488088937,0,0,0.0
27079,Le Sueur County,MN,7.4,78885.0,29255,10.254657323534444,1.022047513245599,6.850111092121005,0,0,0.0
27081,Lincoln County,MN,9.7,65021.0,5521,5.596812171708021,0.3984785364970114,2.716899112479623,0,0,0.0
27083,Lyon County,MN,11.2,69161.0,25427,18.50788531875566,3.51988044204979,8.062295984583317,1,1,3.9328273095528377
27085,McLeod County,MN,7.9,75691.0,36785,11.058855511757514,1.0411852657333152,7.774908250645644,0,0,0.0
27087,Mahnomen County,MN,19.3,54177.0,5280,54.98106060606061,0.6439393939393939,3.9583333333333335,0,0,0.0
27089,Marshall County,MN,9.1,69843.0,8810,7.80930760499432,0.681044267877412,4.835414301929625,0,0,0.0
27091,Martin County,MN,13.2,59843.0,19657,11.024062674874092,1.0276237472656051,7.7173525970392225,0,0,0.0
27093,Meeker County,MN,8.4,75351.0,23490,6.866751809280547,0.7535121328224776,4.542358450404428,0,0,0.0
27095,Mille Lacs County,MN,10.7,70512.0,27427,11.207933787873259,0.7292084442337843,2.5339993437124,1,1,3.646042221168921
27097,Morrison County,MN,10.2,68639.0,34250,4.551824817518247,0.8116788321167884,1.9503649635036497,0,0,0.0
27099,Mower County,MN,13.1,66578.0,40058,26.621398971491338,4.16895501522792,13.665185481052474,0,0,0.0
27101,Murray County,MN,10.5,74801.0,8049,9.566405764691266,0.6087712759348988,5.391974158280532,0,0,0.0
27103,Nicollet County,MN,8.7,74482.0,34242,13.687868699258221,4.494480462589802,5.624671456106536,0,0,0.0
27105,Nobles County,MN,11.3,63576.0,21727,46.877157453859255,4.736042711833203,34.657338795047636,0,0,0.0
27107,Norman County,MN,12.3,62716.0,6329,12.324221835993043,0.8532153578764418,5.925106651919735,0,0,0.0
27109,Olmsted County,MN,8.0,89431.0,164784,23.735920963200307,8.237450237887174,6.100713661520536,2,1,1.213710068938732
27111,Otter Tail County,MN,10.6,69107.0,60626,7.985022927456864,1.571932834097582,3.8712763500808234,0,0,0.0
27113,Pennington County,MN,10.3,73104.0,13714,11.098147878080788,1.1593991541490447,4.943852996937436,0,0,0.0
27115,Pine County,MN,11.3,69619.0,30197,11.660098685299868,2.424081862436666,2.9539358214392157,1,1,3.311587243765937
27117,Pipestone County,MN,10.3,69117.0,9245,14.256354786371006,1.7631151974040022,8.491076257436452,0,0,0.0
27119,Polk County,MN,10.7,68136.0,30412,14.208207286597396,2.831119295015126,7.026831513876101,0,0,0.0
27121,Pope County,MN,8.7,64480.0,11400,5.0438596491228065,0.5526315789473685,2.236842105263158,0,0,0.0
27123,Ramsey County,MN,11.9,77764.0,536075,41.38077694352469,13.724758662500584,8.455719815324349,6,1,1.1192463741081005
27125,Red Lake County,MN,9.9,70019.0,3911,9.281513679365894,0.9971874200971619,3.7074916901048325,0,0,0.0
27127,Redwood County,MN,11.9,71012.0,15288,14.671637885923605,1.1054421768707483,4.585295656724228,0,0,0.0
27129,Renville County,MN,11.2,70098.0,14348,14.684973515472544,0.8572623362141065,10.60078059659883,0,0,0.0
27131,Rice County,MN,10.3,81824.0,67948,21.93883558014953,7.227585800906575,10.509507270265496,0,0,0.0
27133,Rock County,MN,9.8,71923.0,9551,8.29232541095173,1.0993613234216313,4.072871950581091,0,0,0.0
27135,Roseau County,MN,9.0,74057.0,15252,9.592184631523736,0.9310254392866509,2.1111985313401522,0,0,0.0
27137,St. Louis County,MN,13.3,67311.0,200514,9.485621951584433,1.5904126395164428,1.9659475148867411,7,1,3.49102805789122
27139,Scott County,MN,5.3,111370.0,155814,23.770007829848407,7.548744015300294,6.580281617826382,1,1,0.6417908531967602
27141,Sherburne County,MN,5.7,101487.0,102206,13.006085748390506,5.0339510400563565,3.634815959924075,0,0,0.0
27143,Sibley County,MN,8.8,76019.0,15084,12.954123574648635,1.1933174224343674,9.43383717846725,0,0,0.0
27145,Stearns County,MN,11.0,75116.0,160977,19.34127235567814,10.185927182144033,4.896351652720575,1,1,0.6212067562446809
27147,Steele County,MN,7.8,78500.0,37421,15.389754415969648,3.7759546778546804,9.043050693460891,0,0,0.0
27149,Stevens County,MN,8.9,74512.0,9728,18.821957236842103,1.5316611842105263,12.489720394736842,0,0,0.0
27151,Swift County,MN,10.5,69245.0,9719,13.499331206914288,1.419899166580924,7.367013067187982,0,0,0.0
27153,Todd County,MN,11.7,60951.0,25667,13.075154868118599,1.3441383878131452,10.215451747379904,0,0,0.0
27155,Traverse County,MN,13.6,67634.0,3136,14.795918367346939,0.9566326530612245,6.058673469387755,0,0,0.0
27157,Wabasha County,MN,8.1,81349.0,21683,6.2675828990453315,0.7194576396255131,3.5972881981275653,0,0,0.0
27159,Wadena County,MN,13.5,55449.0,14241,6.958780984481427,1.2428902464714557,2.6823958991643844,0,0,0.0
27161,Waseca County,MN,9.4,70833.0,18981,12.802275960170695,2.318107581265476,7.691902428744534,0,0,0.0
27163,Washington County,MN,5.0,111118.0,278936,22.211546734734856,6.009263773768893,5.399446468006998,4,1,1.434020707259013
27165,Watonwan County,MN,10.0,64868.0,11077,33.673377268213414,1.3812404080527219,30.603954139207367,0,0,0.0
27167,Wilkin County,MN,10.1,75073.0,6306,8.801141769743104,0.935616872819537,3.964478274659055,0,0,0.0
27169,Winona County,MN,12.1,71907.0,49721,10.381931175961867,2.1218398664548177,3.8937269966412584,1,1,2.011222622232055
27171,Wright County,MN,5.4,104303.0,151150,10.83625537545485,2.9268938140919616,3.735362222957327,1,1,0.6615944426066821
27173,Yellow Medicine County,MN,9.7,69009.0,9467,12.263652688285621,1.2358719763388613,5.587831414386818,0,0,0.0
28001,Adams County,MS,25.2,44385.0,28746,62.69394002643847,56.1956446114242,4.633688165309956,0,0,0.0
28003,Alcorn County,MS,18.7,48556.0,34135,18.596748205654023,12.714222938333089,3.8611395927933208,0,0,0.0
28005,Amite County,MS,22.8,46108.0,12442,41.038418260729784,38.45040990194502,1.4386754541070568,0,0,0.0
28007,Attala County,MS,19.4,52128.0,17359,48.3668414079152,44.708796589665305,2.13721988593813,0,0,0.0
28009,Benton County,MS,20.0,47969.0,7438,39.05619790266201,34.61952137671417,2.554450121000269,0,0,0.0
28011,Bolivar County,MS,38.7,39920.0,28968,67.67122341894505,63.690969345484675,2.7823805578569454,1,1,3.452085059375863
28013,Calhoun County,MS,17.5,46966.0,12685,36.129286558927866,28.443042964130864,6.582577847851794,0,0,0.0
28015,Carroll County,MS,17.2,55290.0,9535,36.7697954902989,33.61300471945464,1.8353434714210803,0,0,0.0
28017,Chickasaw County,MS,19.6,44599.0,16866,50.39131981501246,44.841693347563144,4.120716233843235,0,0,0.0
28019,Choctaw County,MS,17.1,50545.0,8088,32.418397626112764,28.733926805143422,1.95351137487636,0,0,0.0
28021,Claiborne County,MS,32.7,28579.0,8617,89.10293605663225,86.48021353139144,1.4274109318788442,0,0,0.0
28023,Clarke County,MS,18.3,47811.0,15228,37.00420278434463,34.47596532702916,1.1491988442343053,0,0,0.0
28025,Clay County,MS,20.7,52673.0,18206,62.792485993628475,60.37020762386027,1.2468417005382841,0,0,0.0
28027,Coahoma County,MS,30.8,35552.0,20077,80.98819544752702,77.00851720874633,3.1379190118045526,0,0,0.0
28029,Copiah County,MS,21.4,47870.0,27664,56.23554077501446,50.48076923076923,4.6631000578369,0,0,0.0
28031,Covington County,MS,19.3,48382.0,18059,40.32892186721302,36.16479317791683,2.72994074976466,0,0,0.0
28033,DeSoto County,MS,9.2,81956.0,193247,44.36808850848914,35.16794568609086,5.889354039131267,1,1,0.5174724575284481
28035,Forrest County,MS,19.0,51328.0,78208,44.04664484451718,37.16883183306056,4.442000818330605,1,1,1.2786415711947627
28037,Franklin County,MS,18.7,48075.0,7610,37.398160315374504,34.533508541392905,1.314060446780552,0,0,0.0
28039,George County,MS,14.4,63349.0,25619,13.638315312853743,7.951130020687771,3.25929973847535,0,0,0.0
28041,Greene County,MS,22.1,54057.0,13601,28.659657378133964,25.7113447540622,1.5366517167855305,0,0,0.0
28043,Grenada County,MS,20.9,49210.0,21065,47.41514360313316,44.29147875623072,1.6045573225729883,0,0,0.0
28045,Hancock County,MS,15.6,61126.0,46159,16.003379622608804,8.425225849780109,4.218028986763144,1,1,2.1664247492363353
28047,Harrison County,MS,16.0,56692.0,210612,38.43133344728695,26.1827436233453,6.815376141910242,1,1,0.4748067536512639
28049,Hinds County,MS,21.0,50965.0,214870,76.96421091822963,73.34667473355982,2.1650300181505098,2,1,0.9307953646390842
28051,Holmes County,MS,35.6,30542.0,15777,84.8957342967611,83.13367560372694,1.1409013120365088,0,0,0.0
28053,Humphreys County,MS,32.8,31538.0,7216,79.54545454545455,76.89855875831486,1.2610864745011086,0,0,0.0
28055,Issaquena County,MS,49.6,36986.0,1256,70.85987261146497,61.06687898089172,9.47452229299363,0,0,0.0
28057,Itawamba County,MS,14.0,56977.0,24093,11.48881417839206,7.6121695098161295,1.9549246669157017,0,0,0.0
28059,Jackson County,MS,13.4,66751.0,146389,33.49841859702573,21.595884936709727,7.7724419184501565,1,1,0.6831114359685496
28061,Jasper County,MS,20.1,46577.0,16013,55.173921189033905,52.35121463810654,1.6174358333853744,0,0,0.0
28063,Jefferson County,MS,30.2,37617.0,6941,86.38524708255295,84.16654660711713,1.0661287998847429,0,0,0.0
28065,Jefferson Davis County,MS,25.0,39794.0,10969,61.52794238307959,58.92971100373781,1.2216245783571884,0,0,0.0
28067,Jones County,MS,19.0,50310.0,66250,36.84075471698113,29.350943396226416,6.2279245283018865,0,0,0.0
28069,Kemper County,MS,25.9,42461.0,8584,66.51910531220877,60.40307548928239,1.0135135135135136,0,0,0.0
28071,Lafayette County,MS,14.1,72838.0,58467,30.83790856380523,23.828826517522707,3.572955684403168,0,0,0.0
28073,Lamar County,MS,13.1,63079.0,66217,29.09977800262772,22.667894951447515,3.7558330942205176,0,0,0.0
28075,Lauderdale County,MS,23.6,51437.0,70527,49.43071447814312,45.11321905085995,2.5437066655323495,1,1,1.4178966920470175
28077,Lawrence County,MS,19.0,49431.0,11741,36.427902222979306,32.63776509666979,2.325185248275275,0,0,0.0
28079,Leake County,MS,20.6,47849.0,21258,53.30699030953052,39.73092482829993,6.6469093988145636,0,0,0.0
28081,Lee County,MS,13.5,64744.0,82799,37.40745661179483,31.45810939745649,3.5580139856761557,1,1,1.20774405487989
28083,Leflore County,MS,28.8,33945.0,26378,78.96353021457276,75.10804458260672,3.3588596557737507,0,0,0.0
28085,Lincoln County,MS,18.9,52040.0,34702,32.72433865483257,29.6726413463201,1.3601521526136822,0,0,0.0
28087,Lowndes County,MS,19.9,53883.0,57283,50.06022729256499,45.72037079063597,2.2921285547195502,0,0,0.0
28089,Madison County,MS,10.0,82057.0,112511,45.721751650949685,38.29403347228271,3.8156269164792778,0,0,0.0
28091,Marion County,MS,21.5,47020.0,24224,34.99009247027741,31.21284676354029,1.9319682959048876,0,0,0.0
28093,Marshall County,MS,21.1,52334.0,34123,51.9532280280163,45.23342027371567,5.406910295108871,0,0,0.0
28095,Monroe County,MS,17.3,50639.0,33609,33.812371686155494,30.700110089559345,1.6394418161801898,0,0,0.0
28097,Montgomery County,MS,21.6,46424.0,9600,47.197916666666664,44.03125,1.59375,0,0,0.0
28099,Neshoba County,MS,20.5,49446.0,28789,42.64476015144674,21.907673069575186,1.9799228872138663,0,0,0.0
28101,Newton County,MS,18.3,49338.0,21019,40.13511584756648,31.59522336933251,1.9601313097673534,0,0,0.0
28103,Noxubee County,MS,28.9,37567.0,9914,74.63183377042566,71.90841234617713,1.936655235021182,0,0,0.0
28105,Oktibbeha County,MS,25.5,47584.0,51203,44.55793605843408,37.753647247231605,2.3611897740366774,0,0,0.0
28107,Panola County,MS,26.2,46097.0,32669,53.24007468854266,49.82705316967155,2.133521075025253,0,0,0.0
28109,Pearl River County,MS,18.9,54266.0,57978,19.2193590672324,12.052847631860361,4.368898547724999,0,0,0.0
28111,Perry County,MS,19.6,46201.0,11315,22.93415819708352,18.992487847989395,2.05037560760053,0,0,0.0
28113,Pike County,MS,23.6,41815.0,39394,58.69929430877798,55.4805300299538,1.7693049703000456,0,0,0.0
28115,Pontotoc County,MS,13.3,51490.0,31535,24.96591089265895,16.44521959727287,7.1793245600126845,0,0,0.0
28117,Prentiss County,MS,17.7,50292.0,25135,19.156554605132282,15.321265168092301,1.5476427292619852,0,0,0.0
28119,Quitman County,MS,32.1,35150.0,5546,75.87450414713307,73.16985214569058,0.5589614136314461,0,0,0.0
28121,Rankin County,MS,9.8,70794.0,160417,29.134692707132036,23.215743967285263,3.292668482766789,0,0,0.0
28123,Scott County,MS,21.1,48112.0,27507,53.539099138401134,37.53953539099138,15.60330097793289,0,0,0.0
28125,Sharkey County,MS,34.5,37098.0,3336,76.85851318944844,72.84172661870504,2.7278177458033572,0,0,0.0
28127,Simpson County,MS,20.1,53352.0,25715,38.533929613066306,35.10013610733035,1.8627260353879058,0,0,0.0
28129,Smith County,MS,16.8,53814.0,14099,26.966451521384492,24.179019788637493,1.7731754025108164,0,0,0.0
28131,Stone County,MS,15.6,56686.0,18756,23.544465770953295,18.45276178289614,2.708466624013649,0,0,0.0
28133,Sunflower County,MS,32.5,43980.0,24468,76.89635442210235,73.64312571521988,2.7341834232466895,0,0,0.0
28135,Tallahatchie County,MS,31.2,42319.0,11837,63.32685646701022,56.931654980146995,4.122666216102053,0,0,0.0
28137,Tate County,MS,15.1,62784.0,28261,35.398605852588375,30.430628781713317,3.418138070131984,0,0,0.0
28139,Tippah County,MS,17.3,53452.0,21287,23.714003852116317,16.517123126791,5.37417202987739,0,0,0.0
28141,Tishomingo County,MS,15.4,47264.0,18507,7.834873291187117,3.0474955422272654,3.3068568649700114,0,0,0.0
28143,Tunica County,MS,27.6,39659.0,9234,81.93632228719949,78.00519818063678,2.5557721464154213,0,0,0.0
28145,Union County,MS,14.9,55304.0,28284,23.062508838919527,15.874699476735964,4.921510394569368,0,0,0.0
28147,Walthall County,MS,20.6,48909.0,13863,46.60607372141672,42.18423140734329,2.091899300295751,0,0,0.0
28149,Warren County,MS,20.8,55783.0,42298,53.69048181947137,49.79195233817202,2.1466736015887276,0,0,0.0
28151,Washington County,MS,35.5,39081.0,41946,76.36961808038907,73.69236637581652,1.5829876507891099,0,0,0.0
28153,Wayne County,MS,21.0,45573.0,19703,43.91716997411562,40.71968735725524,1.867735877785109,0,0,0.0
28155,Webster County,MS,16.4,54929.0,9988,21.85622747296756,18.03163796555867,2.0824989987985583,0,0,0.0
28157,Wilkinson County,MS,32.2,36240.0,8058,71.61826756018863,69.47133283693225,1.2285927029039463,0,0,0.0
28159,Winston County,MS,27.4,48990.0,17416,50.430638493339465,46.279283417547084,1.8661001378043178,0,0,0.0
28161,Yalobusha County,MS,20.7,50790.0,12386,41.902147585984174,38.204424350072664,1.9215243016308736,1,1,8.073631519457452
28163,Yazoo County,MS,30.9,42434.0,25796,64.75810203132268,58.43541634361917,4.6635137230578385,0,0,0.0
29001,Adair County,MO,18.2,56954.0,25122,12.232306345036225,3.9328078974603935,3.188440410795319,0,0,0.0
29003,Andrew County,MO,8.4,75926.0,18127,6.879240911347717,1.3791581618580018,2.7693495890108677,1,1,5.516632647432008
29005,Atchison County,MO,11.3,56797.0,5107,4.914822792245932,0.5874290189935383,2.2713922067750145,0,0,0.0
29007,Audrain County,MO,15.1,55957.0,24394,12.48667705173403,5.792407969172747,3.2794949577765022,0,0,0.0
29009,Barry County,MO,15.5,53303.0,35265,16.529136537643552,0.8336877924287537,10.52034595207713,0,0,0.0
29011,Barton County,MO,15.5,50185.0,11731,8.06410365697724,0.809820134685875,3.1369874690989685,0,0,0.0
29013,Bates County,MO,13.9,56178.0,16242,7.492919591183355,1.650043098140623,2.8383204038911463,0,0,0.0
29015,Benton County,MO,18.1,50946.0,20552,6.223238614246784,0.8077072790969249,2.2528221097703387,0,0,0.0
29017,Bollinger County,MO,14.6,53134.0,10544,4.969650986342944,0.7587253414264037,1.7071320182094083,0,0,0.0
29019,Boone County,MO,14.4,70153.0,189463,23.283701830964354,10.155017074573927,4.495336820381816,1,1,0.5278075402585202
29021,Buchanan County,MO,15.1,60575.0,82956,18.860600800424322,6.171946574087468,7.618496552389218,1,1,1.2054583152514586
29023,Butler County,MO,18.6,48059.0,41948,12.73481453227806,6.059883665490608,2.5412415371412225,0,0,0.0
29025,Caldwell County,MO,11.5,62916.0,8955,7.225013958682302,1.027359017308766,2.434394193188163,0,0,0.0
29027,Callaway County,MO,13.0,64214.0,44731,11.00355458183363,4.987592497373186,2.568688381659252,1,1,2.2355860588853367
29029,Camden County,MO,10.9,63903.0,44044,7.167832167832167,0.810553083280356,3.6100263372990646,0,0,0.0
29031,Cape Girardeau County,MO,12.6,67445.0,82984,15.806661525113274,8.300395256916996,3.05721584883833,0,0,0.0
29033,Carroll County,MO,12.9,56690.0,8391,6.97175545227029,2.1451555237754736,2.6933619354069838,0,0,0.0
29035,Carter County,MO,19.4,43801.0,5303,6.9960399773713045,0.7354327739015651,2.376013577220441,0,0,0.0
29037,Cass County,MO,7.0,85283.0,111732,14.967064046110334,5.458597357963699,5.652812086063079,1,1,0.8949987470017541
29039,Cedar County,MO,15.0,48789.0,14672,6.618047982551801,0.886041439476554,2.371864776444929,1,1,6.815703380588877
29041,Chariton County,MO,10.4,56070.0,7399,6.244087038789026,2.540883903230166,1.6218407892958508,0,0,0.0
29043,Christian County,MO,7.4,79714.0,94422,8.635699307364808,1.1734553387981614,3.9217555230772487,0,0,0.0
29045,Clark County,MO,14.5,56191.0,6641,4.125884655925316,0.6474928474627315,0.9787682577925011,0,0,0.0
29047,Clay County,MO,7.8,84816.0,259772,22.451226460126573,8.286882342977687,8.19256886808432,3,1,1.154858876245323
29049,Clinton County,MO,9.7,76875.0,21548,7.33246705030629,1.5036198255058475,2.8448115834416186,1,1,4.640801930573603
29051,Cole County,MO,9.4,74002.0,77278,19.318564145034813,11.672144724242346,3.7462149641553872,0,0,0.0
29053,Cooper County,MO,10.2,70769.0,16947,11.28813359296631,5.546704431462795,2.1242697822623473,0,0,0.0
29055,Crawford County,MO,14.7,55253.0,22719,5.717681235969896,0.7922883929750429,2.5309212553369425,0,0,0.0
29057,Dade County,MO,14.2,53959.0,7716,7.452047693105235,0.7257646448937273,2.423535510627268,0,0,0.0
29059,Dallas County,MO,15.9,63112.0,17768,6.38226024313372,0.6303466906798739,2.330031517334534,0,0,0.0
29061,Daviess County,MO,12.8,59385.0,8551,4.6076482282773945,0.5730323938720617,1.800958952169337,0,0,0.0
29063,DeKalb County,MO,11.6,63946.0,9899,8.63723608445297,3.6872411354682293,2.454793413476109,0,0,0.0
29065,Dent County,MO,17.5,49324.0,14647,6.677135249539157,0.7578343688127261,2.3417764729978834,0,0,0.0
29067,Douglas County,MO,16.3,43336.0,12228,7.785410533202485,0.850507033038927,2.6987242394504416,0,0,0.0
29069,Dunklin County,MO,23.0,45570.0,27032,21.896271086120155,11.020272269902337,7.801864456939923,0,0,0.0
29071,Franklin County,MO,9.8,70389.0,106404,5.862561557836177,1.0431938648922974,2.4040449607157623,3,1,2.8194428780872896
29073,Gasconade County,MO,10.5,62203.0,14705,4.719483168990135,0.7480448826929615,1.7273036382182931,0,0,0.0
29075,Gentry County,MO,14.5,54610.0,6287,5.201208843645622,1.0020677588675044,2.02004135517735,0,0,0.0
29077,Greene County,MO,14.1,59740.0,304611,14.68495884915515,3.607223639330162,5.2703283860399,2,1,0.6565751072679581
29079,Grundy County,MO,16.0,48491.0,9815,7.508914926133469,1.1207335710646968,2.893530310748854,0,0,0.0
29081,Harrison County,MO,16.2,50489.0,8220,5.632603406326031,0.5352798053527981,2.6885644768856447,0,0,0.0
29083,Henry County,MO,16.3,55216.0,22485,7.658438959306202,1.4187235935067823,3.1710028908160997,0,0,0.0
29085,Hickory County,MO,17.5,48213.0,8718,6.469373709566417,0.791465932553338,1.9729295710025234,0,0,0.0
29087,Holt County,MO,12.2,61260.0,4248,5.602636534839922,0.9887005649717514,1.9303201506591336,1,1,23.54048964218456
29089,Howard County,MO,12.0,57674.0,10101,10.860310860310863,5.118305118305118,2.356202356202356,0,0,0.0
29091,Howell County,MO,16.7,48727.0,40735,6.866331164845951,0.7020989321222536,2.747023444212594,0,0,0.0
29093,Iron County,MO,19.0,48241.0,9440,6.673728813559321,1.6101694915254237,2.330508474576271,7,1,74.15254237288136
29095,Jackson County,MO,12.0,66102.0,718560,39.6939712758851,23.140586729013584,11.542390336228012,4,1,0.55666889334224
29097,Jasper County,MO,15.5,55152.0,125056,18.50850818833163,2.4197159672466735,10.040301944728762,2,1,1.5992835209826
29099,Jefferson County,MO,9.2,81517.0,231230,7.116291138693076,1.4185010595510963,2.7297495999654022,11,1,4.7571681875189205
29101,Johnson County,MO,13.6,68326.0,54962,14.91575997962229,4.523125068228958,5.201775772351807,0,0,0.0
29103,Knox County,MO,16.6,50083.0,3723,4.72737040021488,1.04754230459307,0.8863819500402901,0,0,0.0
29105,Laclede County,MO,17.0,52211.0,36680,8.020719738276993,1.1368593238822247,3.1243184296619413,0,0,0.0
29107,Lafayette County,MO,11.2,67178.0,33196,9.094469213158208,2.280395228340764,3.500421737558742,0,0,0.0
29109,Lawrence County,MO,14.9,58128.0,38872,12.914179872401732,0.8643753858818687,8.60516567194896,0,0,0.0
29111,Lewis County,MO,15.3,57912.0,9818,7.934406192707277,3.401914850275005,1.9148502750050926,0,0,0.0
29113,Lincoln County,MO,8.4,79954.0,64699,7.78219137853754,2.1035873815669484,2.9784077033648124,1,1,1.5456189431057668
29115,Linn County,MO,15.3,53836.0,11791,6.123314392333135,1.1025358324145536,3.0531761513018405,0,0,0.0
29117,Livingston County,MO,13.9,59389.0,14557,8.339630418355426,3.2905131551830733,2.246341966064436,0,0,0.0
29119,McDonald County,MO,18.2,54452.0,23903,26.009287537129232,2.0666861900179896,12.37919926369075,0,0,0.0
29121,Macon County,MO,12.5,58887.0,15161,7.380779631950396,2.486643361255854,1.998548908383352,0,0,0.0
29123,Madison County,MO,16.0,52339.0,12698,6.843597416916047,1.3466687667349189,2.701212789415656,0,0,0.0
29125,Maries County,MO,11.8,58983.0,8430,6.358244365361799,0.9252669039145908,2.2775800711743774,0,0,0.0
29127,Marion County,MO,12.4,60780.0,28336,10.290796160361381,4.644268774703558,2.0927442123094298,0,0,0.0
29129,Mercer County,MO,12.8,55282.0,3469,8.792159123666766,0.6918420294032862,5.505909484001153,0,0,0.0
29131,Miller County,MO,14.4,55031.0,25590,6.049237983587341,0.9495896834701055,2.3016803438843296,0,0,0.0
29133,Mississippi County,MO,20.5,48342.0,11822,27.99018778548469,23.287091862628998,2.3261715445779054,0,0,0.0
29135,Moniteau County,MO,10.2,63971.0,15256,10.808862087047721,2.464604090194022,6.0631882538017825,0,0,0.0
29137,Monroe County,MO,12.3,54624.0,8698,8.11680846171534,2.9547022303977926,1.7935157507472983,1,1,11.496895838123706
29139,Montgomery County,MO,14.7,57686.0,11459,6.876690810716468,1.701719172702679,2.4085871367484075,0,0,0.0
29141,Morgan County,MO,14.9,52072.0,21970,7.018661811561222,1.0104688211197086,2.7810650887573964,0,0,0.0
29143,New Madrid County,MO,19.9,53843.0,15424,21.213692946058092,16.610477178423235,2.0811721991701244,3,1,19.45020746887967
29145,Newton County,MO,13.0,63292.0,60677,16.774065955798733,1.2344051287967435,6.99935725233614,0,0,0.0
29147,Nodaway County,MO,15.1,55749.0,20695,7.499395989369417,2.3483933317226384,2.2517516308287027,0,0,0.0
29149,Oregon County,MO,18.9,41462.0,8720,6.869266055045875,0.5619266055045872,1.7775229357798166,0,0,0.0
29151,Osage County,MO,10.5,73660.0,13468,3.111078111078114,0.49005049005049006,1.150876150876151,0,0,0.0
29153,Ozark County,MO,20.2,45234.0,8970,6.209587513935344,0.5016722408026756,2.329988851727982,0,0,0.0
29155,Pemiscot County,MO,27.4,42080.0,14613,32.80640525559433,26.18900978580716,3.4147676726202696,0,0,0.0
29157,Perry County,MO,10.0,64302.0,18950,5.931398416886546,0.7757255936675461,2.575197889182058,1,1,5.277044854881266
29159,Pettis County,MO,14.0,55021.0,43530,17.509763381575926,3.6044107512060646,10.142430507695842,0,0,0.0
29161,Phelps County,MO,15.8,53151.0,45284,12.357565586078966,2.6499425845773343,3.19097252892854,0,0,0.0
29163,Pike County,MO,14.6,59147.0,17935,10.922776693615832,6.116531920825202,2.470030666294954,0,0,0.0
29165,Platte County,MO,6.1,96353.0,111940,21.984098624262995,8.771663391102376,7.26103269608719,0,0,0.0
29167,Polk County,MO,14.6,56628.0,32780,7.79133618059793,1.0036607687614398,3.1421598535692494,0,0,0.0
29169,Pulaski County,MO,11.4,71856.0,53812,30.366832676726386,11.476993979038133,11.484427265293986,0,0,0.0
29171,Putnam County,MO,15.3,51967.0,4638,6.20957309184994,0.30185424752048295,3.21259163432514,0,0,0.0
29173,Ralls County,MO,10.0,68550.0,10489,4.957574601963966,1.4014682047859663,1.2870626370483365,0,0,0.0
29175,Randolph County,MO,13.8,59692.0,24109,11.551702683645114,4.956655191007507,2.7292712265129206,0,0,0.0
29177,Ray County,MO,9.9,70993.0,23182,7.247001984298162,1.4407730135449919,3.002329393494953,0,0,0.0
29179,Reynolds County,MO,19.8,43674.0,5950,7.361344537815128,1.546218487394958,1.7142857142857142,2,1,33.61344537815126
29181,Ripley County,MO,20.5,43485.0,10806,6.459374421617625,1.0457153433277808,1.7305200814362391,0,0,0.0
29183,St. Charles County,MO,5.5,98765.0,416659,15.98645415075637,6.250435008004147,4.23679795708241,4,1,0.9600176643250236
29185,St. Clair County,MO,18.2,50578.0,9752,5.978260869565222,0.881870385561936,2.4200164068908943,0,0,0.0
29186,Ste. Genevieve County,MO,9.6,71557.0,18642,5.77727711618925,1.7701963308657869,1.5824482351679003,1,1,5.3642313056539
29187,St. Francois County,MO,15.3,55578.0,67058,8.33010229950193,4.185928599123147,1.9818664439738733,0,0,0.0
29189,St. Louis County,MO,9.7,81631.0,987059,36.50126284244407,25.28977497799017,3.8823413797959394,4,1,0.4052442660469131
29195,Saline County,MO,17.6,53943.0,23049,24.578072801423055,6.382055620634301,12.772788407306173,0,0,0.0
29197,Schuyler County,MO,14.5,52078.0,4053,3.9970392301998503,0.3700962250185048,1.5544041450777202,0,0,0.0
29199,Scotland County,MO,13.1,57063.0,4676,3.5500427715996596,0.1710863986313088,1.347305389221557,0,0,0.0
29201,Scott County,MO,15.1,60088.0,37889,17.72282192720842,12.35186993586529,2.6894349283433185,0,0,0.0
29203,Shannon County,MO,22.9,44439.0,7238,7.792207792207795,0.7598784194528876,2.804642166344294,0,0,0.0
29205,Shelby County,MO,15.3,56121.0,5931,5.800033721126285,1.3825661777103355,2.3267577137076376,0,0,0.0
29207,Stoddard County,MO,13.7,51741.0,28397,5.856252421030394,1.4226854949466492,2.3382751699123148,1,1,3.521498749867944
29209,Stone County,MO,12.3,62394.0,32658,6.880396839977953,0.6246555208524711,3.1661461203992896,0,0,0.0
29211,Sullivan County,MO,12.9,51492.0,5797,22.960151802656547,3.2085561497326203,17.905813351733656,0,0,0.0
29213,Taney County,MO,13.6,54514.0,56775,13.557023337736684,1.9621312197269924,7.582562747688243,1,1,1.7613386173491854
29215,Texas County,MO,20.3,47273.0,25619,9.773995862445839,4.020453569616301,2.59572973183965,0,0,0.0
29217,Vernon County,MO,16.9,53602.0,19710,7.35667174023339,0.9944190766108574,2.841197361745307,0,0,0.0
29219,Warren County,MO,8.6,77075.0,37806,9.339787335343598,2.430831085012961,4.19774638946199,0,0,0.0
29221,Washington County,MO,19.7,49510.0,23534,6.348262088892664,2.7662105889351576,1.1685221381830544,0,0,0.0
29223,Wayne County,MO,22.4,41315.0,10811,5.993895106835634,1.054481546572935,1.6094718342429009,0,0,0.0
29225,Webster County,MO,12.9,69841.0,41472,6.778067129629628,1.2297453703703705,2.507716049382716,0,0,0.0
29227,Worth County,MO,13.4,50765.0,1907,4.6670162558993145,1.1012060828526482,2.149973780807551,0,0,0.0
29229,Wright County,MO,17.5,47612.0,19403,6.787610163376801,0.9379992784620935,2.9067669947946193,0,0,0.0
29510,St. Louis city,MO,20.1,55231.0,281754,54.322919994037356,43.24943035413872,5.2684256479056195,4,1,1.4196781589613634
30001,Beaverhead County,MT,12.9,63084.0,9885,10.75366717248356,0.5058168942842691,5.361659079413252,1,1,10.116337885685383
30003,Big Horn County,MT,21.7,51259.0,12751,73.35110971688495,0.44702376284213,5.042741745745432,0,0,0.0
30005,Blaine County,MT,20.5,56865.0,6899,55.384838382374255,0.5363096100884186,2.9714451369763735,0,0,0.0
30007,Broadwater County,MT,8.7,72933.0,8032,7.744023904382469,0.796812749003984,3.772410358565737,0,0,0.0
30009,Carbon County,MT,10.6,72463.0,11419,7.610123478413167,0.8582187582100008,3.073824327874595,0,0,0.0
30011,Carter County,MT,13.7,55704.0,1418,5.077574047954869,0.3526093088857546,1.2693935119887165,0,0,0.0
30013,Cascade County,MT,12.1,65018.0,84900,15.912838633686688,1.641931684334511,5.3992932862190814,1,1,1.1778563015312131
30015,Chouteau County,MT,15.0,61903.0,5847,23.15717461946297,0.23943902856165555,3.198221310073542,0,0,0.0
30017,Custer County,MT,13.6,58850.0,11985,9.703796412181898,0.8176887776387151,3.479349186483104,1,1,8.343763037129746
30019,Daniels County,MT,10.7,56695.0,1633,9.49173300673607,0.3061849357011635,3.7966932026944273,0,0,0.0
30021,Dawson County,MT,12.7,60663.0,8810,9.023836549375709,0.6242905788876277,3.8024971623155506,1,1,11.350737797956867
30023,Deer Lodge County,MT,13.0,56648.0,9673,9.324925049105758,0.5272407732864675,3.6286570867362764,0,0,0.0
30025,Fallon County,MT,9.1,66776.0,2994,6.2792251169004665,0.5344021376085505,2.1042084168336674,0,0,0.0
30027,Fergus County,MT,11.2,63717.0,11772,7.161060142711517,0.4332313965341488,2.5569147128780156,2,1,16.989466530750935
30029,Flathead County,MT,9.9,74150.0,113679,8.775587399607666,0.37298005788228256,3.9488383958338833,4,1,3.5186797913422883
30031,Gallatin County,MT,8.8,90942.0,126409,10.58231613255385,0.5537580393801075,5.493279750650665,2,1,1.582165826800307
30033,Garfield County,MT,16.9,53069.0,1211,3.798513625103217,0.41288191577208916,1.0734929810074318,0,0,0.0
30035,Glacier County,MT,28.0,51416.0,13609,70.27702255860093,0.4114923947387758,3.1155852744507313,1,1,7.34807847747814
30037,Golden Valley County,MT,16.4,47927.0,835,10.419161676646704,1.437125748502994,4.311377245508982,0,0,0.0
30039,Granite County,MT,11.6,65695.0,3595,7.5660639777468734,0.5563282336578581,3.1432545201668987,0,0,0.0
30041,Hill County,MT,19.0,51435.0,16276,32.022609977881544,0.6512656672401081,3.7601376259523223,1,1,6.144015728680266
30043,Jefferson County,MT,8.5,85163.0,13048,8.61434702636419,0.5977927651747394,3.0732679337829554,0,0,0.0
30045,Judith Basin County,MT,13.7,57166.0,2093,5.781175346392741,0.09555661729574773,3.201146679407549,0,0,0.0
30047,Lake County,MT,13.9,60882.0,33338,33.754274401583785,0.4769332293478913,4.511368408422821,1,1,2.999580058791769
30049,Lewis and Clark County,MT,9.3,76816.0,75011,9.799896015251097,0.5585847409046674,4.202050365946328,4,1,5.332551225820213
30051,Liberty County,MT,16.5,60846.0,1974,6.534954407294835,0.7598784194528876,1.2664640324214793,0,0,0.0
30053,Lincoln County,MT,15.2,51941.0,21895,7.919616350765013,0.5160995661109843,3.197076958209637,1,1,4.567252797442339
30055,McCone County,MT,14.6,56696.0,1676,5.906921241050123,0.7159904534606205,2.028639618138425,0,0,0.0
30057,Madison County,MT,9.1,73316.0,9521,8.486503518537969,0.829744774708539,4.400798235479466,0,0,0.0
30059,Meagher County,MT,13.8,55193.0,2071,6.518590053114437,0.7725736359246741,2.5108643167551907,0,0,0.0
30061,Mineral County,MT,13.4,58832.0,5090,10.589390962671906,0.5893909626719057,4.106090373280943,0,0,0.0
30063,Missoula County,MT,11.4,72882.0,121849,12.613973032195592,0.574481530418797,4.984037620333363,3,1,2.462063701794844
30065,Musselshell County,MT,16.3,55991.0,5308,10.889223813112281,0.9984928409947249,4.464958553127355,0,0,0.0
30067,Park County,MT,11.3,63958.0,17903,7.579735239903929,0.5027090431771212,3.630676422945875,0,0,0.0
30069,Petroleum County,MT,13.0,50164.0,554,5.415162454873645,0.18050541516245489,1.8050541516245486,0,0,0.0
30071,Phillips County,MT,16.8,53212.0,4249,17.510002353494937,0.2588844433984467,3.2007531183807956,1,1,23.53494939985879
30073,Pondera County,MT,19.3,47659.0,6125,20.93061224489796,0.5224489795918368,2.693877551020408,0,0,0.0
30075,Powder River County,MT,11.7,56746.0,1743,8.491107286288013,0.3442340791738382,2.8112449799196786,1,1,57.37234652897303
30077,Powell County,MT,16.8,61354.0,7133,12.533295948408806,1.2757605495583906,3.294546474134305,1,1,14.01934669844385
30079,Prairie County,MT,13.4,52555.0,1112,10.79136690647482,0.3597122302158273,3.866906474820144,0,0,0.0
30081,Ravalli County,MT,10.7,70624.0,47738,8.626251623444636,0.4734174033264904,4.392726968033852,2,1,4.1895345427123045
30083,Richland County,MT,9.5,74540.0,11173,11.858945672603593,0.5728094513559474,5.683343775172291,1,1,8.950147677436679
30085,Roosevelt County,MT,24.3,51596.0,10319,67.28365151661984,0.47485221436185676,3.0913848241108632,1,1,9.690861517588914
30087,Rosebud County,MT,20.2,60218.0,8160,45.490196078431374,0.39215686274509803,4.473039215686274,4,1,49.01960784313725
30089,Sanders County,MT,14.5,54599.0,13684,10.669394913767904,0.32885121309558607,3.6904413914060217,2,1,14.615609470914938
30091,Sheridan County,MT,11.9,58094.0,3498,9.69125214408233,0.40022870211549455,3.8879359634076613,1,1,28.587764436821043
30093,Silver Bow County,MT,15.8,58406.0,36360,10.019251925192519,0.6683168316831684,4.65071507150715,1,1,2.7502750275027505
30095,Stillwater County,MT,8.3,81392.0,9173,7.74010683527745,0.32704676768777935,3.7828409462553143,0,0,0.0
30097,Sweet Grass County,MT,10.0,70052.0,3763,7.60031889449907,0.3986181238373638,3.109221365931438,0,0,0.0
30099,Teton County,MT,13.3,71393.0,6430,8.367029548989112,0.2954898911353033,2.223950233281493,1,1,15.552099533437016
30101,Toole County,MT,17.0,52399.0,5133,16.052990453925574,1.7533606078316775,4.519774011299435,0,0,0.0
30103,Treasure County,MT,12.6,61560.0,772,10.880829015544046,0.0,4.7927461139896375,0,0,0.0
30105,Valley County,MT,15.4,63507.0,7474,15.199357773615196,0.6020872357506021,2.568905539202569,0,0,0.0
30107,Wheatland County,MT,18.5,47545.0,2057,9.625668449197866,0.4375303840544482,4.375303840544483,0,0,0.0
30109,Wibaux County,MT,12.7,56108.0,910,9.78021978021978,0.43956043956043955,4.835164835164835,0,0,0.0
30111,Yellowstone County,MT,9.9,70221.0,170843,15.353277570635026,0.6766446386448377,6.766446386448377,2,1,1.1706654647834562
31001,Adams County,NE,11.9,66695.0,30899,16.942295867180167,1.4110489012589404,12.747985371694877,0,0,0.0
31003,Antelope County,NE,10.6,65907.0,6302,6.283719454141545,0.5077753094255791,4.236750238019677,0,0,0.0
31005,Arthur County,NE,13.3,54974.0,412,2.669902912621358,0.0,0.4854368932038835,0,0,0.0
31007,Banner County,NE,11.6,67307.0,674,11.572700296735905,1.632047477744807,8.6053412462908,0,0,0.0
31009,Blaine County,NE,16.3,52512.0,436,6.65137614678899,0.45871559633027525,2.981651376146789,0,0,0.0
31011,Boone County,NE,9.7,66345.0,5310,6.779661016949157,0.6779661016949152,4.595103578154426,0,0,0.0
31013,Box Butte County,NE,12.0,66613.0,10692,20.88477366255144,1.954732510288066,13.093901982790872,0,0,0.0
31015,Boyd County,NE,12.6,49077.0,1725,6.086956521739129,0.17391304347826086,2.260869565217391,0,0,0.0
31017,Brown County,NE,11.6,58896.0,2853,10.515247108307047,0.5257623554153522,6.624605678233438,0,0,0.0
31019,Buffalo County,NE,8.1,76686.0,50697,15.328323174941316,1.3176322070339468,10.913860780716808,0,0,0.0
31021,Burt County,NE,10.3,67113.0,6727,8.75576036866359,0.9662553887319756,3.7609632822952284,0,0,0.0
31023,Butler County,NE,8.3,74710.0,8459,9.114552547582456,0.933916538597943,6.348268116798676,0,0,0.0
31025,Cass County,NE,6.6,83291.0,27446,8.157837207607665,0.9363841725570211,4.313925526488378,1,1,3.643518181155724
31027,Cedar County,NE,8.6,69895.0,8262,5.1682401355603975,0.6414911643669814,2.674897119341564,0,0,0.0
31029,Chase County,NE,9.8,67334.0,3724,18.501611170784106,0.8861439312567132,16.08485499462943,0,0,0.0
31031,Cherry County,NE,11.0,55132.0,5492,15.331391114348147,0.5644573925710124,3.350327749453751,0,0,0.0
31033,Cheyenne County,NE,12.3,60177.0,9541,13.373860182370823,0.8908919400482129,9.118541033434651,0,0,0.0
31035,Clay County,NE,9.6,67568.0,6116,12.540876389797251,0.9483322432962721,9.990189666448659,0,0,0.0
31037,Colfax County,NE,9.7,70792.0,10566,55.290554609123596,6.341094075335984,48.05035017982207,0,0,0.0
31039,Cuming County,NE,8.6,65814.0,8918,14.678178963893252,0.8073559093967257,12.357030724377664,0,0,0.0
31041,Custer County,NE,8.9,65151.0,10581,6.908609772233243,0.8505812305075134,4.044986296191286,0,0,0.0
31043,Dakota County,NE,13.6,70126.0,21268,58.15309384991536,8.769042693248073,41.91743464359601,0,0,0.0
31045,Dawes County,NE,15.6,54925.0,8133,14.016967908520838,1.8443378827001107,5.336284273945654,0,0,0.0
31047,Dawson County,NE,10.5,67619.0,24085,47.13307037575254,7.606394021175006,37.52958272783891,0,0,0.0
31049,Deuel County,NE,11.9,58676.0,1871,11.330839123463388,0.21378941742383753,8.391234633885622,0,0,0.0
31051,Dixon County,NE,8.4,67521.0,5491,18.43015844108541,1.675468949189583,15.807685303223456,0,0,0.0
31053,Dodge County,NE,9.8,66833.0,37187,21.82752037002178,1.4790114825073277,18.436550407400436,1,1,2.68911178637696
31055,Douglas County,NE,11.5,77747.0,589540,33.37127251755606,11.55477151677579,14.698069681446551,5,1,0.8481188723411472
31057,Dundy County,NE,13.5,55818.0,1561,11.467008327994876,1.1531069827033953,7.3030108904548365,0,0,0.0
31059,Fillmore County,NE,8.8,69021.0,5548,6.578947368421051,0.5948089401586157,3.9473684210526314,0,0,0.0
31061,Franklin County,NE,12.6,58346.0,2825,6.477876106194691,0.8141592920353983,3.7876106194690267,0,0,0.0
31063,Frontier County,NE,13.1,62676.0,2585,6.42166344294004,0.6576402321083172,3.520309477756286,0,0,0.0
31065,Furnas County,NE,12.0,59530.0,4556,8.077260755048288,0.7243195785776997,5.245829675153644,0,0,0.0
31067,Gage County,NE,10.3,66947.0,21634,7.025977627808078,0.864380142368494,3.586946473144125,1,1,4.622353702505316
31069,Garden County,NE,15.9,44135.0,1794,8.862876254180607,0.39018952062430323,5.6298773690078034,0,0,0.0
31071,Garfield County,NE,10.9,51135.0,1763,3.2331253545093586,0.28360748723766305,1.6449234259784458,0,0,0.0
31073,Gosper County,NE,8.9,73056.0,1847,10.016242555495403,1.2994044396318354,6.442880346507851,0,0,0.0
31075,Grant County,NE,10.3,63607.0,565,4.2477876106194685,0.17699115044247787,2.1238938053097347,0,0,0.0
31077,Greeley County,NE,10.8,60686.0,2219,5.182514646237046,0.8111762054979721,3.4249662009914377,0,0,0.0
31079,Hall County,NE,10.8,69725.0,62197,38.82502371497017,3.987330578645272,33.011238484171265,1,1,1.6077945881634161
31081,Hamilton County,NE,7.4,84805.0,9537,7.371290762294224,0.6081577015833071,4.770892314144909,0,0,0.0
31083,Harlan County,NE,10.1,63159.0,3045,5.812807881773397,0.722495894909688,2.922824302134647,0,0,0.0
31085,Hayes County,NE,13.5,59966.0,846,11.93853427895981,0.8274231678486997,8.39243498817967,0,0,0.0
31087,Hitchcock County,NE,14.2,55551.0,2552,7.366771159874608,0.43103448275862066,4.427899686520377,0,0,0.0
31089,Holt County,NE,11.8,65815.0,10093,8.15416625383929,0.6341028435549391,5.9645298721886455,0,0,0.0
31091,Hooker County,NE,9.6,53010.0,679,4.418262150220908,0.0,2.503681885125184,0,0,0.0
31093,Howard County,NE,10.1,68795.0,6527,6.005821970277314,0.5975180021449364,3.5085031407997547,0,0,0.0
31095,Jefferson County,NE,11.0,63707.0,7054,8.619223135809474,0.8080521689821378,5.741423305925716,0,0,0.0
31097,Johnson County,NE,12.9,64134.0,5198,22.47018083878415,7.310504040015391,11.523662947287418,0,0,0.0
31099,Kearney County,NE,7.9,77458.0,6770,9.217134416543571,0.45790251107828656,7.267355982274742,0,0,0.0
31101,Keith County,NE,11.2,57160.0,8113,12.979169234561816,1.0846789103907308,9.466288672500925,0,0,0.0
31103,Keya Paha County,NE,17.3,52077.0,805,4.223602484472044,0.0,2.608695652173913,0,0,0.0
31105,Kimball County,NE,12.3,59686.0,3289,15.810276679841895,0.638491942839769,9.607783520826999,0,0,0.0
31107,Knox County,NE,13.7,60057.0,8298,15.112075198843101,0.5422993492407809,3.0971318389973486,2,1,24.10219329959026
31109,Lancaster County,NE,10.8,71171.0,326716,21.125993217350846,4.5684937376804315,8.670833384346038,2,1,0.6121524504462591
31111,Lincoln County,NE,12.5,63632.0,33365,13.223437734152554,1.3696987861531544,9.417053798891054,0,0,0.0
31113,Logan County,NE,9.2,66333.0,655,7.175572519083973,0.3053435114503817,2.900763358778626,0,0,0.0
31115,Loup County,NE,16.6,61608.0,592,6.081081081081086,1.8581081081081081,3.7162162162162162,0,0,0.0
31117,McPherson County,NE,12.0,55174.0,383,2.610966057441255,0.5221932114882507,0.783289817232376,0,0,0.0
31119,Madison County,NE,11.6,68218.0,35627,22.06191933084458,1.7767423583237432,16.49030229881831,0,0,0.0
31121,Merrick County,NE,9.3,72297.0,7755,9.555125725338486,0.8381689232753062,6.163765312701483,0,0,0.0
31123,Morrill County,NE,14.5,62245.0,4504,18.428063943161632,0.6438721136767318,14.853463587921848,0,0,0.0
31125,Nance County,NE,11.3,61228.0,3274,5.650580329871713,0.7635919364691509,2.7794746487477093,0,0,0.0
31127,Nemaha County,NE,11.8,65868.0,7076,7.447710570944032,1.6817410966647823,3.335217637083098,0,0,0.0
31129,Nuckolls County,NE,10.8,58951.0,4095,7.301587301587298,0.29304029304029305,3.9316239316239314,0,0,0.0
31131,Otoe County,NE,8.0,76448.0,16335,12.855831037649224,1.3039485766758494,9.090909090909092,0,0,0.0
31133,Pawnee County,NE,13.7,55574.0,2512,5.45382165605095,0.8359872611464968,1.9506369426751593,0,0,0.0
31135,Perkins County,NE,9.3,71521.0,2795,7.835420393559933,1.0017889087656529,5.7602862254025045,0,0,0.0
31137,Phelps County,NE,8.3,70550.0,9057,9.848735784476093,0.5189356298995252,7.209892900518936,0,0,0.0
31139,Pierce County,NE,9.2,78454.0,7299,5.67200986436498,0.5754212905877517,3.1237155774763665,0,0,0.0
31141,Platte County,NE,8.4,76785.0,34609,27.325262215030776,1.7394319396688722,24.250917391429976,0,0,0.0
31143,Polk County,NE,7.3,79938.0,5228,9.487375669472076,1.3771996939556235,6.828615149196634,0,0,0.0
31145,Red Willow County,NE,11.5,60614.0,10457,9.610787032609736,1.405756909247394,6.263746772496892,0,0,0.0
31147,Richardson County,NE,11.1,60839.0,7689,9.207959422551692,0.5462348809988294,2.510079334113669,0,0,0.0
31149,Rock County,NE,13.7,56969.0,1271,4.248623131392604,0.3147128245476003,2.3603461841070024,0,0,0.0
31151,Saline County,NE,10.5,76586.0,14555,35.03950532463072,2.033665407076606,29.714874613534867,0,0,0.0
31153,Sarpy County,NE,4.9,101902.0,199886,22.261188877660267,4.706182524038702,11.828742383158401,1,1,0.5002851625426493
31155,Saunders County,NE,6.5,85732.0,23463,5.749477901376632,0.6606145846652176,2.8129395218002813,0,0,0.0
31157,Scotts Bluff County,NE,15.5,57571.0,35699,28.339729404184986,1.1400879576458725,24.135129835569625,1,1,2.801198913134822
31159,Seward County,NE,6.9,81819.0,17671,6.145662384698092,0.8601663742855526,3.0501952351310058,0,0,0.0
31161,Sheridan County,NE,14.6,59842.0,4928,19.318181818181824,0.6696428571428571,5.7021103896103895,0,0,0.0
31163,Sherman County,NE,12.3,57592.0,2983,5.766007375125715,0.8716057660073752,2.8494803888702647,0,0,0.0
31165,Sioux County,NE,14.4,61344.0,1154,9.272097053726169,0.6065857885615251,5.979202772963605,1,1,86.65511265164645
31167,Stanton County,NE,7.2,78112.0,5856,10.382513661202186,1.2978142076502732,7.257513661202186,0,0,0.0
31169,Thayer County,NE,9.3,63574.0,4829,6.39884033961483,0.8697452888796853,3.520397597846345,0,0,0.0
31171,Thomas County,NE,13.0,56844.0,677,10.192023633677994,1.329394387001477,5.612998522895126,1,1,147.71048744460856
31173,Thurston County,NE,19.6,57810.0,6557,63.428397132835144,0.5795333231660821,5.581820954704895,0,0,0.0
31175,Valley County,NE,11.9,56604.0,4012,6.131605184446665,0.5732801595214357,3.7886340977068795,0,0,0.0
31177,Washington County,NE,6.1,88234.0,21152,6.7038577912254205,0.9549924357034796,3.5883131618759454,1,1,4.72768532526475
31179,Wayne County,NE,12.4,68309.0,9874,14.421713591249752,1.8533522382013368,10.168118290459793,0,0,0.0
31181,Webster County,NE,12.5,57002.0,3351,10.384959713518349,0.7460459564309161,6.326469710534169,0,0,0.0
31183,Wheeler County,NE,12.8,56377.0,775,6.7096774193548425,0.3870967741935484,4.258064516129032,0,0,0.0
31185,York County,NE,9.4,73671.0,14356,10.852605182502085,1.894678183337977,6.303984396767902,0,0,0.0
32001,Churchill County,NV,10.8,72065.0,25803,28.67496027593691,2.8485059876758516,15.715226911599427,1,1,3.8755183505793904
32003,Clark County,NV,12.9,75103.0,2336573,61.37634047812759,14.029264225855558,32.134027055863434,18,1,0.7703589830063088
32005,Douglas County,NV,8.2,82025.0,49545,19.989908164295088,0.9324856191341205,13.099202744979312,1,1,2.018367140982945
32007,Elko County,NV,9.0,85829.0,54293,35.087396165251505,1.3906028401451385,26.18017055605695,3,1,5.525574199252206
32009,Esmeralda County,NV,14.8,59057.0,736,37.90760869565217,4.076086956521739,19.02173913043478,0,0,0.0
32011,Eureka County,NV,11.5,81661.0,1917,20.187793427230048,1.6692749087115284,12.206572769953052,0,0,0.0
32013,Humboldt County,NV,10.4,81500.0,17136,35.603408029878615,1.1612978524743232,27.66106442577031,0,0,0.0
32015,Lander County,NV,11.5,87398.0,5769,31.339920263477204,1.1960478419136766,23.314265903969492,0,0,0.0
32017,Lincoln County,NV,13.9,67577.0,4452,15.925426774483375,3.4141958670260557,7.008086253369272,0,0,0.0
32019,Lyon County,NV,9.6,75195.0,62583,29.07658629340236,1.557931067542304,20.272278414265855,1,1,1.5978780179921064
32021,Mineral County,NV,17.3,58039.0,4528,38.53798586572438,4.9249116607773855,13.957597173144876,0,0,0.0
32023,Nye County,NV,15.4,63071.0,55720,29.025484565685566,4.429289303661163,17.90559942569993,4,1,7.178750897343861
32027,Pershing County,NV,16.8,66928.0,6364,35.43368950345695,4.242614707730986,23.884349465744815,0,0,0.0
32029,Storey County,NV,7.4,88684.0,4177,18.86521426861384,1.7476657888436677,10.102944697151065,0,0,0.0
32031,Washoe County,NV,9.9,84282.0,498022,40.22492982237732,3.0813899787559587,26.483167410275048,7,1,1.4055603969302561
32033,White Pine County,NV,12.1,70635.0,8522,27.951185167800986,3.4146913869983573,16.78009856841117,1,1,11.734334663224594
32510,Carson City,NV,10.4,72823.0,58036,36.15514508236267,2.519126059687091,26.666207181749257,1,1,1.723068440278448
33001,Belknap County,NH,8.0,91333.0,65027,5.848339920340784,0.8165838805419288,2.3743983268488473,3,1,4.613468251649315
33003,Carroll County,NH,8.8,77303.0,52448,4.78759914582062,0.6844874923733985,1.801784624771202,0,0,0.0
33005,Cheshire County,NH,9.0,84008.0,77703,7.111694529168755,1.0411438425800805,2.714180919655612,1,1,1.2869515977504087
33007,Coos County,NH,13.5,59592.0,31372,5.941603978069621,0.9467040673211781,2.4352926176208083,2,1,6.375111564452378
33009,Grafton County,NH,9.4,81537.0,93146,10.4974985506624,1.514826186846456,2.9222940330234257,2,1,2.1471668133897324
33011,Hillsborough County,NH,6.5,103181.0,427354,18.43085591804452,3.6803212325144963,8.816344295361692,2,1,0.4679960875527081
33013,Merrimack County,NH,7.7,91357.0,157103,8.696842199066857,1.9923235075078134,2.826171365282649,2,1,1.2730501645417338
33015,Rockingham County,NH,5.4,109660.0,320689,8.76207166444749,1.2463788904514965,3.843911078958118,3,1,0.9354857821752539
33017,Strafford County,NH,9.3,84762.0,133243,10.498112471199239,1.5340393116336317,3.3052392996254962,0,0,0.0
33019,Sullivan County,NH,9.1,74730.0,43969,6.436352884987151,1.0871295685596671,2.1560644999886285,0,0,0.0
34001,Atlantic County,NJ,11.9,75904.0,275213,45.17773506338727,17.28951757366113,20.542270895633564,2,1,0.7267098574558614
34003,Bergen County,NJ,6.6,116157.0,957736,48.1089778394046,8.002205200598077,23.295250465681566,2,1,0.2088258142118496
34005,Burlington County,NJ,6.8,102384.0,469167,36.549245790944376,19.29355645218014,9.988980469640873,0,0,0.0
34007,Camden County,NJ,12.3,82678.0,527196,46.83552227255139,22.486892920280123,19.51930591279145,4,1,0.7587310981115183
34009,Cape May County,NJ,9.4,81007.0,94610,15.077687348060454,4.705633653947785,8.389176619807632,0,0,0.0
34011,Cumberland County,NJ,17.0,64240.0,152326,58.324251933353466,22.322518808345258,36.11464884523981,1,1,0.6564867455326077
34013,Essex County,NJ,14.2,80005.0,851117,70.86276034904719,40.997066208288636,25.2549296982671,1,1,0.11749265964608861
34015,Gloucester County,NJ,8.4,96965.0,308423,25.59958239171527,12.484477487087538,8.693255691047684,1,1,0.32423003472503675
34017,Hudson County,NJ,15.2,88469.0,705472,71.22706500045359,15.6765966615259,40.765615077565094,4,1,0.5669962805043999
34019,Hunterdon County,NJ,4.8,136407.0,130183,19.023989307359635,3.1148460244425156,9.588809598795542,1,1,0.7681494511572171
34021,Mercer County,NJ,10.6,95502.0,381671,56.924419198733986,21.706915117994292,23.327682742466678,3,1,0.786017276659741
34023,Middlesex County,NJ,8.6,104637.0,863623,62.16358295228357,13.119150370010988,23.986623793020797,1,1,0.1157912654016857
34025,Monmouth County,NJ,6.7,117752.0,642799,26.632897686524093,7.248455582538243,12.994108578264745,1,1,0.1555696259639483
34027,Morris County,NJ,4.8,134308.0,514423,33.05431522307517,4.401630564729804,16.283097761958544,1,1,0.1943925524325312
34029,Ocean County,NJ,10.0,85239.0,659197,17.575626102667343,3.9865169289301985,10.997319465956307,2,1,0.3033994390144373
34031,Passaic County,NJ,13.9,81823.0,513395,61.526504932848965,15.060918006603103,44.657037953232894,3,1,0.5843453870801235
34033,Salem County,NJ,10.6,84008.0,65338,29.374942606140376,15.566745232483393,11.858336649423,0,0,0.0
34035,Somerset County,NJ,5.5,140242.0,348842,50.27834951066672,11.174973197034761,17.878867796882258,0,0,0.0
34037,Sussex County,NJ,5.4,109884.0,146132,19.39410943530506,3.489311033859798,12.72069088221608,0,0,0.0
34039,Union County,NJ,8.9,100031.0,572726,63.402045655339556,23.9578786365557,35.26782440468915,3,1,0.5238106878332746
34041,Warren County,NJ,8.3,98857.0,111252,24.999101139754785,7.742782152230971,13.684248373062957,1,1,0.8988602452090749
35001,Bernalillo County,NM,13.5,68286.0,671586,61.718380073438105,3.808000762374439,49.14292436113915,6,1,0.8934075457201311
35003,Catron County,NM,18.6,45802.0,3825,25.202614379084963,1.0196078431372548,17.986928104575163,2,1,52.287581699346404
35005,Chaves County,NM,20.1,51179.0,63561,63.75450354777301,2.7689935652365443,59.05508094586303,1,1,1.5732917984298547
35006,Cibola County,NM,23.7,47530.0,26780,80.69828230022405,1.855862584017924,33.46900672143391,0,0,0.0
35007,Colfax County,NM,17.8,54255.0,12255,52.19910240718074,1.38718890248878,47.31130150958792,0,0,0.0
35009,Curry County,NM,18.9,53858.0,47222,56.58803100249883,7.2593282791919025,46.23480581085087,0,0,0.0
35011,DeBaca County,NM,18.0,48234.0,1657,44.840072420036215,1.327700663850332,40.25347012673506,0,0,0.0
35013,Dona Ana County,NM,19.8,56233.0,225210,72.98077350028862,2.657519648328227,67.97522312508326,9,1,3.9962701478619955
35015,Eddy County,NM,16.5,66485.0,60275,56.56076316880962,2.191621733720448,52.07465781833264,3,1,4.977187888842804
35017,Grant County,NM,19.9,48454.0,27472,52.3988060570763,1.3759464181712289,47.95064065230052,0,0,0.0
35019,Guadalupe County,NM,24.9,43463.0,4292,83.06150978564771,3.2618825722273996,77.14352283317801,0,0,0.0
35021,Harding County,NM,15.1,47606.0,624,45.51282051282052,2.2435897435897436,41.18589743589744,0,0,0.0
35023,Hidalgo County,NM,24.0,45343.0,3965,60.277427490542244,2.1185372005044134,56.494325346784365,0,0,0.0
35025,Lea County,NM,17.0,60820.0,72101,68.96436942622155,4.47982690947421,63.15862470700822,1,1,1.3869433156266902
35027,Lincoln County,NM,16.2,59386.0,20029,39.01343052573768,1.1633131958659944,33.366618403315194,2,1,9.985520994557891
35028,Los Alamos County,NM,3.8,146208.0,19444,29.82925324007406,1.6868957004731537,18.149557704176097,1,1,5.142974696564493
35029,Luna County,NM,26.4,38641.0,25316,72.317901722231,2.121188181387265,67.64496760941697,1,1,3.950071101279823
35031,McKinley County,NM,34.3,41427.0,68797,91.96040525022894,0.7340436356236464,12.376993182842275,0,0,0.0
35033,Mora County,NM,20.9,45685.0,4123,80.88770312878972,1.2369633761823915,78.77758913412563,0,0,0.0
35035,Otero County,NM,19.4,51298.0,68835,53.53381274061161,4.62555386068134,40.02469673857776,0,0,0.0
35037,Quay County,NM,22.8,43312.0,8510,50.846063454759104,2.3736780258519388,45.170387779083434,0,0,0.0
35039,Rio Arriba County,NM,18.5,51703.0,39876,85.38469254689538,1.1310061189688032,66.97010733273147,2,1,5.0155481994181965
35041,Roosevelt County,NM,19.3,51111.0,18787,51.57289615159419,2.847713844679832,45.27066588598499,0,0,0.0
35043,Sandoval County,NM,11.7,81557.0,155936,58.532346603734865,3.0095680279088857,40.49738354196594,2,1,1.2825774676790478
35045,San Juan County,NM,19.9,57296.0,120675,63.51191216076237,0.7855811062771908,19.914646778537392,5,1,4.143360265175057
35047,San Miguel County,NM,24.7,46318.0,26668,80.1372431378431,2.35863206839658,75.05999700014999,0,0,0.0
35049,Santa Fe County,NM,12.2,78366.0,155956,54.24414578470851,1.3741055169406755,47.68524455615687,1,1,0.6412064941393726
35051,Sierra County,NM,23.5,40498.0,11488,35.567548746518106,1.2708913649025069,30.24025069637883,0,0,0.0
35053,Socorro County,NM,25.2,46070.0,15963,66.71678255966924,1.5535926830796216,50.28503414145211,1,1,6.264486625321055
35055,Taos County,NM,18.5,53935.0,34405,59.0175846533934,0.9882284551664002,50.481034733323646,2,1,5.8131085598023535
35057,Torrance County,NM,23.0,44780.0,15633,49.79210644150195,2.385978379069916,43.72801125823578,0,0,0.0
35059,Union County,NM,18.4,45458.0,3964,46.82139253279516,2.598385469223007,40.665993945509584,0,0,0.0
35061,Valencia County,NM,17.3,56785.0,79141,69.12978102374242,2.212506791675617,61.09601849862903,1,1,1.2635675566394158
36001,Albany County,NY,12.9,81193.0,316659,30.69800637278587,14.559194591026941,7.345125197767946,3,1,0.9473913578960333
36003,Allegany County,NY,15.0,57488.0,46651,6.582924267432633,1.6827077661786456,2.2078840753681592,0,0,0.0
36005,Bronx County,NY,27.7,46894.0,1356476,90.96474983707785,45.068618980357925,55.01365302445454,4,1,0.2948817376791038
36007,Broome County,NY,16.8,63590.0,196077,19.750404177950497,7.059471534142199,5.718671746303748,1,1,0.5100037230271781
36009,Cattaraugus County,NY,18.6,55944.0,75600,10.388888888888893,1.6507936507936507,2.4603174603174605,0,0,0.0
36011,Cayuga County,NY,13.3,66431.0,74485,10.904208901121027,4.203530912264214,3.718869571054575,0,0,0.0
36013,Chautauqua County,NY,16.7,56040.0,124891,15.123587768534163,2.944968012106557,9.798944679760751,1,1,0.8006982088381068
36015,Chemung County,NY,16.9,60456.0,81325,15.140485705502616,6.450660928373809,3.8991699969259144,1,1,1.2296341838303104
36017,Chenango County,NY,14.3,57407.0,45920,5.864547038327528,1.095383275261324,2.5892857142857144,0,0,0.0
36019,Clinton County,NY,13.7,64282.0,78115,9.871343531972087,3.5178902899571147,3.441080458298662,0,0,0.0
36021,Columbia County,NY,13.7,73112.0,60470,15.023978832478912,4.980982305275343,6.376715726806681,0,0,0.0
36023,Cortland County,NY,16.0,63890.0,45752,8.873929008567927,2.371481028151775,3.562685784228012,0,0,0.0
36025,Delaware County,NY,16.3,56163.0,44410,9.945958117541098,2.5579824363882007,5.005629362756136,0,0,0.0
36027,Dutchess County,NY,8.0,96374.0,297150,32.49099781255258,12.538448594985697,15.93168433451119,1,1,0.33653037186606094
36029,Erie County,NY,14.1,70443.0,946147,26.87468226396109,13.86919791533451,6.445404361055946,4,1,0.4227672866901232
36031,Essex County,NY,13.0,70902.0,36775,7.089055064581917,2.006798096532971,2.8878314072059825,2,1,5.438477226376614
36033,Franklin County,NY,14.6,63624.0,46502,15.098275342996004,3.3912519891617565,2.881596490473528,0,0,0.0
36035,Fulton County,NY,14.0,63409.0,52234,9.20090362599073,2.245663743921584,4.573649347168511,0,0,0.0
36037,Genesee County,NY,10.4,71749.0,57529,11.170018599315124,3.149715795511829,4.882754784543447,0,0,0.0
36039,Greene County,NY,13.5,70789.0,47062,15.075857379626878,5.191024605839106,6.829289022990948,0,0,0.0
36041,Hamilton County,NY,10.6,68529.0,5082,6.080283353010629,1.5348288075560803,2.1645021645021645,1,1,19.677292404565133
36043,Herkimer County,NY,14.1,63771.0,59484,7.082576827382148,1.7853540447851524,2.997444691009347,1,1,1.6811243359558872
36045,Jefferson County,NY,13.3,61664.0,114787,19.0317718905451,6.526000331047941,7.953862371174436,1,1,0.871178792023487
36047,Kings County,NY,19.1,76353.0,2561225,62.77168151958536,32.75987076496598,18.859608195297174,3,1,0.11713145077062734
36049,Lewis County,NY,11.0,64941.0,26548,4.489980412837125,0.8588217568178393,1.8193460901009493,0,0,0.0
36051,Livingston County,NY,11.3,70185.0,61158,9.671670100395701,2.3333006311520976,4.730370515713398,0,0,0.0
36053,Madison County,NY,11.0,73680.0,66921,7.907831622360694,2.1981141943485603,2.7435334200026897,0,0,0.0
36055,Monroe County,NY,13.1,73263.0,748482,31.148912064685586,16.519034525880382,10.052613155693791,2,1,0.26720749463580956
36057,Montgomery County,NY,15.8,61463.0,49368,21.333657429914112,4.263895640900989,15.688300113433803,0,0,0.0
36059,Nassau County,NY,5.8,140466.0,1381715,45.36442030375294,13.364261081337323,18.769355474898948,1,1,0.07237382528234838
36061,New York County,NY,16.5,100869.0,1597451,53.21653058528869,18.380344686628884,24.39517706646401,5,1,0.31299864596785754
36063,Niagara County,NY,13.8,65932.0,209457,16.541820039435308,7.751471662441456,4.094873888196623,2,1,0.9548499214635939
36065,Oneida County,NY,15.7,61566.0,227555,20.280811232449302,7.481707719012986,7.239568455977675,1,1,0.4394541978862253
36067,Onondaga County,NY,13.6,74388.0,467873,25.099973710814684,12.580978171426862,6.061687680203816,1,1,0.21373321392771116
36069,Ontario County,NY,8.2,79364.0,112494,11.726847654097106,3.0961651288068697,5.842089355876758,0,0,0.0
36071,Orange County,NY,12.7,93492.0,407470,41.33506761233956,15.001104375782266,24.4368910594645,3,1,0.7362505215107861
36073,Orleans County,NY,11.7,65156.0,39124,13.089152438400987,4.8665780595031185,5.538799713730702,0,0,0.0
36075,Oswego County,NY,14.9,68613.0,118162,7.371236099592082,1.3972343054450669,3.436807095343681,1,1,0.8462957634434083
36077,Otsego County,NY,14.2,63863.0,60126,10.463027641951905,3.0402820743106145,4.560423111465922,0,0,0.0
36079,Putnam County,NY,7.3,120930.0,98060,28.3612074240261,5.290638384662452,20.834183153171526,1,1,1.0197838058331634
36081,Queens County,NY,13.8,81399.0,2252196,76.02442238597351,20.748727020206058,28.07673044441958,3,1,0.1332033268862923
36083,Rensselaer County,NY,12.4,82846.0,159305,19.499074103135495,8.862873105050062,6.223910109538307,0,0,0.0
36085,Richmond County,NY,13.1,93337.0,490687,44.61153444048854,11.489401594091548,19.507547581248332,2,1,0.4075918049591695
36087,Rockland County,NY,15.2,105923.0,340807,38.914106811186386,12.959534281866276,20.820875158080675,1,1,0.29342120320298587
36089,St. Lawrence County,NY,19.0,57832.0,106940,7.991397045072002,2.121750514307088,2.55283336450346,2,1,1.870207593042828
36091,Saratoga County,NY,7.2,94394.0,238711,11.21314057584275,2.3526356137756532,4.045896502465324,1,1,0.41891659789452523
36093,Schenectady County,NY,14.0,74791.0,159902,30.703806081224748,14.026716363772811,8.322597591024502,0,0,0.0
36095,Schoharie County,NY,13.5,63768.0,30105,8.450423517688089,1.9232685600398605,4.165421026407573,0,0,0.0
36097,Schuyler County,NY,13.3,65210.0,17507,6.083280973324956,1.2280801964928314,2.1534243445478953,0,0,0.0
36099,Seneca County,NY,14.1,58581.0,32349,10.327985409131657,3.6168042288787907,4.324708646326007,0,0,0.0
36101,Steuben County,NY,14.2,64261.0,92162,7.094030077472279,1.7111173802651851,2.072437664113192,1,1,1.0850458974414618
36103,Suffolk County,NY,7.0,123219.0,1523170,37.310674448682676,9.583237590026064,23.067484259800285,4,1,0.26261021422428227
36105,Sullivan County,NY,14.5,68063.0,79920,32.767767767767765,11.116116116116116,19.33933933933934,0,0,0.0
36107,Tioga County,NY,13.3,67616.0,47715,6.125956198260507,1.2490830975584197,2.4394844388557058,0,0,0.0
36109,Tompkins County,NY,15.7,68222.0,103558,24.11788562930918,4.693987910156627,6.4949110643311,1,1,0.9656424419166072
36111,Ulster County,NY,12.7,84593.0,182333,23.453790591938926,7.491238558022958,12.400388300527057,1,1,0.5484470721153055
36113,Warren County,NY,10.5,73115.0,65380,7.378403181401039,1.6977669011930254,3.1095136127256042,0,0,0.0
36115,Washington County,NY,11.5,71396.0,60047,7.314270488117636,2.611287824537446,2.9610138724665678,0,0,0.0
36117,Wayne County,NY,11.0,73028.0,90829,11.48972244547446,3.2082264475002478,5.378238227878761,1,1,1.1009699545299407
36119,Westchester County,NY,9.3,114020.0,990817,49.410940668155675,16.930674382857784,27.522741333667064,1,1,0.10092681090453635
36121,Wyoming County,NY,10.6,70775.0,39532,9.693412931296164,4.603865223110391,3.7134473338055245,0,0,0.0
36123,Yates County,NY,12.3,66155.0,24472,5.782118339326581,1.1605099705786204,2.496730957829356,0,0,0.0
37001,Alamance County,NC,12.5,66395.0,179165,41.41992018530405,22.464208969385762,15.436608712639188,0,0,0.0
37003,Alexander County,NC,12.4,62976.0,36473,14.66838483261591,5.889287966440929,5.807035341211307,1,1,2.7417541743207305
37005,Alleghany County,NC,16.3,46571.0,11342,16.117086933521428,2.839005466408041,11.523540821724563,0,0,0.0
37007,Anson County,NC,24.1,50503.0,21897,55.63319176142851,47.39005343197698,4.626204502899941,0,0,0.0
37009,Ashe County,NC,15.3,54589.0,27063,9.093596423160777,1.1343901267413072,6.122750618926209,0,0,0.0
37011,Avery County,NC,15.9,55922.0,17561,12.499288195433067,4.162633107454018,6.218324696771255,1,1,5.6944365355048125
37013,Beaufort County,NC,19.3,55960.0,44481,33.27263325914436,23.72248825341157,7.906746700838561,1,1,2.248150895888132
37015,Bertie County,NC,24.3,44371.0,16922,64.99822715991017,60.140645313792696,2.5056139936177755,0,0,0.0
37017,Bladen County,NC,19.3,49661.0,29484,45.991045991045986,32.84493284493284,9.537376204042872,0,0,0.0
37019,Brunswick County,NC,10.3,76797.0,159964,17.619589407616708,9.086419444374984,5.707534195193919,0,0,0.0
37021,Buncombe County,NC,12.9,71218.0,275901,18.196382035585223,5.959021533086143,8.56031692527392,3,1,1.0873465482183826
37023,Burke County,NC,15.9,55616.0,88338,20.7294708958772,6.589463198170662,8.565962552921732,0,0,0.0
37025,Cabarrus County,NC,9.1,85540.0,240016,43.229201386574225,22.27268182121192,12.957469502033197,0,0,0.0
37027,Caldwell County,NC,13.6,56239.0,80574,14.750415766872694,5.428550152654703,6.811130141236627,1,1,1.2410951423536127
37029,Camden County,NC,8.0,84656.0,11137,19.017688785130648,9.948819251144833,4.57933016072551,0,0,0.0
37031,Carteret County,NC,10.6,76397.0,69615,13.599080657904183,5.161243984773397,4.904115492350787,1,1,1.4364720247073188
37033,Caswell County,NC,16.5,57865.0,22807,38.85649142807033,31.00363923356864,5.340465646512036,1,1,4.3846187573990445
37035,Catawba County,NC,11.9,65898.0,164645,27.190622247866624,8.99450332533633,11.663275532205654,1,1,0.6073673661514167
37037,Chatham County,NC,8.4,95716.0,81624,29.13603842007253,11.586053121630894,13.433548956189355,0,0,0.0
37039,Cherokee County,NC,14.6,53926.0,29959,10.133849594445742,1.8291665275877032,3.9720951967689175,0,0,0.0
37041,Chowan County,NC,15.1,60808.0,13891,38.64372615362465,32.23670002159672,4.146569721402347,0,0,0.0
37043,Clay County,NC,12.1,53229.0,11864,8.530006743088336,1.7616318273769387,4.239716790289953,0,0,0.0
37045,Cleveland County,NC,17.2,61411.0,101378,28.90666614058277,20.870405807966225,4.970506421511571,0,0,0.0
37047,Columbus County,NC,20.1,50837.0,50121,40.707487879332014,29.859739430578003,5.82390614712396,0,0,0.0
37049,Craven County,NC,15.5,61761.0,102391,33.940483050268085,20.531101366331026,7.756541102245315,0,0,0.0
37051,Cumberland County,NC,15.3,61511.0,337890,60.028707567551564,40.19444197815857,13.115510965106987,3,1,0.8878629139660837
37053,Currituck County,NC,7.8,86047.0,31593,15.186908492387552,6.017155699047257,5.441078719969614,0,0,0.0
37055,Dare County,NC,8.9,79646.0,38110,13.017580687483598,2.7840461821044347,7.347152978220939,0,0,0.0
37057,Davidson County,NC,14.0,63551.0,174804,23.739731356261874,11.038076931877988,9.19773002906112,1,1,0.5720692890322876
37059,Davie County,NC,9.7,76153.0,44599,17.928653108814096,6.762483463754792,8.39929146393417,0,0,0.0
37061,Duplin County,NC,19.8,52947.0,49520,49.66276252019386,25.403877221324716,23.588449111470112,0,0,0.0
37063,Durham County,NC,10.6,81413.0,336892,57.05003383873763,34.46950357978224,15.409092528169264,1,1,0.2968310319033993
37065,Edgecombe County,NC,22.6,49972.0,48832,65.14375819134993,57.43979357798165,6.307339449541284,1,1,2.0478374836173003
37067,Forsyth County,NC,14.8,65556.0,392921,45.961147406221606,27.603513174404014,15.263628057548464,3,1,0.7635122581893052
37069,Franklin County,NC,11.3,70898.0,77001,39.39299489617017,25.49707146660433,11.60244672147115,0,0,0.0
37071,Gaston County,NC,13.5,67076.0,237242,33.607455678168286,19.902040953962622,10.192124497348699,0,0,0.0
37073,Gates County,NC,14.0,64047.0,10343,35.71497631248187,30.029971961713237,2.1077056946727257,0,0,0.0
37075,Graham County,NC,16.9,51841.0,8052,15.250869349230001,1.7262791852955788,3.241430700447094,1,1,12.419274714356682
37077,Granville County,NC,11.4,72896.0,62192,44.44944687419604,30.965397478775404,11.448417802932854,1,1,1.6079238487265242
37079,Greene County,NC,22.0,52145.0,20530,54.57379444715051,37.45250852411106,15.932781295664881,0,0,0.0
37081,Guilford County,NC,14.8,65890.0,549866,53.63688607769893,36.34394561584095,10.19830285924207,1,1,0.18186249013395991
37083,Halifax County,NC,25.5,48520.0,47298,62.298617277686155,53.308807983424245,3.5519472282126094,0,0,0.0
37085,Harnett County,NC,13.7,70074.0,141477,41.64846582836786,22.077793563618116,15.562246866981912,0,0,0.0
37087,Haywood County,NC,11.0,64553.0,62969,9.314106941510902,1.538852451206149,5.067572932712922,4,1,6.352332099922184
37089,Henderson County,NC,10.6,63765.0,119230,19.607481338589285,3.3833766669462384,12.967373983057955,0,0,0.0
37091,Hertford County,NC,22.7,48964.0,19453,67.2235644887678,58.74672287050841,6.209839099367707,0,0,0.0
37093,Hoke County,NC,18.5,60257.0,54446,63.58777504316203,36.408551592403484,15.786283657201631,0,0,0.0
37095,Hyde County,NC,23.3,49781.0,4607,39.30974603863686,28.803993922292165,8.378554373779032,1,1,21.706099413935316
37097,Iredell County,NC,9.2,84335.0,199710,26.666165940613894,12.779530318962495,9.57488358119273,0,0,0.0
37099,Jackson County,NC,17.0,55462.0,44574,20.776685960425358,2.5642751379728095,7.986718714945932,0,0,0.0
37101,Johnston County,NC,10.8,79666.0,241955,38.44557872331632,19.317228410241572,16.93372734599409,1,1,0.4132999938005001
37103,Jones County,NC,19.1,53001.0,9401,36.46420593553877,28.007658759706413,5.4036804595255825,0,0,0.0
37105,Lee County,NC,14.7,62680.0,67059,43.79427071683145,19.186089861167034,21.78380232332722,0,0,0.0
37107,Lenoir County,NC,23.1,51601.0,54895,52.359959923490294,41.564805537844975,9.179342380909008,1,1,1.8216595318335
37109,Lincoln County,NC,10.7,79109.0,95675,17.281421478965242,6.41024301019075,8.376273843741835,1,1,1.0452051215050955
37111,McDowell County,NC,15.1,53697.0,44893,14.031140712360502,4.312476332613103,7.081282159802196,0,0,0.0
37113,Macon County,NC,13.5,58765.0,38412,14.42257627824638,1.9238779548057898,10.205144225762783,1,1,2.603353118817036
37115,Madison County,NC,13.8,59505.0,22071,7.761315753703957,1.649222962258167,3.7877758144171083,0,0,0.0
37117,Martin County,NC,19.7,49033.0,21447,47.7689187298923,41.45568144728867,4.499463794470089,1,1,4.662656781834289
37119,Mecklenburg County,NC,10.2,84796.0,1163701,56.069815184484675,32.817278665224144,15.944731507492044,7,1,0.601529086938999
37121,Mitchell County,NC,14.8,56746.0,14999,8.980598706580434,0.9800653376891793,5.79371958130542,1,1,6.6671111407427155
37123,Montgomery County,NC,15.6,55005.0,26085,36.39639639639639,17.584818861414607,15.90952654782442,2,1,7.667241709794901
37125,Moore County,NC,10.5,78955.0,106898,22.945237516136874,10.721435387004433,7.8158618496136505,0,0,0.0
37127,Nash County,NC,14.4,65457.0,96551,53.15843440254373,42.11142297852948,8.355169806630693,0,0,0.0
37129,New Hanover County,NC,12.1,79106.0,238852,23.694170448646023,12.409358096226953,7.9195485070252705,2,1,0.8373386029842748
37131,Northampton County,NC,20.7,44182.0,16715,60.20939276099312,55.40532455877954,2.7041579419682917,1,1,5.982650314089142
37133,Onslow County,NC,12.4,66982.0,213676,34.86633969186993,15.066268556131714,14.247271570040622,0,0,0.0
37135,Orange County,NC,11.7,86736.0,150626,32.615219152072015,12.040417988926215,10.516776652105214,1,1,0.6638960073294119
37137,Pamlico County,NC,15.0,61996.0,12423,25.863318039120987,17.403203735007647,5.272478467358931,0,0,0.0
37139,Pasquotank County,NC,15.5,59463.0,41444,45.52408068719236,35.65534214844127,6.189074413666635,0,0,0.0
37141,Pender County,NC,11.4,72161.0,68521,24.14588228426322,12.495439354358519,8.83670699493586,0,0,0.0
37143,Perquimans County,NC,15.1,61157.0,13377,26.949241234955522,20.946400538237274,3.401360544217687,0,0,0.0
37145,Person County,NC,14.3,64466.0,39737,35.521050909731485,26.44386843495986,6.517854895940811,1,1,2.516546291869039
37147,Pitt County,NC,19.4,60268.0,175119,48.21235845339454,36.453497336097165,8.03739171648993,1,1,0.5710402640490181
37149,Polk County,NC,12.8,59012.0,20060,12.88634097706879,4.262213359920239,5.807577268195414,0,0,0.0
37151,Randolph County,NC,15.5,59336.0,147458,25.03356888063042,7.400073241194103,14.252193845027058,0,0,0.0
37153,Richmond County,NC,22.6,50242.0,42324,45.4541158680654,31.993667895284,8.0427180795766,0,0,0.0
37155,Robeson County,NC,27.7,42180.0,117365,76.90112043624589,23.644186938184298,11.142163336599497,0,0,0.0
37157,Rockingham County,NC,13.6,58508.0,92518,29.246200739315597,19.024406061523162,7.301281912708879,1,1,1.0808707494757777
37159,Rowan County,NC,14.6,65139.0,151661,31.820969135110545,17.23646817573404,12.153421116832936,1,1,0.6593652949670648
37161,Rutherford County,NC,15.2,50714.0,65507,18.32781229486925,9.608133481917964,5.95050910589708,0,0,0.0
37163,Sampson County,NC,18.5,53637.0,59601,50.73069243804634,25.491183033841715,22.437542994245064,0,0,0.0
37165,Scotland County,NC,28.6,45604.0,34376,59.50372352804282,39.50430532929951,4.319874330928555,0,0,0.0
37167,Stanly County,NC,11.0,65784.0,65699,21.546751092101857,12.099118708047307,5.955950623297158,0,0,0.0
37169,Stokes County,NC,10.5,61374.0,45532,10.585961521567244,4.502328033031714,4.098216638847404,0,0,0.0
37171,Surry County,NC,13.9,58211.0,71462,18.483949511628563,4.277797990540427,12.615096135008816,0,0,0.0
37173,Swain County,NC,15.6,54357.0,13916,40.91693015234262,2.1054900833572865,6.029031330842196,2,1,14.371945961483185
37175,Transylvania County,NC,12.5,62002.0,33549,11.523443321708548,3.2102298131091835,5.079137977286954,0,0,0.0
37177,Tyrrell County,NC,21.4,46072.0,3461,45.99826639699509,31.175960704998555,10.950592314360012,0,0,0.0
37179,Union County,NC,8.4,98776.0,256452,33.028402975995505,12.931074821019138,13.579539251009935,1,1,0.38993651833481513
37181,Vance County,NC,23.2,45408.0,42301,62.636817096522535,51.16663908654642,9.8413749083946,0,0,0.0
37183,Wake County,NC,7.2,103084.0,1190275,42.87916657915187,20.570204364537606,11.54472705887295,2,1,0.16802839679905904
37185,Warren County,NC,20.3,47866.0,18836,60.87279677213846,49.19303461456785,4.809938415799532,0,0,0.0
37187,Washington County,NC,22.6,47239.0,10713,54.55054606552786,48.10043871931298,4.433865397180995,0,0,0.0
37189,Watauga County,NC,18.6,62045.0,54748,10.791261781252281,2.0767881931760064,5.828523416380507,0,0,0.0
37191,Wayne County,NC,17.1,56313.0,118686,48.973762701582324,32.19082284346932,13.962051126501862,0,0,0.0
37193,Wilkes County,NC,16.3,50848.0,66013,14.383530516716403,4.824807234938572,7.609107297047551,0,0,0.0
37195,Wilson County,NC,18.8,52620.0,78970,54.83221476510067,40.04178802076738,12.676965936431555,0,0,0.0
37197,Yadkin County,NC,12.9,61626.0,37774,17.932969767564988,3.7168422724625403,12.638322655794992,0,0,0.0
37199,Yancey County,NC,15.9,54913.0,18938,8.638715809483577,1.0930404477769564,5.824268666173831,1,1,5.2803886366036545
38001,Adams County,ND,11.8,58192.0,2163,11.188164586222838,1.6643550624133148,3.005085529357374,0,0,0.0
38003,Barnes County,ND,11.5,70559.0,10726,8.940891292187214,2.1629684877866864,2.1349990676859965,0,0,0.0
38005,Benson County,ND,22.7,60632.0,5745,56.762402088772845,0.5395996518711923,1.9669277632724107,0,0,0.0
38007,Billings County,ND,10.5,82565.0,1034,8.12379110251451,1.3539651837524178,2.804642166344294,1,1,96.71179883945841
38009,Bottineau County,ND,10.8,74272.0,6349,10.379587336588436,0.7087730351236415,2.6775870215782014,0,0,0.0
38011,Bowman County,ND,9.5,68434.0,2867,8.1618416463202,0.6278339727938612,4.813393791419602,0,0,0.0
38013,Burke County,ND,9.0,79188.0,2134,8.809746954076846,0.8434864104967198,3.561387066541706,1,1,46.86035613870665
38015,Burleigh County,ND,7.7,86521.0,100012,13.276406831180253,2.2637283525976883,3.4135903691557012,1,1,0.9998800143982723
38017,Cass County,ND,9.7,75477.0,196362,17.847139466902963,7.311496114319471,3.8026705778103707,1,1,0.5092635031217853
38019,Cavalier County,ND,9.2,80749.0,3596,7.23025583982202,0.6674082313681868,2.5305895439377086,0,0,0.0
38021,Dickey County,ND,11.5,72643.0,4900,8.530612244897961,0.7959183673469388,4.183673469387755,0,0,0.0
38023,Divide County,ND,9.8,75310.0,2135,11.475409836065575,1.920374707259953,4.121779859484778,0,0,0.0
38025,Dunn County,ND,11.2,87618.0,4019,19.532221945757655,1.8910176660860911,4.329435182881314,1,1,24.881811395869622
38027,Eddy County,ND,11.5,66603.0,2263,11.621741051701285,0.39770216526734425,3.8886433937251437,0,0,0.0
38029,Emmons County,ND,13.7,65012.0,3224,5.1799007444168765,0.5272952853598015,1.3957816377171215,0,0,0.0
38031,Foster County,ND,11.4,71345.0,3309,6.285886974916899,0.967059534602599,1.8736778482925356,0,0,0.0
38033,Golden Valley County,ND,11.7,59464.0,1743,8.20424555364314,0.8032128514056225,3.7865748709122204,0,0,0.0
38035,Grand Forks County,ND,12.5,72369.0,72708,17.544149199537873,4.293887880288277,5.687132090003851,0,0,0.0
38037,Grant County,ND,16.3,51827.0,2215,5.9142212189616234,0.18058690744920994,1.2189616252821671,0,0,0.0
38039,Griggs County,ND,11.6,71071.0,2248,3.069395017793597,0.5782918149466192,1.290035587188612,0,0,0.0
38041,Hettinger County,ND,12.7,64506.0,2415,9.109730848861286,0.8695652173913043,2.2360248447204967,0,0,0.0
38043,Kidder County,ND,14.2,60473.0,2342,5.50811272416738,0.3842869342442357,2.5192143467122117,0,0,0.0
38045,LaMoure County,ND,9.4,69797.0,4096,5.078125,0.634765625,2.5390625,0,0,0.0
38047,Logan County,ND,14.1,61043.0,1869,8.079186730872124,0.32102728731942215,2.9427501337613697,0,0,0.0
38049,McHenry County,ND,12.3,68973.0,5131,6.275579809004094,0.7405963749756382,2.4751510426817385,0,0,0.0
38051,McIntosh County,ND,13.5,60218.0,2488,7.918006430868163,1.1655948553054662,3.697749196141479,0,0,0.0
38053,McKenzie County,ND,8.1,99157.0,14252,26.03845074375526,2.189166432781364,13.029750210496772,1,1,7.016559079427449
38055,McLean County,ND,9.9,78277.0,9832,11.706672091130999,0.5695687550854354,2.2986167615947926,0,0,0.0
38057,Mercer County,ND,8.1,85274.0,8309,8.508845829823086,0.6498977012877603,2.828258514863401,1,1,12.035142616440005
38059,Morton County,ND,7.9,80159.0,33895,12.95176279687269,1.7406697152972415,4.655553916506859,0,0,0.0
38061,Mountrail County,ND,11.6,73541.0,9383,42.53437067036129,1.9503357135244592,8.877757646808057,0,0,0.0
38063,Nelson County,ND,9.8,69274.0,2991,8.65931126713474,0.8358408559010364,3.276496155132063,0,0,0.0
38065,Oliver County,ND,10.8,81382.0,1879,6.812134113890367,0.47897817988291647,2.0755721128259714,1,1,53.219797764768494
38067,Pembina County,ND,8.9,75603.0,6661,11.259570635039784,0.990842215883501,4.939198318570785,0,0,0.0
38069,Pierce County,ND,11.0,61222.0,3902,10.789338800615067,0.7944643772424398,2.1014864172219374,0,0,0.0
38071,Ramsey County,ND,12.4,70084.0,11463,18.78216871674082,1.142807293029748,3.035854488353834,0,0,0.0
38073,Ransom County,ND,9.3,78270.0,5603,7.817240763876498,0.9459218275923612,2.8199179011243976,0,0,0.0
38075,Renville County,ND,8.3,74336.0,2279,7.942079859587537,0.5704256252742431,2.5449758666081617,0,0,0.0
38077,Richland County,ND,10.9,76371.0,16558,9.983089745138308,1.316584128517937,3.744413576518903,0,0,0.0
38079,Rolette County,ND,23.5,56952.0,11728,81.78717598908595,0.5201227830832197,1.296043656207367,0,0,0.0
38081,Sargent County,ND,8.7,79053.0,3776,9.745762711864403,2.542372881355932,3.1779661016949152,0,0,0.0
38083,Sheridan County,ND,16.5,62251.0,1266,6.872037914691942,0.315955766192733,1.263823064770932,0,0,0.0
38085,Sioux County,ND,34.9,46931.0,3643,87.510293713972,0.7960472138347516,2.6077408729069447,0,0,0.0
38087,Slope County,ND,14.3,56665.0,674,5.0445103857566735,1.0385756676557865,0.44510385756676557,0,0,0.0
38089,Stark County,ND,9.6,82174.0,33001,14.975303778673377,2.6453743825944667,7.5361352686282235,0,0,0.0
38091,Steele County,ND,8.3,87300.0,1782,6.060606060606055,0.5050505050505051,2.5813692480359145,0,0,0.0
38093,Stutsman County,ND,11.0,69088.0,21392,9.554973821989531,2.304599850411369,3.3143231114435303,0,0,0.0
38095,Towner County,ND,9.4,76241.0,2030,11.13300492610837,0.4433497536945813,2.9064039408866993,0,0,0.0
38097,Traill County,ND,8.4,82020.0,7908,9.572584724329792,1.3151239251390996,4.084471421345473,0,0,0.0
38099,Walsh County,ND,9.6,80235.0,10305,18.165938864628817,0.8151382823871907,13.071324599708879,0,0,0.0
38101,Ward County,ND,7.4,71754.0,68332,19.058420652110286,4.781068898905344,7.424047298483873,1,1,1.4634431891353976
38103,Wells County,ND,12.1,74681.0,3876,4.282765737874095,0.23219814241486067,1.7285861713106294,0,0,0.0
38105,Williams County,ND,7.7,92537.0,39113,23.71078669496075,5.435532943011275,10.290696187968194,2,1,5.113389410170532
39001,Adams County,OH,19.0,55693.0,27521,4.178627230115184,0.6177101122778969,1.0137713019149013,0,0,0.0
39003,Allen County,OH,14.1,65665.0,100838,20.06188143358655,12.136297824232928,3.745611773339416,1,1,0.9916896408100121
39005,Ashland County,OH,13.5,66149.0,52190,5.251963977773522,1.0615060356390114,1.8566775244299674,0,0,0.0
39007,Ashtabula County,OH,17.8,58152.0,96845,11.998554391037219,4.190200836388042,5.099901905106098,1,1,1.032577830553978
39009,Athens County,OH,25.3,53616.0,62706,10.686377699103755,2.9295442222434853,2.288457244920741,1,1,1.5947437246834435
39011,Auglaize County,OH,8.5,73542.0,46050,4.823018458197614,0.7795874049945711,1.9348534201954397,0,0,0.0
39013,Belmont County,OH,15.3,56716.0,64918,8.527681074586402,4.639699312979451,1.3755815028189409,1,1,1.540404818386272
39015,Brown County,OH,15.1,68289.0,43777,4.152865660049798,1.0256527400233,1.2563674989149554,0,0,0.0
39017,Butler County,OH,11.9,80066.0,393043,24.537773220741755,10.381561304997163,6.999997455749116,8,1,2.0354007067928954
39019,Carroll County,OH,11.9,67044.0,26758,4.447268106734437,0.8894536213468869,1.36034083264818,0,0,0.0
39021,Champaign County,OH,8.8,70230.0,38845,7.208134895095897,2.211352812459776,1.830351396576136,0,0,0.0
39023,Clark County,OH,15.2,58684.0,134610,17.76093900898893,9.41089072134314,4.325830176064185,3,1,2.228660574994428
39025,Clermont County,OH,8.9,82143.0,211972,8.095408827580997,2.1653803332515613,2.617326816749382,1,1,0.471760421187704
39027,Clinton County,OH,12.5,67813.0,41938,7.794840001907577,2.1841766417091897,2.3582431207973675,1,1,2.3844723162764083
39029,Columbiana County,OH,15.7,55744.0,100182,6.671857219859856,2.6122457128026992,2.016330278892416,3,1,2.9945499191471523
39031,Coshocton County,OH,16.2,57694.0,36869,4.857739564403696,1.2042637446092923,1.342591336895495,0,0,0.0
39033,Crawford County,OH,12.4,58982.0,41529,5.5190348912807945,1.2256495461003154,1.9624840472922536,0,0,0.0
39035,Cuyahoga County,OH,16.0,61912.0,1233088,42.57230627497795,30.44389370426117,7.166560699641875,11,1,0.8920693413608761
39037,Darke County,OH,9.8,67609.0,51415,4.992706408635616,0.9257998638529612,1.9624623164446173,0,0,0.0
39039,Defiance County,OH,8.9,72241.0,38315,15.108965157249122,2.268041237113402,11.25929792509461,0,0,0.0
39041,Delaware County,OH,5.0,128300.0,231636,20.054741059248126,4.863233694244418,3.5024780258681725,1,1,0.43171182372342815
39043,Erie County,OH,12.4,62547.0,74035,17.763220098602016,9.001148105625717,4.712635915445397,0,0,0.0
39045,Fairfield County,OH,8.4,84701.0,165360,19.245887760038705,10.880503144654089,2.8670778906627965,0,0,0.0
39047,Fayette County,OH,14.4,63348.0,28817,8.758718811812471,2.574869000936947,2.519346219245584,0,0,0.0
39049,Franklin County,OH,15.1,71730.0,1326063,41.33280243849651,25.27074505509919,7.532900020587257,6,1,0.45246719047285083
39051,Fulton County,OH,8.0,70724.0,42007,12.345561454043374,1.0331611398100318,9.424619706239437,1,1,2.3805556216821007
39053,Gallia County,OH,17.4,53956.0,28986,6.585938039053341,2.2217622300420894,1.159180293935003,3,1,10.3498240529911
39055,Geauga County,OH,6.3,99863.0,95407,5.2417537497248645,1.3636315993585377,2.050164034085549,1,1,1.0481411217206285
39057,Greene County,OH,9.9,84015.0,169691,17.112869863457693,7.318007437047339,3.3967623503898263,1,1,0.5893064452445916
39059,Guernsey County,OH,15.4,54757.0,38089,5.9571004752028145,1.6907768647115966,1.4124812938118616,2,1,5.250859828296884
39061,Hamilton County,OH,13.6,68810.0,827058,36.75377059408167,26.642508747875,4.874748808426978,7,1,0.846373531239647
39063,Hancock County,OH,10.6,72065.0,74704,12.449132576568855,2.460376954379953,6.150942385949882,1,1,1.3386164060826728
39065,Hardin County,OH,14.8,59713.0,30368,6.7966280295047365,1.2447312961011592,2.5322708113804,0,0,0.0
39067,Harrison County,OH,14.5,57050.0,14159,5.7843068013277765,2.012854015114062,1.2359629917367045,1,1,7.062645667066883
39069,Henry County,OH,8.5,81899.0,27520,11.242732558139535,1.0646802325581395,8.361191860465116,0,0,0.0
39071,Highland County,OH,12.1,61760.0,43614,5.335442747741547,1.5453753381941577,1.2816985371669647,0,0,0.0
39073,Hocking County,OH,15.9,58018.0,27540,4.092229484386345,0.8061002178649237,0.9985475671750181,0,0,0.0
39075,Holmes County,OH,8.8,74490.0,44386,2.5345829766142525,0.41229216419591763,1.0769161447303204,0,0,0.0
39077,Huron County,OH,13.2,64331.0,58199,10.95895118472826,1.4536332239385557,7.421089709445179,0,0,0.0
39079,Jackson County,OH,17.3,54431.0,32606,4.523707293136237,0.800466171870208,1.036619027172913,0,0,0.0
39081,Jefferson County,OH,16.1,56276.0,64026,10.705026083153724,5.493080935869803,1.9554555961640583,1,1,1.5618654921438164
39083,Knox County,OH,11.4,66844.0,63320,5.4927353126974054,1.067593177511055,2.1004421983575488,1,1,1.5792798483891346
39085,Lake County,OH,10.1,73559.0,231640,14.462096356415122,5.80426523916422,5.448540839233293,3,1,1.2951131065446384
39087,Lawrence County,OH,16.9,56879.0,56118,5.8751202822623805,2.2648704515485227,1.1582736376920062,2,1,3.5639188852061725
39089,Licking County,OH,9.7,76496.0,183201,14.307236314212258,4.82366362629025,2.521274447191882,2,1,1.0916970977232658
39091,Logan County,OH,11.2,68964.0,46057,7.8771956488698835,2.05614781683566,2.357947760383872,0,0,0.0
39093,Lorain County,OH,11.0,75496.0,317910,23.52741341889214,9.117045704759208,11.187757541442547,1,1,0.3145544336447422
39095,Lucas County,OH,18.2,60525.0,425484,33.12180951575148,20.741555499149204,7.973977869908151,6,1,1.4101587838790648
39097,Madison County,OH,9.3,81836.0,44602,13.429891036276398,6.50867674095332,3.3182368503654547,1,1,2.2420519259226044
39099,Mahoning County,OH,19.5,52914.0,225596,25.071366513590664,15.699746449405131,7.059522331956241,1,1,0.4432702707494814
39101,Marion County,OH,16.0,56991.0,64851,13.002112534887667,6.77707359948189,3.338421921018951,2,1,3.083992536738061
39103,Medina County,OH,7.6,90211.0,184042,7.5292596255202575,1.7800284717618804,2.8064246204670673,1,1,0.5433542343595483
39105,Meigs County,OH,20.8,50127.0,21767,3.9187761290026213,1.0061101667662058,1.0796159323746957,0,0,0.0
39107,Mercer County,OH,7.6,79974.0,42439,5.761210207592072,0.5608049200028276,2.1937368929522374,0,0,0.0
39109,Miami County,OH,9.6,75735.0,110876,9.46643096792814,2.9429272340272017,2.1979508640282837,1,1,0.9019084382553484
39111,Monroe County,OH,14.8,54285.0,13153,3.6873717022732455,0.9959705010263818,0.6234319166730024,0,0,0.0
39113,Montgomery County,OH,15.2,62650.0,533796,31.730473813966388,22.02601742987958,4.305952086564905,2,1,0.37467496946399
39115,Morgan County,OH,15.2,52585.0,13646,8.69851971273633,3.0191997654990472,1.2457863110068885,1,1,7.328154770628756
39117,Morrow County,OH,10.8,70109.0,35595,5.259165613147909,1.0198061525495155,2.0171372383761765,0,0,0.0
39119,Muskingum County,OH,17.3,58806.0,86305,9.177915532124448,3.93488210416546,1.374196164764498,0,0,0.0
39121,Noble County,OH,15.0,61751.0,14311,6.491510027251768,3.270211725246314,1.3625882188526308,2,1,13.975263783103907
39123,Ottawa County,OH,8.8,76582.0,39803,8.275758108685272,1.1858402632967364,5.338793558274502,9,1,22.61136095269201
39125,Paulding County,OH,10.1,67692.0,18706,8.949000320752699,1.4273495135250722,5.944616700523896,0,0,0.0
39127,Perry County,OH,13.7,62677.0,35551,3.9689460212089633,0.6947765182413996,0.9788754184129842,0,0,0.0
39129,Pickaway County,OH,11.6,76471.0,61086,8.661559113381134,3.9779982320007856,2.075762040402056,0,0,0.0
39131,Pike County,OH,19.5,54256.0,27001,5.5294248361171805,1.3221732528424872,1.0740342950261101,0,0,0.0
39133,Portage County,OH,12.9,73911.0,162665,12.509759321304525,5.384071558110227,2.3582208834106906,1,1,0.6147603971352166
39135,Preble County,OH,10.4,76621.0,40556,4.4974849590689425,0.9887562876023277,1.1638228622152087,1,1,2.4657264029983232
39137,Putnam County,OH,6.5,79412.0,34199,8.441767303137516,0.7661042720547384,6.719494722067897,0,0,0.0
39139,Richland County,OH,14.4,57261.0,125064,15.33934625471759,9.705430819420457,2.3428004861510905,0,0,0.0
39141,Ross County,OH,16.5,61651.0,76501,10.859988758316884,5.7397942510555415,1.4771048744460857,0,0,0.0
39143,Sandusky County,OH,10.3,64744.0,58709,17.40618985164114,3.517348277095505,11.05622647294282,0,0,0.0
39145,Scioto County,OH,18.6,52447.0,71969,7.376787227834203,2.9095860717809057,1.5881838013589185,6,1,8.3369228417791
39147,Seneca County,OH,12.8,62966.0,54527,11.799658884589281,2.7509307315641793,5.815467566526675,0,0,0.0
39149,Shelby County,OH,10.4,67351.0,47765,7.97445828535539,2.535329215953104,1.756516277609128,0,0,0.0
39151,Stark County,OH,12.3,63673.0,372716,15.340902993163697,8.18719883235493,3.1152405584949396,7,1,1.878105581729789
39153,Summit County,OH,12.9,69786.0,535733,25.493482761002216,15.449486964588704,2.7954223465793593,3,1,0.5599804380166986
39155,Trumbull County,OH,17.2,51668.0,200373,14.185044891277766,8.901897960304034,2.3910407090775703,6,1,2.9944154152505575
39157,Tuscarawas County,OH,13.4,62098.0,91874,7.584300237281494,1.1211006378300716,4.704268890001524,0,0,0.0
39159,Union County,OH,5.4,104592.0,69637,15.187328575326331,3.0515386935106337,3.6747705960911583,0,0,0.0
39161,Van Wert County,OH,10.9,60555.0,28704,7.343924191750284,1.2715997770345597,4.222408026755853,0,0,0.0
39163,Vinton County,OH,18.8,52999.0,12474,4.056437389770728,0.6172839506172839,1.0662177328843996,0,0,0.0
39165,Warren County,OH,5.9,107973.0,252148,17.119310880911208,3.9084188651109666,3.5681425194726906,1,1,0.39659247743388804
39167,Washington County,OH,12.8,59646.0,58577,5.611417450535194,1.4186455434726941,1.2871946327056694,3,1,5.121464055858101
39169,Wayne County,OH,9.2,69834.0,116510,6.946184876834605,1.6882671015363488,2.512230709810317,0,0,0.0
39171,Williams County,OH,11.1,61183.0,36591,8.884698423109505,1.4238473941679648,5.613402202727447,0,0,0.0
39173,Wood County,OH,9.8,73906.0,132650,13.5778364116095,3.0064078401809273,6.637014700339239,1,1,0.7538635506973238
39175,Wyandot County,OH,8.8,69913.0,21457,5.5646176073076425,0.5312951484364077,3.038635410355595,0,0,0.0
40001,Adair County,OK,23.1,44808.0,19627,60.33525245834819,0.9374840780557395,7.464207469302491,1,1,5.09502216334641
40003,Alfalfa County,OK,19.8,57517.0,5673,19.72501322051824,5.869910100475939,6.645513837475763,0,0,0.0
40005,Atoka County,OK,20.0,49815.0,14525,32.80550774526678,5.542168674698795,4.585197934595525,0,0,0.0
40007,Beaver County,OK,13.5,67112.0,5018,35.99043443603029,1.7935432443204464,30.310880829015545,0,0,0.0
40009,Beckham County,OK,21.8,51960.0,22042,25.582977951184105,5.439615279920153,13.887124580346612,0,0,0.0
40011,Blaine County,OK,16.3,58573.0,8539,29.781004801499,4.157395479564352,12.905492446422297,0,0,0.0
40013,Bryan County,OK,18.1,50105.0,48967,32.319725529438195,2.1810607143586496,8.199399595646048,0,0,0.0
40015,Caddo County,OK,21.1,50742.0,26214,45.925841153582056,4.2114900434882125,17.235065232318608,0,0,0.0
40017,Canadian County,OK,7.9,86539.0,175829,29.74594634559714,5.287523673569207,12.528081260770408,1,1,0.5687343953500276
40019,Carter County,OK,17.1,56270.0,48596,32.496501769692976,6.584904107333937,8.992509671577908,1,1,2.057782533541855
40021,Cherokee County,OK,18.7,50434.0,48185,54.25547369513334,1.6042336826813324,8.174743177337346,0,0,0.0
40023,Choctaw County,OK,23.5,44307.0,14276,42.39983188568226,10.030820958251612,5.519753432333987,0,0,0.0
40025,Cimarron County,OK,17.4,56166.0,2191,31.081697854860792,0.730260155180283,25.924235508900047,0,0,0.0
40027,Cleveland County,OK,12.9,74889.0,301193,32.201943604267036,6.041973087023935,11.28777893244531,1,1,0.33201302819122624
40029,Coal County,OK,21.3,46921.0,5266,36.403342195214584,1.4052411697683251,4.9943030763387775,0,0,0.0
40031,Comanche County,OK,19.5,56973.0,121574,45.33617385296198,16.697649168407718,14.992514846924507,3,1,2.4676328820306974
40033,Cotton County,OK,17.3,52735.0,5427,25.59425096738529,2.3585774829555923,8.328726736686935,0,0,0.0
40035,Craig County,OK,18.8,49914.0,14494,39.133434524630886,3.2427211259831656,4.305229750241479,0,0,0.0
40037,Creek County,OK,15.7,58195.0,73332,26.185021545846286,2.3386788850706375,5.7028309605629195,1,1,1.3636611574755906
40039,Custer County,OK,18.2,55458.0,28266,33.74725819005165,2.9753060213684286,20.070048821906177,0,0,0.0
40041,Delaware County,OK,21.0,48763.0,41703,37.44574730834712,0.7625350694194662,4.685514231590053,0,0,0.0
40043,Dewey County,OK,13.8,55952.0,4286,19.762015865608962,0.7932804479701353,6.1829211385907605,1,1,23.33177788147457
40045,Ellis County,OK,14.0,57212.0,3648,17.214912280701753,0.7127192982456141,9.676535087719298,0,0,0.0
40047,Garfield County,OK,14.4,61132.0,62023,30.219434725827522,3.1746287667478192,15.603888879931638,1,1,1.6123051126195123
40049,Garvin County,OK,18.0,57170.0,25865,27.62420259037309,2.435723951285521,10.767446356079644,0,0,0.0
40051,Grady County,OK,13.1,70838.0,57375,20.73028322440087,2.4156862745098038,7.351633986928104,0,0,0.0
40053,Grant County,OK,14.0,57737.0,4083,14.107274063188836,2.0573108008817047,4.8738672544697526,1,1,24.49179524859172
40055,Greer County,OK,25.7,43089.0,5466,27.607025246981344,8.287596048298573,13.062568605927552,0,0,0.0
40057,Harmon County,OK,25.1,45931.0,2392,49.49832775919732,8.528428093645484,33.779264214046826,0,0,0.0
40059,Harper County,OK,12.5,62950.0,3190,29.780564263322884,0.7210031347962382,25.015673981191224,0,0,0.0
40061,Haskell County,OK,17.4,49471.0,11832,32.04022988505747,1.1578769438810006,5.45131845841785,0,0,0.0
40063,Hughes County,OK,24.2,50872.0,13436,39.051801131289075,6.579339089014588,6.356058350699613,0,0,0.0
40065,Jackson County,OK,16.5,58371.0,24669,38.42474360533463,7.102030888969963,25.22599213587904,0,0,0.0
40067,Jefferson County,OK,24.2,43298.0,5347,23.75163643164391,1.6083785300168318,10.903310267439686,1,1,18.70207593042828
40069,Johnston County,OK,19.9,49984.0,10216,33.25176194205169,2.936570086139389,6.362568519968677,1,1,9.788566953797964
40071,Kay County,OK,18.8,55440.0,43641,28.26699663160789,2.259343278110034,9.17944135102312,1,1,2.291423202951353
40073,Kingfisher County,OK,12.0,72345.0,15481,27.188166139138303,2.0799689942510176,18.364446741166592,0,0,0.0
40075,Kiowa County,OK,21.7,44393.0,8398,28.209097404143847,4.298642533936651,12.836389616575374,1,1,11.907597046915933
40077,Latimer County,OK,23.1,41241.0,9526,38.337182448036955,1.6901112744068865,4.262019735460844,0,0,0.0
40079,Le Flore County,OK,21.0,50469.0,49596,31.24243890636341,2.2965561738849907,8.27687716751351,0,0,0.0
40081,Lincoln County,OK,20.5,56344.0,34562,19.692147445170992,2.1121462878305652,4.24743938429489,0,0,0.0
40083,Logan County,OK,11.2,77836.0,53029,24.916555092496562,7.377095551490694,9.360915725357824,0,0,0.0
40085,Love County,OK,14.4,58771.0,10296,32.381507381507376,2.748640248640249,18.677156177156178,1,1,9.712509712509712
40087,McClain County,OK,9.5,80952.0,47072,24.092878993881715,1.6910265125764785,10.07605370496261,1,1,2.1244051665533648
40089,McCurtain County,OK,22.2,48589.0,30660,41.04044357469016,8.111545988258317,7.237442922374429,0,0,0.0
40091,McIntosh County,OK,19.2,46509.0,19603,33.6479110340254,3.0556547467224404,3.6116920879457224,0,0,0.0
40093,Major County,OK,12.3,64527.0,7581,18.401266323704,1.2531328320802004,11.528822055137844,0,0,0.0
40095,Marshall County,OK,15.7,54966.0,15970,35.96743894802755,2.2041327489041955,18.28428303068253,0,0,0.0
40097,Mayes County,OK,16.9,59498.0,39889,37.12301637042794,0.8949835794329264,4.098874376394495,1,1,2.5069568051342475
40099,Murray County,OK,12.6,63623.0,13754,30.84193689108623,1.926712229169696,7.336047695215937,0,0,0.0
40101,Muskogee County,OK,20.8,52188.0,66677,46.14334778109394,10.244912038634011,7.792792117221831,0,0,0.0
40103,Noble County,OK,13.3,60758.0,10832,21.030280649926148,1.9294682422451994,4.966765140324963,0,0,0.0
40105,Nowata County,OK,17.4,54831.0,9438,35.19813519813519,2.542911633820725,3.1998304725577453,1,1,10.595465140919686
40107,Okfuskee County,OK,25.0,44661.0,11300,40.53982300884956,7.371681415929204,4.212389380530974,0,0,0.0
40109,Oklahoma County,OK,16.0,65979.0,808866,47.34022693499295,15.818318485385714,20.35874916240762,4,1,0.4945194877767145
40111,Okmulgee County,OK,19.3,53938.0,37035,38.787633319832594,7.681922505737815,5.446199540974754,0,0,0.0
40113,Osage County,OK,14.2,61279.0,46130,37.09516583568176,10.693691740732712,4.96639930630826,1,1,2.167786689789725
40115,Ottawa County,OK,21.6,48937.0,30287,37.610195793574796,1.3867335820649123,6.227094132796249,4,1,13.20698649585631
40117,Pawnee County,OK,17.2,52744.0,15864,25.447554210791733,1.1220373171961675,4.122541603630863,0,0,0.0
40119,Payne County,OK,22.0,56811.0,83352,25.898598713888088,4.331029849313754,6.527737786735771,0,0,0.0
40121,Pittsburg County,OK,18.4,51514.0,43479,32.25005174912027,3.0359483888773893,5.9453989282182205,2,1,4.599921801329377
40123,Pontotoc County,OK,13.9,61269.0,38396,37.43358683196166,2.0444838003958745,7.029378060214606,1,1,2.6044379622877383
40125,Pottawatomie County,OK,17.1,57089.0,73791,29.81528912740036,3.336450244609776,6.533317071187543,0,0,0.0
40127,Pushmataha County,OK,23.6,45012.0,10800,31.000000000000007,1.537037037037037,4.62037037037037,0,0,0.0
40129,Roger Mills County,OK,18.3,57132.0,3295,18.66464339908953,0.7890743550834598,8.619119878603945,0,0,0.0
40131,Rogers County,OK,9.6,73688.0,100248,30.402601548160558,1.534195195914133,6.417085627643444,0,0,0.0
40133,Seminole County,OK,19.0,49000.0,23565,37.15255675790367,3.9719923615531507,5.834924676426905,0,0,0.0
40135,Sequoyah County,OK,22.3,48050.0,40291,39.207267131617485,2.1319897743913034,5.2815765307388745,1,1,2.4819438584299225
40137,Stephens County,OK,14.9,56649.0,44014,22.395146998682236,2.3583405280138137,9.031217339937292,0,0,0.0
40139,Texas County,OK,11.5,67901.0,20371,61.135928525845564,4.899121299887095,52.51092238967159,0,0,0.0
40141,Tillman County,OK,19.7,46314.0,6869,41.51987188819333,7.104382006114427,27.689620032027953,0,0,0.0
40143,Tulsa County,OK,15.1,65619.0,682868,42.2214835077936,10.830936579251041,15.83556412073783,5,1,0.7322059314538095
40145,Wagoner County,OK,10.4,80246.0,89280,32.0497311827957,4.117383512544803,9.219310035842295,0,0,0.0
40147,Washington County,OK,15.1,66236.0,53706,29.423155699549397,2.651472833575392,7.068111570401817,1,1,1.8619893494209214
40149,Washita County,OK,17.4,54874.0,10736,17.269001490312963,1.5741430700447094,9.603204172876303,0,0,0.0
40151,Woods County,OK,18.0,56740.0,8564,18.274170948155067,3.38626809901915,7.6366184026156,0,0,0.0
40153,Woodward County,OK,14.7,59312.0,19947,23.151351080362957,2.155712638492004,15.5512107083772,0,0,0.0
41001,Baker County,OR,16.2,59123.0,16912,10.80889309366131,0.7923368022705771,5.33349101229896,1,1,5.912961210974457
41003,Benton County,OR,16.2,74800.0,97713,21.57440668078966,1.4122992846397102,9.437843480396673,1,1,1.0234052787244277
41005,Clackamas County,OR,6.9,100376.0,423173,21.64173990306565,1.5390868510041993,10.226314060679675,2,1,0.47261994503430044
41007,Clatsop County,OR,15.3,65160.0,41102,16.74371076833244,0.902632475305338,10.427716412826626,0,0,0.0
41009,Columbia County,OR,9.8,81463.0,53880,14.120267260579066,0.9057164068299925,7.149220489977728,1,1,1.8559762435040834
41011,Coos County,OR,16.0,61386.0,64212,15.995452563383793,0.6992462468074503,7.551547997259079,0,0,0.0
41013,Crook County,OR,12.8,73421.0,26952,12.871029979222326,0.50831107153458,8.021668150786583,1,1,3.710299792223212
41015,Curry County,OR,15.8,55238.0,23296,15.315934065934067,0.7554945054945055,7.872596153846154,0,0,0.0
41017,Deschutes County,OR,8.7,95414.0,208513,14.813944454302607,0.6301765357555644,9.343302336065378,4,1,1.9183456187384
41019,Douglas County,OR,16.0,60296.0,112435,13.95561880197448,0.5976786587806288,6.9071018810868505,0,0,0.0
41021,Gilliam County,OR,11.8,74010.0,2026,12.635735439289242,0.6416584402764067,6.169792694965449,0,0,0.0
41023,Grant County,OR,15.3,61024.0,7215,9.48024948024948,0.31878031878031876,4.116424116424116,1,1,13.86001386001386
41025,Harney County,OR,15.2,56649.0,7440,14.569892473118284,1.0349462365591398,5.806451612903226,1,1,13.440860215053764
41027,Hood River County,OR,10.0,79092.0,23745,36.138134344072434,0.8970309538850284,30.69698883975574,0,0,0.0
41029,Jackson County,OR,12.6,71030.0,220768,21.98325844325264,1.0404587621394406,15.09186113929555,6,1,2.717785186258878
41031,Jefferson County,OR,13.9,68419.0,25454,39.37691521961185,1.2689557633377857,21.690107645163824,1,1,3.9286556140488726
41033,Josephine County,OR,15.1,61575.0,87821,15.504264355905761,0.7856890720898191,9.061613964769247,3,1,3.4160394438687782
41035,Klamath County,OR,19.3,54630.0,70003,23.840406839706873,0.9513877976658143,14.396525863177292,3,1,4.285530620116281
41037,Lake County,OR,17.0,56518.0,8293,18.774870372603402,0.8802604606294465,11.443385988182804,1,1,12.05836247437598
41039,Lane County,OR,14.7,70065.0,381181,20.55978655809183,1.3738879954667205,10.766014045820752,10,1,2.623425616701777
41041,Lincoln County,OR,15.4,61603.0,50821,19.155467228114365,0.9877806418606482,10.4110505499695,0,0,0.0
41043,Linn County,OR,14.2,70242.0,131496,17.630954553750687,0.9467968607410111,10.978280708158422,4,1,3.041917624870719
41045,Malheur County,OR,19.7,53762.0,32044,39.9825240294595,1.700786418674323,34.465110473099486,0,0,0.0
41047,Marion County,OR,14.1,73210.0,346741,38.065299459827365,1.747413775700018,29.316406193671934,3,1,0.865199096732143
41049,Morrow County,OR,13.2,80508.0,12302,46.81352625589334,1.219313932693871,42.19639083075923,0,0,0.0
41051,Multnomah County,OR,12.8,83290.0,789698,33.49242368601668,6.2969641559178315,13.734744168023726,4,1,0.5065227466702461
41053,Polk County,OR,11.8,79970.0,89805,24.695729636434493,1.217081454262012,16.048104225822616,0,0,0.0
41055,Sherman County,OR,14.5,73123.0,1951,12.865197334700152,0.4613018964633521,6.919528446950282,0,0,0.0
41057,Tillamook County,OR,11.5,68717.0,27417,17.084290768501297,0.6966480650691177,11.401685085895613,0,0,0.0
41059,Umatilla County,OR,16.5,62890.0,80053,37.28404931732727,1.2853984235444018,30.02760671055426,3,1,3.747517269808752
41061,Union County,OR,13.6,63524.0,25944,12.361239592969476,0.8325624421831638,5.538852913968547,2,1,7.708911501695961
41063,Wallowa County,OR,13.0,61173.0,7674,8.600469116497267,0.6254886630179828,4.417513682564503,2,1,26.062027625749284
41065,Wasco County,OR,13.6,65701.0,26333,28.230737097937954,0.8924163597007557,21.061026088937833,1,1,3.797516424258535
41067,Washington County,OR,8.1,103486.0,598865,39.027827640620174,2.9616023644727942,18.724921309477093,3,1,0.5009476259257095
41069,Wheeler County,OR,18.4,46315.0,1436,13.718662952646243,0.20891364902506965,6.8245125348189415,0,0,0.0
41071,Yamhill County,OR,10.6,86887.0,108644,25.31386915062037,1.220499981591252,18.021243695003864,1,1,0.9204373918486064
42001,Adams County,PA,9.3,77041.0,106748,12.094840184359423,2.255779967774572,7.660096676284333,2,1,1.873571401806123
42003,Allegheny County,PA,11.6,76488.0,1224825,23.20951972730798,13.477925417916845,2.9657297981344275,11,1,0.8980874818851672
42005,Armstrong County,PA,11.9,61521.0,64074,3.650466647938322,1.1408683709460936,1.0269376033960733,1,1,1.560695445890689
42007,Beaver County,PA,10.4,66846.0,165631,12.085901793746334,6.57123364587547,2.464514493059874,7,1,4.226261992018403
42009,Bedford County,PA,11.2,58319.0,47350,3.6261879619852166,0.7666314677930306,1.3178458289334742,0,0,0.0
42011,Berks County,PA,11.9,75655.0,432821,32.89812647722731,8.453610152926961,25.325018887715707,6,1,1.3862543638132159
42013,Blair County,PA,14.4,54909.0,120273,6.388798816026875,2.45358476133463,1.6138285400713377,2,1,1.6628836064619656
42015,Bradford County,PA,13.9,61270.0,59695,4.705586732557165,0.971605662115755,1.6684814473574001,1,1,1.6751821760616468
42017,Bucks County,PA,6.7,107006.0,645984,18.623061871501456,4.80073809877644,6.6894845692772575,1,1,0.1548025957299252
42019,Butler County,PA,9.3,80978.0,198413,6.487982138267146,1.4666377707105884,2.0674048575446164,0,0,0.0
42021,Cambria County,PA,13.2,55592.0,130668,9.072611503964245,4.599442862827931,2.244619952857624,2,1,1.530596626565035
42023,Cameron County,PA,15.3,51035.0,4380,5.410958904109586,0.7534246575342466,2.1004566210045663,0,0,0.0
42025,Carbon County,PA,12.0,64894.0,65458,11.564667420330599,2.8904030065079898,7.3909988083962235,3,1,4.583091447951357
42027,Centre County,PA,17.1,69999.0,157795,15.530276624734629,4.036883297949871,3.6775563230774106,2,1,1.2674672835007446
42029,Chester County,PA,6.2,120925.0,549784,23.266955749894503,6.349584564119727,8.32872546309096,1,1,0.18188961483055163
42031,Clarion County,PA,14.2,56911.0,36970,4.660535569380575,1.5147416824452258,1.1360562618339194,0,0,0.0
42033,Clearfield County,PA,15.4,60213.0,77090,6.151251783629519,2.1598132053444026,2.6722013231288106,0,0,0.0
42035,Clinton County,PA,15.5,55946.0,37607,5.634589305182547,1.6459701651288323,1.9491052197729146,0,0,0.0
42037,Columbia County,PA,12.6,63605.0,65439,8.516328183499134,2.3456959916869145,4.27115328779474,0,0,0.0
42039,Crawford County,PA,12.6,60545.0,82001,5.6877355154205445,1.8999768295508592,1.6219314398604896,0,0,0.0
42041,Cumberland County,PA,8.2,82507.0,270738,19.238525807237995,5.545213453597205,5.2792736889538965,1,1,0.36936078422681706
42043,Dauphin County,PA,12.9,73929.0,289234,38.8381034041641,19.13675432348894,11.967472703762352,3,1,1.0372224565576662
42045,Delaware County,PA,10.8,84180.0,576720,37.095991122208346,23.887154945207378,5.12969898737689,2,1,0.3467887363018449
42047,Elk County,PA,10.0,66378.0,30198,3.20551029869528,0.5894430094708258,1.0828531690840453,1,1,3.3114775812967743
42049,Erie County,PA,14.5,60721.0,267571,17.13115397408538,7.983301628352849,4.882442417152831,2,1,0.7474651587802863
42051,Fayette County,PA,18.9,54030.0,123915,8.995682524311022,4.856554896501634,1.4760117822701044,1,1,0.80700480167857
42053,Forest County,PA,24.8,48084.0,6449,30.004651884013022,23.740114746472322,5.225616374631726,0,0,0.0
42055,Franklin County,PA,8.2,75532.0,157854,14.572959823634502,4.4705867447134695,7.697619319117666,1,1,0.6334967755014127
42057,Fulton County,PA,12.7,62044.0,14468,4.789881116947747,1.458390931711363,1.3823610727121924,0,0,0.0
42059,Greene County,PA,15.5,60627.0,34357,7.090258171551644,3.836190587071048,1.6037488721366824,1,1,2.910615012952237
42061,Huntingdon County,PA,13.0,61812.0,43514,9.881877097026248,5.848692374867858,2.139541297053822,0,0,0.0
42063,Indiana County,PA,16.5,57110.0,83094,7.181023900642646,3.0254892049967506,1.9098851902664453,1,1,1.2034563265699088
42065,Jefferson County,PA,18.8,49430.0,43612,3.180317343850314,0.5113271576630285,1.0639273594423553,0,0,0.0
42067,Juniata County,PA,10.8,59755.0,23243,6.707395775072067,1.1444305812502689,4.302370606204018,0,0,0.0
42069,Lackawanna County,PA,16.1,57570.0,216123,19.427825821407254,5.445510195583071,10.351050096472841,2,1,0.9253989626277628
42071,Lancaster County,PA,8.6,80210.0,558589,20.041390002309388,5.681816147471576,11.660451602161876,4,1,0.7160900053527728
42073,Lawrence County,PA,13.6,61686.0,84472,9.499005587650345,4.370679041575907,2.3179278340751965,2,1,2.367648451557913
42075,Lebanon County,PA,8.7,78284.0,144252,21.2537781105288,4.133044949116823,15.608795718603554,1,1,0.6932312896874914
42077,Lehigh County,PA,12.1,76270.0,377754,40.70982703028956,11.133700768224823,28.630272611276123,2,1,0.5294450886026356
42079,Luzerne County,PA,16.4,60165.0,327388,26.069984238884746,8.449301745940597,18.43439588500495,1,1,0.3054479699927914
42081,Lycoming County,PA,12.8,62063.0,112724,10.72353713494908,5.112487136723324,2.430715730456691,3,1,2.661367588091267
42083,Mc Kean County,PA,15.9,59522.0,39519,6.799261114906752,2.5886282547635315,2.031934006427288,0,0,0.0
42085,Mercer County,PA,12.6,61530.0,108503,10.336119738624738,5.761131028635153,1.7621632581587605,2,1,1.8432670064422183
42087,Mifflin County,PA,15.2,58758.0,45922,5.221898000958147,1.1715517616828535,2.360524367405601,0,0,0.0
42089,Monroe County,PA,9.6,73408.0,166053,38.20105628925704,17.60341577689051,18.701860249438433,1,1,0.6022173643354832
42091,Montgomery County,PA,6.9,106780.0,868742,27.443130411560624,10.543636660826804,6.750680869579231,1,1,0.11510897366536901
42093,Montour County,PA,9.8,73087.0,17860,10.229563269876818,2.222844344904815,3.1914893617021276,0,0,0.0
42095,Northampton County,PA,9.8,84051.0,319091,27.377456587619207,8.268801063019641,15.948741894945329,1,1,0.3133902241053492
42097,Northumberland County,PA,12.3,58834.0,90120,10.08766089658234,3.4720372836218374,5.4815801154016865,0,0,0.0
42099,Perry County,PA,10.1,71392.0,46083,5.68105375084087,1.241238634637502,2.5540871905040903,0,0,0.0
42101,Philadelphia County,PA,20.3,60196.0,1550542,65.99227882895143,42.95072303749269,15.772226743938571,10,1,0.6449357708465814
42103,Pike County,PA,10.0,71698.0,61247,22.17578003820595,7.095857756298268,12.821852498897906,0,0,0.0
42105,Potter County,PA,12.7,57850.0,15999,4.56903556472279,0.6812925807862992,1.9251203200200013,0,0,0.0
42107,Schuylkill County,PA,14.2,63479.0,143786,13.916514820636227,4.712558941760672,8.625318181185929,0,0,0.0
42109,Snyder County,PA,10.9,68089.0,39717,5.871541153662163,1.5988115920134955,2.696578291411738,0,0,0.0
42111,Somerset County,PA,12.0,59562.0,72197,5.6719808302284065,2.811751180796986,1.5914788703131708,1,1,1.3850991038408798
42113,Sullivan County,PA,13.8,59604.0,5834,6.787795680493658,2.296880356530682,2.5197120329105247,0,0,0.0
42115,Susquehanna County,PA,12.0,70021.0,38109,5.166758508488812,0.9499068461518276,2.555826707601879,1,1,2.624052061192894
42117,Tioga County,PA,13.0,62918.0,40840,4.458863858961804,0.8202742409402547,1.7580803134182175,1,1,2.4485798237022527
42119,Union County,PA,11.3,82708.0,42042,13.493649207934922,5.903620189334475,5.085390799676514,0,0,0.0
42121,Venango County,PA,13.8,57256.0,49431,4.495154862333351,1.2077441281786734,1.2886650077886346,0,0,0.0
42123,Warren County,PA,11.4,57469.0,37572,3.8512722239965935,0.710635579687001,1.330778239114234,2,1,5.323112956456936
42125,Washington County,PA,9.5,76957.0,210232,8.971041516039424,3.359621751208189,2.0924502454431293,3,1,1.4269949389246166
42127,Wayne County,PA,12.8,68429.0,51262,10.524365026725446,3.398228707424603,5.372400608637977,0,0,0.0
42129,Westmoreland County,PA,10.8,70985.0,351163,7.381472421638957,2.9519055253543227,1.6436811395277977,2,1,0.5695360843824663
42131,Wyoming County,PA,13.5,66855.0,25902,5.632769670295734,1.2508686587908269,2.5442050806887497,1,1,3.8607057370087254
42133,York County,PA,8.5,81213.0,464640,20.147856404958674,8.008135330578513,9.875817837465565,3,1,0.6456611570247934
44001,Bristol County,RI,7.9,99802.0,50255,10.665605412396772,1.685404437369416,4.3776738632971846,0,0,0.0
44003,Kent County,RI,9.0,89914.0,171278,15.457910531416763,3.4686299466364625,7.4522121930428895,1,1,0.5838461448639055
44005,Newport County,RI,11.3,99912.0,83832,15.27578967458727,4.338438782326558,6.711041129878805,0,0,0.0
44007,Providence County,RI,12.7,75307.0,660615,42.268794986489866,13.438992454001196,25.990932691507155,4,1,0.6054963935121062
44009,Washington County,RI,9.1,101749.0,129982,10.116785401055528,1.7071594528473173,3.934390915665246,2,1,1.5386745857118678
45001,Abbeville County,SC,15.3,51580.0,24434,30.142424490464105,25.65277891462716,2.2755177212081525,0,0,0.0
45003,Aiken County,SC,14.1,67769.0,177130,35.753401456557334,25.221588663693332,7.316095523062158,1,1,0.5645571049511657
45005,Allendale County,SC,32.6,35477.0,7369,76.90324331659654,71.86863889265844,3.026190799294341,0,0,0.0
45007,Anderson County,SC,13.5,64813.0,213076,24.195122866958265,15.883534513506918,5.324860613114569,1,1,0.46931611256077643
45009,Bamberg County,SC,27.7,41555.0,12974,62.79482041005087,58.60952674579929,1.7958994912902728,0,0,0.0
45011,Barnwell County,SC,27.2,46482.0,20447,48.88247664694087,42.998972954467646,3.1642783782461974,0,0,0.0
45013,Beaufort County,SC,9.5,82199.0,198979,30.996738349273034,16.229350836017872,12.119369380688415,0,0,0.0
45015,Berkeley County,SC,9.8,82414.0,255217,38.6212517191253,24.56889627258372,9.172586465635126,1,1,0.3918234286900951
45017,Calhoun County,SC,14.6,58916.0,14186,44.32539123079092,38.60848724094178,4.053291978006485,0,0,0.0
45019,Charleston County,SC,11.0,88111.0,424367,33.76134336553031,23.445036960932402,7.005492887052951,7,1,1.6495156315170596
45021,Cherokee County,SC,16.8,57768.0,56714,28.534400677081496,20.070881969178686,5.776351518143668,0,0,0.0
45023,Chester County,SC,20.1,51383.0,32226,41.47893005647614,35.30999813814932,3.3140942096443866,0,0,0.0
45025,Chesterfield County,SC,20.3,50962.0,44031,41.563898162658134,32.436238104971494,6.14112784174786,1,1,2.2711271604097116
45027,Clarendon County,SC,20.0,47675.0,31004,49.77099729067217,44.923235711521095,3.173784027867372,0,0,0.0
45029,Colleton County,SC,23.0,48504.0,38874,42.72264238308381,35.347533055512685,4.75124762051757,0,0,0.0
45031,Darlington County,SC,22.3,46249.0,62416,46.54095103819533,41.864265572930016,2.534606511150987,1,1,1.6021532940271723
45033,Dillon County,SC,24.4,45269.0,27698,55.53469564589501,46.69290201458589,3.6103689797097265,0,0,0.0
45035,Dorchester County,SC,10.2,78329.0,169833,38.39830892700476,26.171003279692403,7.282448051909817,0,0,0.0
45037,Edgefield County,SC,16.8,62851.0,27607,41.60176766762053,32.39395805411671,7.1684717644075775,1,1,3.6222697142029197
45039,Fairfield County,SC,20.7,48123.0,20422,59.832533542258346,54.642052688277346,2.702967388110861,0,0,0.0
45041,Florence County,SC,18.8,56144.0,137214,50.51671112277173,43.94741061407728,3.4172897809261444,2,1,1.457577215152973
45043,Georgetown County,SC,13.8,69379.0,65731,33.07419634571207,28.050691454564816,3.622339535379045,0,0,0.0
45045,Greenville County,SC,11.3,76281.0,558036,33.80839229010315,17.870352450379546,11.654624432832291,2,1,0.358399816499294
45047,Greenwood County,SC,16.9,56726.0,69460,41.42384105960265,31.8701410883962,7.385545637777138,0,0,0.0
45049,Hampton County,SC,24.2,44774.0,18122,58.48692197329213,52.041717249751684,4.486259794724644,0,0,0.0
45051,Horry County,SC,12.9,68684.0,397478,22.906173423434762,12.138281867172523,7.3015361856505265,1,1,0.25158625131453816
45053,Jasper County,SC,16.2,61816.0,33544,51.82446935368471,33.29954686382065,17.204269019794896,0,0,0.0
45055,Kershaw County,SC,12.6,69277.0,69905,34.473928903511904,25.780702381803877,6.135469565839354,0,0,0.0
45057,Lancaster County,SC,10.8,74417.0,108215,32.757935591184214,20.0,7.649586471376427,0,0,0.0
45059,Laurens County,SC,16.7,56237.0,68873,33.043427758337806,24.228652737647554,6.906915627314042,0,0,0.0
45061,Lee County,SC,24.5,46256.0,15967,66.20529842800777,61.85883384480491,2.642951086616146,0,0,0.0
45063,Lexington County,SC,11.2,76559.0,309528,29.116590421545062,16.817218474580653,8.090059703807087,2,1,0.646145098343284
45065,McCormick County,SC,17.6,58475.0,9941,41.786540589477916,37.9136907755759,1.95151393219998,0,0,0.0
45067,Marion County,SC,25.4,40171.0,28508,61.26350498105795,56.18072120106637,2.8518310649642205,0,0,0.0
45069,Marlboro County,SC,27.2,42308.0,25704,60.8348895113601,50.84033613445378,2.9139433551198257,0,0,0.0
45071,Newberry County,SC,17.5,57325.0,38825,39.896973599484866,28.929813264649066,9.473277527366388,0,0,0.0
45073,Oconee County,SC,14.6,67161.0,81221,16.232255204934688,7.376171187254528,6.270545794806762,0,0,0.0
45075,Orangeburg County,SC,21.7,50959.0,82820,66.45254769379376,61.16638493117605,2.794011108427916,0,0,0.0
45077,Pickens County,SC,16.8,58480.0,135495,16.238237573342186,7.076275877338647,5.4931916306874795,0,0,0.0
45079,Richland County,SC,15.9,61508.0,425138,60.33193927618796,49.415013477976565,6.461901782480042,4,1,0.9408709642516077
45081,Saluda County,SC,16.1,60220.0,19123,41.43178371594415,23.934529101082465,17.40835642943053,0,0,0.0
45083,Spartanburg County,SC,14.0,64649.0,356698,34.1448508261891,20.295319850405665,9.49907204413818,2,1,0.5606984059344319
45085,Sumter County,SC,17.5,55481.0,104165,55.878654058464925,48.027648442375074,4.5331925310804975,0,0,0.0
45087,Union County,SC,23.4,40008.0,26629,35.48762627210935,30.444252506665666,2.2193848811446166,0,0,0.0
45089,Williamsburg County,SC,24.8,43711.0,29891,67.27443043056438,62.8918403532836,2.6262085577598606,0,0,0.0
45091,York County,SC,9.6,82495.0,298320,32.91532582461786,19.43952802359882,7.60894341646554,5,1,1.6760525610083132
46003,Aurora County,SD,11.0,66789.0,2782,13.767074047447881,1.1143062544931703,8.159597411933861,0,0,0.0
46005,Beadle County,SD,16.3,59721.0,19591,31.897299780511457,1.6844469399213924,14.843550609973967,0,0,0.0
46007,Bennett County,SD,27.7,48547.0,3305,67.77609682299546,0.6656580937972768,3.7518910741301057,0,0,0.0
46009,Bon Homme County,SD,13.4,67069.0,7065,13.729653220099081,1.5286624203821657,2.6610049539985847,0,0,0.0
46011,Brookings County,SD,11.2,75209.0,35980,12.657031684269038,1.8816008893829905,4.8499166203446356,1,1,2.7793218454697053
46013,Brown County,SD,10.0,67491.0,37733,15.008083110274828,1.9690986669493546,4.741207961201071,1,1,2.6502000901068032
46015,Brule County,SD,12.6,69383.0,5311,18.866503483336473,0.583694219544342,2.5418941818866503,0,0,0.0
46017,Buffalo County,SD,33.1,32803.0,1884,84.87261146496814,1.0615711252653928,1.8046709129511678,0,0,0.0
46019,Butte County,SD,12.0,62368.0,10863,10.660038663352667,0.7088281321918438,4.225352112676056,0,0,0.0
46021,Campbell County,SD,11.0,64367.0,1340,7.835820895522383,0.373134328358209,4.402985074626866,0,0,0.0
46023,Charles Mix County,SD,21.4,59721.0,9240,35.74675324675325,0.6060606060606061,2.965367965367965,0,0,0.0
46025,Clark County,SD,11.1,65768.0,3948,8.941236068895641,1.7477203647416413,5.547112462006079,0,0,0.0
46027,Clay County,SD,17.5,63752.0,15431,13.693214956904932,1.8728533471583177,3.369839932603201,1,1,6.48046140885231
46029,Codington County,SD,11.4,66288.0,28971,9.243726485105796,0.7662835249042146,3.5000517759138448,1,1,3.4517275896586237
46031,Corson County,SD,33.7,42911.0,3782,69.35483870967742,0.7139079851930196,1.6129032258064515,0,0,0.0
46033,Custer County,SD,8.5,76579.0,9117,10.485905451354615,0.8774816277284194,3.422178348140836,1,1,10.968520346605242
46035,Davison County,SD,9.4,67847.0,19922,12.227687983134228,1.184620018070475,5.350868386708162,0,0,0.0
46037,Day County,SD,13.3,60503.0,5451,15.520088057237203,0.4953219592735278,2.715098147128967,0,0,0.0
46039,Deuel County,SD,9.2,67290.0,4354,5.971520440973821,0.9416628387689481,3.1005971520440974,0,0,0.0
46041,Dewey County,SD,26.2,48477.0,5208,79.89631336405529,0.7104454685099847,2.304147465437788,0,0,0.0
46043,Douglas County,SD,8.7,68324.0,2838,8.491895701198027,0.6694855532064834,3.453136011275546,0,0,0.0
46045,Edmunds County,SD,10.2,74870.0,4057,4.90510229233424,0.3697313285679073,2.119792950456002,0,0,0.0
46047,Fall River County,SD,14.1,58834.0,7393,15.474097118896257,1.2714730150142026,3.706208575679697,0,0,0.0
46049,Faulk County,SD,13.0,66810.0,2151,4.834960483496054,0.46490004649000466,2.928870292887029,0,0,0.0
46051,Grant County,SD,9.9,73409.0,7553,10.949291672183236,0.8870647424864292,7.626108830928108,0,0,0.0
46053,Gregory County,SD,14.5,54134.0,4018,13.439522150323546,0.42309606769537084,2.0905923344947737,0,0,0.0
46055,Haakon County,SD,10.6,62682.0,1851,8.806050783360341,0.3241491085899514,1.6207455429497568,0,0,0.0
46057,Hamlin County,SD,7.2,87571.0,6451,8.696326150984346,0.6355603782359324,6.045574329561308,0,0,0.0
46059,Hand County,SD,8.5,69681.0,3107,5.56807209526875,0.5471515931766978,2.2207917605407146,0,0,0.0
46061,Hanson County,SD,9.0,72307.0,3471,5.589167386920191,0.7778738115816768,1.5845577643330453,0,0,0.0
46063,Harding County,SD,12.1,59255.0,1324,9.138972809667678,1.1329305135951662,2.6435045317220545,0,0,0.0
46065,Hughes County,SD,8.6,75885.0,17624,19.62097140263277,0.856786200635497,3.3079891057648663,1,1,5.674080798910576
46067,Hutchinson County,SD,9.8,68648.0,7394,6.938057884771432,1.0819583446037329,2.9483364890451718,0,0,0.0
46069,Hyde County,SD,11.2,66253.0,1186,16.02023608768971,0.6745362563237775,1.7706576728499157,0,0,0.0
46071,Jackson County,SD,29.8,47946.0,2776,62.57204610951008,1.5489913544668588,2.5576368876080693,1,1,36.023054755043226
46073,Jerauld County,SD,12.7,57613.0,1660,9.397590361445785,0.5421686746987951,5.421686746987952,0,0,0.0
46075,Jones County,SD,14.1,60640.0,855,12.982456140350873,0.3508771929824561,1.9883040935672514,0,0,0.0
46077,Kingsbury County,SD,10.0,67518.0,5276,6.652767247915092,0.6633813495072024,2.9757391963608795,0,0,0.0
46079,Lake County,SD,9.4,70136.0,11031,10.452361526606834,1.3688695494515457,5.366693862750431,0,0,0.0
46081,Lawrence County,SD,11.1,69088.0,28053,10.344704666167615,1.0337575303889066,3.985313513706199,0,0,0.0
46083,Lincoln County,SD,3.3,102130.0,73238,10.020754253256502,2.338949725552309,3.311122641251809,0,0,0.0
46085,Lyman County,SD,19.3,55274.0,3705,42.834008097165984,0.6207827260458839,1.4035087719298245,0,0,0.0
46087,McCook County,SD,8.0,85702.0,5809,7.178516095713549,0.7574453434326046,3.4601480461353074,0,0,0.0
46089,McPherson County,SD,15.4,55704.0,2334,6.426735218508995,0.7283633247643531,3.2133676092544987,0,0,0.0
46091,Marshall County,SD,11.1,69480.0,4390,15.808656036446466,1.0933940774487472,6.651480637813211,0,0,0.0
46093,Meade County,SD,7.9,74577.0,30954,13.875428054532534,2.0062027524714092,5.042966983265491,1,1,3.230600245525619
46095,Mellette County,SD,26.0,48596.0,1851,60.45380875202593,0.6482982171799028,1.6207455429497568,0,0,0.0
46097,Miner County,SD,10.5,69943.0,2280,6.8859649122807065,1.1842105263157894,2.719298245614035,0,0,0.0
46099,Minnehaha County,SD,9.7,73277.0,206930,20.86357705504277,6.9791717005750735,6.845793263422413,1,1,0.4832552070748562
46101,Moody County,SD,9.8,72783.0,6450,24.9922480620155,1.2403100775193798,6.310077519379845,0,0,0.0
46102,Oglala Lakota County,SD,37.1,42791.0,13434,93.17403602798868,0.6624981390501712,3.3943724877177313,0,0,0.0
46103,Pennington County,SD,11.6,74641.0,115903,20.78203325194343,1.4003088789763853,5.938586576706384,1,1,0.8627904368307981
46105,Perkins County,SD,14.5,56922.0,2834,7.092448835568099,0.5998588567395907,2.2582921665490474,0,0,0.0
46107,Potter County,SD,9.2,70243.0,2413,8.99295482801492,0.7045171985080813,2.56941566514712,0,0,0.0
46109,Roberts County,SD,16.3,65069.0,10206,43.15108759553205,0.6760728982951205,3.008034489515971,0,0,0.0
46111,Sanborn County,SD,12.4,67523.0,2399,7.7532305127136265,0.4168403501458941,4.751979991663193,0,0,0.0
46115,Spink County,SD,10.7,69262.0,6166,6.2439182614336675,0.90820629257217,2.984106389879987,0,0,0.0
46117,Stanley County,SD,7.6,82778.0,3043,11.896155110088724,0.8544199802826158,1.4788038120276044,0,0,0.0
46119,Sully County,SD,7.6,74496.0,1494,10.374832663989286,2.5435073627844713,2.8781793842034804,0,0,0.0
46121,Todd County,SD,35.6,50268.0,9199,91.94477660615284,0.46744211327318186,2.4785302750298945,0,0,0.0
46123,Tripp County,SD,16.1,58195.0,5621,19.605052481764808,0.5337128624799857,1.512186443693293,0,0,0.0
46125,Turner County,SD,8.4,75454.0,9027,7.20062036113881,0.6979062811565304,4.087736789631107,0,0,0.0
46127,Union County,SD,5.7,97016.0,17183,10.603503462724785,1.5014840249083397,5.138799976721178,0,0,0.0
46129,Walworth County,SD,15.8,57426.0,5269,22.22433099259822,0.45549440121465173,2.467261339912697,0,0,0.0
46135,Yankton County,SD,11.4,73061.0,23517,12.990602542841344,1.8922481609048774,6.161500191350938,0,0,0.0
46137,Ziebach County,SD,46.2,42254.0,2322,72.78208440999138,0.6459948320413437,1.3781223083548666,0,0,0.0
47001,Anderson County,TN,14.4,61009.0,80234,12.515891018770098,4.180272702345639,4.284966473066281,1,1,1.2463544133409776
47003,Bedford County,TN,13.3,69272.0,53055,27.367825841108285,8.687211384412402,16.31137498821977,0,0,0.0
47005,Benton County,TN,17.6,52795.0,16103,8.718872259827359,2.6703098801465566,3.1112215115195925,0,0,0.0
47007,Bledsoe County,TN,21.6,50731.0,15060,11.879150066401067,5.444887118193891,3.864541832669323,0,0,0.0
47009,Blount County,TN,9.7,77206.0,141456,10.671869697997959,3.024968894921389,4.829770387965162,3,1,2.1208008143875126
47011,Bradley County,TN,15.0,61440.0,111579,17.143907007591032,5.433818191595193,8.628863854309502,0,0,0.0
47013,Campbell County,TN,20.6,50443.0,40223,4.3134525022996755,0.6439102006314795,1.6706859259627576,0,0,0.0
47015,Cannon County,TN,14.4,60098.0,15063,8.22545309699263,2.456349996680608,3.332669454955852,0,0,0.0
47017,Carroll County,TN,17.4,51159.0,28860,16.19196119196119,10.07969507969508,3.3056133056133055,0,0,0.0
47019,Carter County,TN,16.9,48885.0,57022,7.128827470099264,2.16056960471397,2.737539896881905,0,0,0.0
47021,Cheatham County,TN,8.7,82030.0,42254,10.71851185686562,3.199697070099872,4.877644720026506,0,0,0.0
47023,Chester County,TN,16.7,65714.0,17606,15.790071566511422,9.138929910257866,3.5385663978189252,0,0,0.0
47025,Claiborne County,TN,18.6,53195.0,32654,5.699148649476326,1.2647761376860416,1.8129478777485146,1,1,3.062411955656275
47027,Clay County,TN,21.2,46575.0,7714,6.650246305418717,1.620430386310604,3.007518796992481,0,0,0.0
47029,Cocke County,TN,20.4,47491.0,37404,8.194310768901724,2.1869318789434287,3.2162335579082453,0,0,0.0
47031,Coffee County,TN,14.5,65038.0,60633,14.553131133211284,4.274899807035773,6.539343261920076,0,0,0.0
47033,Crockett County,TN,14.9,56083.0,13982,28.236303819196106,14.718924331283079,11.586325275354026,0,0,0.0
47035,Cumberland County,TN,14.6,60632.0,64760,6.763434218653486,0.9589252625077208,3.7152563310685607,0,0,0.0
47037,Davidson County,TN,12.3,80216.0,712334,45.414650992371556,26.127209988572776,13.748045158591335,4,1,0.5615343364208363
47039,Decatur County,TN,19.2,52000.0,11656,9.171242278654768,2.71105010295127,3.94646533973919,0,0,0.0
47041,DeKalb County,TN,16.3,57936.0,21225,12.734982332155475,2.2520612485276796,7.83510011778563,1,1,4.7114252061248525
47043,Dickson County,TN,9.9,74028.0,56729,12.244178462514766,4.1107722681520915,5.196636640871512,0,0,0.0
47045,Dyer County,TN,17.7,57548.0,36498,22.456024987670553,15.524138308948435,4.137212997972491,1,1,2.7398761575976764
47047,Fayette County,TN,12.8,76680.0,44175,33.78834182229768,27.827956989247312,3.966044142614601,0,0,0.0
47049,Fentress County,TN,18.9,47860.0,19696,5.021324126726235,0.6600324939073924,2.3456539398862715,0,0,0.0
47051,Franklin County,TN,12.9,64243.0,44654,12.077305504546064,4.893178662605814,3.816007524521879,0,0,0.0
47053,Gibson County,TN,14.7,57630.0,51045,23.986678421001074,17.68635517680478,3.6007444411793514,0,0,0.0
47055,Giles County,TN,15.3,60422.0,30721,16.01510367501058,9.706715276195437,3.1151329709319358,0,0,0.0
47057,Grainger County,TN,15.5,57132.0,24681,6.648839188039379,1.268182002349986,3.7113569142255174,0,0,0.0
47059,Greene County,TN,14.8,54188.0,72577,8.695592267522766,2.426388525290381,4.013668242005043,0,0,0.0
47061,Grundy County,TN,22.8,41370.0,13955,6.219992834109633,1.3973486205661054,2.0207810820494445,0,0,0.0
47063,Hamblen County,TN,17.3,55904.0,66216,22.178929563851636,4.441524707019451,15.141355563610004,0,0,0.0
47065,Hamilton County,TN,12.9,73319.0,379864,30.476433670998038,18.171766737569236,8.17345155108144,3,1,0.7897563338457975
47067,Hancock County,TN,26.7,39077.0,6956,4.183438757906844,0.7619321449108684,1.0638297872340425,0,0,0.0
47069,Hardeman County,TN,21.5,47551.0,25567,46.30578480071967,41.444048969374585,2.221613799037822,0,0,0.0
47071,Hardin County,TN,19.7,49126.0,27229,8.446876491975463,3.3567152668111206,2.56711594256124,0,0,0.0
47073,Hawkins County,TN,17.2,54454.0,58600,6.013651877133109,1.546075085324232,2.2252559726962455,0,0,0.0
47075,Haywood County,TN,21.0,42579.0,17328,57.369575253924275,51.25230840258541,4.8880424746075715,0,0,0.0
47077,Henderson County,TN,14.0,55656.0,28070,14.025650160313496,7.794798717491984,3.1136444602778766,0,0,0.0
47079,Henry County,TN,18.3,52064.0,32554,13.279474104564725,7.2310622350555995,3.0503163973705227,0,0,0.0
47081,Hickman County,TN,15.9,59650.0,25826,11.070239293734996,4.747154030821653,3.6087663594826918,0,0,0.0
47083,Houston County,TN,17.0,56951.0,8393,9.948766829500777,3.3599428094840937,3.455260335994281,0,0,0.0
47085,Humphreys County,TN,14.7,63017.0,19209,9.198813056379818,3.035035660367536,3.1235358425737934,0,0,0.0
47087,Jackson County,TN,20.0,48285.0,12363,6.713580846072964,1.0191701043436059,3.0898649195179164,0,0,0.0
47089,Jefferson County,TN,12.9,62730.0,57838,9.315674815865005,2.128358518620976,4.797883744251184,1,1,1.7289671150454717
47091,Johnson County,TN,20.9,51597.0,18375,7.923809523809522,2.6068027210884352,3.3959183673469386,0,0,0.0
47093,Knox County,TN,13.8,70457.0,500669,19.967683239825117,8.721131126552672,6.374870423373526,6,1,1.1983965454222252
47095,Lake County,TN,34.0,40778.0,6347,33.48038443359067,27.256971797699702,3.2298723806522767,0,0,0.0
47097,Lauderdale County,TN,24.6,51486.0,24610,40.540430719219835,35.33522958147095,2.9012596505485573,0,0,0.0
47099,Lawrence County,TN,14.9,55845.0,46114,7.487964609446152,1.9712018042243136,2.897167888276879,1,1,2.168538838530598
47101,Lewis County,TN,16.1,55231.0,13066,8.656053880300018,2.2348078983621615,3.4976274299709167,0,0,0.0
47103,Lincoln County,TN,14.5,60974.0,36169,14.620254914429488,7.075119577538777,4.28267300727142,0,0,0.0
47105,Loudon County,TN,10.5,81605.0,60591,14.450991071281216,1.6768166889472034,10.5279661996006,1,1,1.650410126916539
47107,McMinn County,TN,14.9,55852.0,55678,11.805380940407339,3.974639893674342,4.757713998347642,1,1,1.7960415244800458
47109,McNairy County,TN,15.5,54516.0,26163,10.97733440354699,6.1231510147918815,2.300959370102817,0,0,0.0
47111,Macon County,TN,16.2,57496.0,26793,10.93569215839958,1.5526443474041727,7.013025790318367,0,0,0.0
47113,Madison County,TN,18.6,60663.0,99193,46.4387607996532,38.223463349228275,5.410664058955773,1,1,1.008135654733701
47115,Marion County,TN,15.1,57109.0,29382,9.744060989721604,3.99564359131441,2.7738070927778913,0,0,0.0
47117,Marshall County,TN,10.7,73770.0,36961,16.44436027163767,6.317469765428425,7.461919320364709,0,0,0.0
47119,Maury County,TN,10.7,74164.0,110760,23.066088840736732,11.16738894907909,8.280065005417118,1,1,0.9028530155290719
47121,Meigs County,TN,15.6,56161.0,13691,7.428237528303261,2.33730187714557,2.578336133226207,0,0,0.0
47123,Monroe County,TN,16.0,58980.0,48594,9.832489607770512,2.2492488784623617,4.932707741696506,0,0,0.0
47125,Montgomery County,TN,12.6,74701.0,239872,40.45574306296692,22.601637540021343,11.641208644610458,1,1,0.416889007470651
47127,Moore County,TN,9.9,66435.0,6748,7.780082987551862,2.4451689389448727,2.1487848251333728,0,0,0.0
47129,Morgan County,TN,16.2,55668.0,21573,8.033189635192139,3.6202660733324064,2.1832846613822836,0,0,0.0
47131,Obion County,TN,19.3,54428.0,30411,19.19371280128901,10.867778106606162,5.659136496662392,0,0,0.0
47133,Overton County,TN,14.3,52236.0,23327,5.384318600763061,0.9173918635058087,2.452094139837956,0,0,0.0
47135,Perry County,TN,17.5,50014.0,8891,9.099088966370484,2.980542121246204,2.305702395681026,0,0,0.0
47137,Pickett County,TN,16.6,46177.0,5128,4.290171606864279,0.4095163806552262,2.125585023400936,0,0,0.0
47139,Polk County,TN,15.0,57045.0,18033,5.484389729939554,0.9815338545999002,2.2625187156879054,0,0,0.0
47141,Putnam County,TN,17.3,57896.0,83844,14.363579981871089,2.5678641286198176,8.600496159534373,1,1,1.1926911883975002
47143,Rhea County,TN,16.0,57682.0,33924,11.558188892819244,2.3582124749439926,6.47918877490862,0,0,0.0
47145,Roane County,TN,13.4,65970.0,56096,8.3499714774672,2.921776953793497,2.7203365658870506,1,1,1.782658300057045
47147,Robertson County,TN,9.9,81529.0,76776,20.704386787537775,7.94649369594665,10.22715431905804,0,0,0.0
47149,Rutherford County,TN,9.1,81987.0,367101,35.737303902740656,17.135611180574283,12.353820883081223,0,0,0.0
47151,Scott County,TN,21.0,46923.0,22171,3.6128275675431865,0.42848766406567135,1.335077353299355,0,0,0.0
47153,Sequatchie County,TN,15.1,62157.0,17161,8.670823378590987,1.2178777460520949,5.017190140434707,0,0,0.0
47155,Sevier County,TN,12.2,60704.0,99415,14.257405824070812,1.7431977065835136,9.639390434039129,2,1,2.0117688477593925
47157,Shelby County,TN,18.2,62402.0,910042,66.95526140551755,54.08937169932816,8.895853158425655,5,1,0.5494251913647942
47159,Smith County,TN,11.7,72153.0,20538,8.74963482325446,2.658486707566462,3.413185315025806,0,0,0.0
47161,Stewart County,TN,12.9,60634.0,14222,9.168893263957244,2.123470679229363,3.1078610603290677,0,0,0.0
47163,Sullivan County,TN,13.5,57016.0,162135,7.976069324945256,2.5096370308693374,2.782866130076788,8,1,4.934159805100688
47165,Sumner County,TN,8.9,86376.0,207994,20.011634951008205,8.795446022481418,7.477138763618181,1,1,0.48078309951248593
47167,Tipton County,TN,14.8,70886.0,62015,24.99234056276707,18.582600983632993,3.2185761509312263,0,0,0.0
47169,Trousdale County,TN,15.8,62658.0,12271,18.287018172928036,11.286773694075462,4.368022166082634,0,0,0.0
47171,Unicoi County,TN,12.3,54955.0,17756,9.568596530750174,0.8447848614552828,6.84275737778779,0,0,0.0
47173,Union County,TN,15.9,64244.0,20741,5.149221349018851,0.7955257702135866,2.521575623161853,0,0,0.0
47175,Van Buren County,TN,14.7,58584.0,6493,5.867857692900047,1.0780840905590636,2.6182042199291544,0,0,0.0
47177,Warren County,TN,17.6,49436.0,42638,16.44776959519677,3.942492612223838,10.098972747314601,0,0,0.0
47179,Washington County,TN,16.3,62028.0,138420,13.210518711168906,4.356306892067621,5.023118046525068,0,0,0.0
47181,Wayne County,TN,18.0,51817.0,16066,11.197560064732981,6.554213867795344,2.931656915224698,0,0,0.0
47183,Weakley County,TN,18.6,55285.0,33084,15.073751662435008,8.496554225607545,3.318824809575626,0,0,0.0
47185,White County,TN,13.7,63690.0,28692,7.768716018402344,1.8123518750871324,3.3772480133835217,0,0,0.0
47187,Williamson County,TN,4.9,136007.0,264460,17.679044089843455,4.186266354080012,6.041367314527717,1,1,0.3781290176208122
47189,Wilson County,TN,6.6,96466.0,163674,19.736793870743064,8.012879259992424,6.747559172501436,1,1,0.6109705878758996
48001,Anderson County,TX,21.4,56548.0,57736,43.142926423721775,21.366218650408758,19.64978522931966,0,0,0.0
48003,Andrews County,TX,11.4,80936.0,18664,61.73917702528933,2.2235319331333048,58.160094299185594,0,0,0.0
48005,Angelina County,TX,17.2,57298.0,87319,41.260206827838154,15.57622052474261,23.8287199807602,0,0,0.0
48007,Aransas County,TX,17.1,60112.0,25374,32.87223141798692,2.0887522660991564,27.29565697170332,0,0,0.0
48009,Archer County,TX,9.7,71672.0,9029,14.542031232694653,1.5616347325285191,9.60239229150515,0,0,0.0
48011,Armstrong County,TX,10.5,68555.0,1832,15.338427947598255,2.019650655021834,10.971615720524017,0,0,0.0
48013,Atascosa County,TX,18.4,58330.0,51784,68.98076625984861,1.846130078788815,66.01073690715279,1,1,1.9310984087749112
48015,Austin County,TX,11.6,73248.0,31677,39.33137607728005,9.410613378792183,28.244467594784858,0,0,0.0
48017,Bailey County,TX,16.4,51193.0,6672,70.15887290167866,4.016786570743405,66.29196642685851,0,0,0.0
48019,Bandera County,TX,12.9,66649.0,22637,25.798471528912835,1.6875027609665592,21.597384812475152,0,0,0.0
48021,Bastrop County,TX,11.3,77345.0,110778,54.81413277004459,6.9454223762841,45.90442145552366,0,0,0.0
48023,Baylor County,TX,17.4,49566.0,3463,21.022235056309558,3.8117239387814035,14.120704591394745,0,0,0.0
48025,Bee County,TX,24.9,54072.0,30850,71.82820097244733,9.011345218800649,61.66936790923825,0,0,0.0
48027,Bell County,TX,11.5,69562.0,393193,57.13275668691966,24.885997461806287,26.642386817669696,2,1,0.5086560544058516
48029,Bexar County,TX,14.7,69755.0,2087679,73.36611615099831,9.432101391066347,59.80972170530048,9,1,0.43110075830623384
48031,Blanco County,TX,8.5,91031.0,13048,22.900061312078478,1.6324340895156346,18.508583690987123,0,0,0.0
48033,Borden County,TX,11.9,80738.0,572,19.055944055944053,1.7482517482517483,14.86013986013986,0,0,0.0
48035,Bosque County,TX,11.7,66325.0,18996,24.17877447883765,2.4531480311644556,19.57780585386397,0,0,0.0
48037,Bowie County,TX,14.8,55343.0,91687,38.609617503026605,26.003686455004527,8.724246621658468,1,1,1.0906671611024463
48039,Brazoria County,TX,9.4,93071.0,398938,58.524883565867384,17.766921175721542,31.838029969569206,3,1,0.7519965508424867
48041,Brazos County,TX,23.7,55724.0,244703,45.80654916368005,11.41056709562204,27.456549368009384,1,1,0.40865865968132803
48043,Brewster County,TX,13.7,57871.0,9513,49.395563965100386,3.0274361400189216,42.04772416692946,1,1,10.511931041732366
48045,Briscoe County,TX,13.9,57983.0,1445,36.055363321799305,4.359861591695502,28.5121107266436,0,0,0.0
48047,Brooks County,TX,29.7,36695.0,6848,91.70560747663552,3.3440420560747666,86.91588785046729,0,0,0.0
48049,Brown County,TX,14.8,57744.0,38709,29.287762535844376,4.161822831899558,22.899067400346173,0,0,0.0
48051,Burleson County,TX,13.9,63764.0,19475,36.43645699614891,11.07573812580231,23.173299101412066,0,0,0.0
48053,Burnet County,TX,9.9,77824.0,53991,28.193587820192256,2.0558982052564314,23.50391731955326,0,0,0.0
48055,Caldwell County,TX,13.7,63395.0,49859,64.86090775988286,6.127278926572935,57.59241059788604,0,0,0.0
48057,Calhoun County,TX,14.6,68885.0,19696,58.25548334687246,3.1326157595450854,49.66490658001625,0,0,0.0
48059,Callahan County,TX,12.7,63378.0,14374,16.933351885348547,2.247112842632531,11.785167663837484,0,0,0.0
48061,Cameron County,TX,23.5,51716.0,426710,90.99153992172671,1.0848116988118395,89.15797614304797,4,1,0.9374047948255255
48063,Camp County,TX,17.6,53775.0,13000,46.715384615384615,15.907692307692308,27.884615384615383,0,0,0.0
48065,Carson County,TX,9.1,73716.0,5878,16.927526369513433,1.684246342293297,11.262334127254167,0,0,0.0
48067,Cass County,TX,16.5,52092.0,28659,24.99738302104051,16.30203426497784,5.77131093199344,0,0,0.0
48069,Castro County,TX,17.7,55135.0,7227,69.51708869517088,2.9196070291960705,65.61505465615055,0,0,0.0
48071,Chambers County,TX,8.6,103034.0,53876,39.15472566634494,9.436483777563293,27.33499146187542,1,1,1.8561140396465958
48073,Cherokee County,TX,18.9,57691.0,52217,40.17274067832315,13.909263266752207,24.187525135492272,0,0,0.0
48075,Childress County,TX,19.9,53921.0,6788,44.460813199764296,10.209192692987624,31.261048909840895,0,0,0.0
48077,Clay County,TX,11.7,73557.0,10738,13.279940398584467,1.5552244365803687,7.347737008753958,0,0,0.0
48079,Cochran County,TX,22.0,46409.0,2509,66.52052610601832,5.02192108409725,60.22319649262654,0,0,0.0
48081,Coke County,TX,13.0,56786.0,3352,25.74582338902148,1.0441527446300716,21.807875894988065,0,0,0.0
48083,Coleman County,TX,17.7,48955.0,7842,23.36138740117317,3.7745473093598574,16.947207345065035,0,0,0.0
48085,Collin County,TX,6.4,120149.0,1195359,50.08997297046327,11.98192342216857,16.09466277494878,3,1,0.250970628907299
48087,Collingsworth County,TX,18.9,48858.0,2563,41.16269996098322,6.8279360124853685,31.330472103004293,0,0,0.0
48089,Colorado County,TX,14.5,61410.0,21117,44.764881375195344,12.426007482123408,31.0129279727234,0,0,0.0
48091,Comal County,TX,7.1,99871.0,193928,35.57866837176684,3.532754424322429,28.817396147023636,0,0,0.0
48093,Comanche County,TX,17.6,54726.0,14050,33.2170818505338,1.5800711743772242,29.800711743772244,0,0,0.0
48095,Concho County,TX,22.2,54909.0,3297,46.07218683651805,12.556869881710647,31.48316651501365,0,0,0.0
48097,Cooke County,TX,12.5,75003.0,43782,27.91329770225207,3.6476177424512355,21.141108217989128,0,0,0.0
48099,Coryell County,TX,12.2,72724.0,84878,44.6817785527463,17.784349301350172,21.111477650274512,0,0,0.0
48101,Cottle County,TX,20.1,52342.0,1294,39.567233384853175,10.510046367851622,27.202472952086552,0,0,0.0
48103,Crane County,TX,11.7,58133.0,4574,75.71053782247486,4.110188019239178,70.17927415828596,0,0,0.0
48105,Crockett County,TX,15.3,58833.0,2858,67.10986703988804,3.0440867739678095,63.05108467459762,0,0,0.0
48107,Crosby County,TX,21.7,46106.0,4917,62.070368110636565,4.575960951799878,56.640227781167376,0,0,0.0
48109,Culberson County,TX,20.5,54183.0,2196,75.68306010928963,3.1420765027322406,68.30601092896175,1,1,45.537340619307834
48111,Dallam County,TX,12.2,61424.0,7237,59.58270001381788,2.818847588779881,54.8984385795219,0,0,0.0
48113,Dallas County,TX,13.8,74352.0,2606358,73.43419438158534,24.060048542832565,41.35475633048108,7,1,0.26857400249697083
48115,Dawson County,TX,19.7,55057.0,12004,65.09496834388537,7.555814728423859,56.38120626457847,0,0,0.0
48117,Deaf Smith County,TX,16.5,60118.0,18347,79.69150269798877,2.25104921785578,77.12977598517469,0,0,0.0
48119,Delta County,TX,15.1,56945.0,5520,21.449275362318843,6.286231884057971,9.981884057971014,0,0,0.0
48121,Denton County,TX,6.1,107401.0,1007703,47.09383617990618,12.458333457377819,20.49949240996603,2,1,0.19847117652721089
48123,DeWitt County,TX,18.3,61067.0,19929,45.51658387274825,8.991921320688444,36.073059360730596,0,0,0.0
48125,Dickens County,TX,18.4,47356.0,1711,34.19053185271771,3.798947983635301,27.644652250146112,0,0,0.0
48127,Dimmit County,TX,27.3,45002.0,8257,90.27491825118081,2.288966937144241,87.4409591861451,0,0,0.0
48129,Donley County,TX,16.9,48934.0,3214,22.4019912881145,5.6627255756067205,13.347853142501556,0,0,0.0
48131,Duval County,TX,29.1,40415.0,9604,85.50603915035401,2.696793002915452,81.95543523531862,0,0,0.0
48133,Eastland County,TX,16.3,52188.0,18037,22.47047735210955,2.4505183788878417,17.24233519986694,0,0,0.0
48135,Ector County,TX,11.7,66813.0,164494,71.9278514717862,5.540019696767056,64.53974005130887,2,1,1.215849818230452
48137,Edwards County,TX,19.7,51691.0,1393,54.19956927494616,2.799712849964106,49.676956209619526,0,0,0.0
48139,Ellis County,TX,7.4,90077.0,222829,48.12120504961204,17.28904227008154,28.41281879827132,1,1,0.44877462089763903
48141,El Paso County,TX,18.5,58656.0,869880,88.88892720835058,4.477514139881363,82.83464385892307,8,1,0.9196670805168529
48143,Erath County,TX,15.8,63564.0,44195,27.38318814345514,2.221970811177735,22.402986763208506,0,0,0.0
48145,Falls County,TX,20.1,49940.0,17286,49.73967372440124,22.920282309383317,25.85329168112924,0,0,0.0
48147,Fannin County,TX,14.2,66381.0,37571,24.09571211838918,6.811104309174629,13.744643475020627,0,0,0.0
48149,Fayette County,TX,9.3,71442.0,25474,30.113056449713437,6.343723011698202,22.17555154274947,0,0,0.0
48151,Fisher County,TX,14.3,61808.0,3612,34.21926910299003,4.651162790697675,27.297895902547065,0,0,0.0
48153,Floyd County,TX,20.3,46817.0,5090,64.10609037328095,4.793713163064833,58.683693516699414,0,0,0.0
48155,Foard County,TX,16.8,50030.0,1079,28.45227062094532,5.9314179796107505,19.27710843373494,0,0,0.0
48157,Fort Bend County,TX,8.5,106213.0,916778,71.12987004487454,22.705060549009684,24.74884868528695,0,0,0.0
48159,Franklin County,TX,14.1,59972.0,10735,22.598975314392177,4.965067536096879,14.420121099208197,0,0,0.0
48161,Freestone County,TX,15.4,58850.0,20441,34.391663812925,14.857394452326208,17.420869820458883,1,1,4.892128565138692
48163,Frio County,TX,25.6,50112.0,17987,84.64446544726746,5.137043420247957,77.65608495024185,0,0,0.0
48165,Gaines County,TX,13.4,66019.0,22523,43.99502730542113,2.2110731252497446,40.67841761754651,0,0,0.0
48167,Galveston County,TX,11.5,83080.0,361744,45.20213189437835,13.495731788225928,26.733546375337255,3,1,0.8293157592109337
48169,Garza County,TX,18.5,53190.0,4517,62.23156962585787,7.549258357316803,53.44255036528669,0,0,0.0
48171,Gillespie County,TX,10.0,76238.0,27733,25.933004002451952,0.944722893304006,23.31518407673169,0,0,0.0
48173,Glasscock County,TX,8.1,99602.0,1141,38.38737949167397,2.8045574057844,34.355828220858896,0,0,0.0
48175,Goliad County,TX,13.8,64024.0,7144,38.129899216125416,5.193169092945129,31.494960806270996,0,0,0.0
48177,Gonzales County,TX,17.6,56350.0,19930,58.921224284997486,7.240341194179629,51.16407425990968,0,0,0.0
48179,Gray County,TX,17.3,56726.0,20916,40.404475043029265,5.297379996175177,32.25760183591509,0,0,0.0
48181,Grayson County,TX,10.9,69442.0,146907,28.129360752040412,6.287651371275705,16.72350534692016,0,0,0.0
48183,Gregg County,TX,16.0,61254.0,126243,44.68128925960251,21.058593347749973,20.468461617673853,1,1,0.7921231276189571
48185,Grimes County,TX,14.9,64708.0,32384,41.359930830039524,13.824728260869565,25.719491106719367,0,0,0.0
48187,Guadalupe County,TX,8.1,94952.0,188454,52.301357360416866,9.15820306281639,39.46586434885967,0,0,0.0
48189,Hale County,TX,19.3,52487.0,31761,68.53688485878908,5.698813009665942,61.95019048518623,0,0,0.0
48191,Hall County,TX,22.1,40725.0,2818,47.303051809794184,9.545777146912704,35.87650816181689,0,0,0.0
48193,Hamilton County,TX,13.7,59403.0,8619,18.15755888154078,1.3690683373941293,14.537649379278339,0,0,0.0
48195,Hansford County,TX,11.6,68171.0,5071,52.96785643857227,1.5973180832183,50.029579964504045,0,0,0.0
48197,Hardeman County,TX,16.4,50431.0,3490,34.269340974212035,6.991404011461318,24.326647564469916,0,0,0.0
48199,Hardin County,TX,11.5,73943.0,58261,15.943770275141178,6.072672971627675,7.176327217177872,0,0,0.0
48201,Harris County,TX,16.0,72348.0,4835125,73.00619942607483,21.075877045577933,44.063286885033996,24,1,0.4963677257568315
48203,Harrison County,TX,17.2,62710.0,70895,38.60921080471119,21.17779815219691,15.074405811411243,2,1,2.821073418435715
48205,Hartley County,TX,8.5,88312.0,5145,39.31972789115646,6.141885325558795,31.545189504373177,0,0,0.0
48207,Haskell County,TX,19.3,49755.0,5385,34.55896007428041,5.478180129990715,26.815227483751162,0,0,0.0
48209,Hays County,TX,9.8,88491.0,280486,48.2958151208973,4.986345129525182,39.586646035809274,0,0,0.0
48211,Hemphill County,TX,10.1,72565.0,3189,37.37848855440576,1.4738162433364692,32.92568203198495,0,0,0.0
48213,Henderson County,TX,16.9,58965.0,86158,24.76032405580445,6.410315931196174,15.371758861626315,0,0,0.0
48215,Hidalgo County,TX,26.9,53160.0,898471,93.88550103453534,1.115561882353465,91.93841537456412,2,1,0.22260039556090291
48217,Hill County,TX,14.2,61840.0,38101,32.00440933308837,6.278050444870213,23.47444948951471,0,0,0.0
48219,Hockley County,TX,15.1,60851.0,21460,55.32618825722274,4.198508853681267,49.8928238583411,0,0,0.0
48221,Hood County,TX,8.1,82428.0,67774,18.476111783279727,1.51680585475256,14.180954348275149,1,1,1.4754920766075486
48223,Hopkins County,TX,13.0,61112.0,38172,29.09724405323274,7.10992350413916,19.24709210939956,0,0,0.0
48225,Houston County,TX,21.8,52649.0,22066,40.3335448200852,23.941810930843832,14.683223058098433,0,0,0.0
48227,Howard County,TX,18.0,63398.0,30554,55.85520717418342,6.002487399358513,47.915166590299144,1,1,3.2728938927799964
48229,Hudspeth County,TX,32.0,47693.0,3451,80.44045204288612,7.505070993914807,68.15415821501014,0,0,0.0
48231,Hunt County,TX,12.7,70427.0,113347,34.80286200781671,8.884222784899467,22.162915648407104,1,1,0.8822465526215957
48233,Hutchinson County,TX,14.3,64752.0,20033,31.602855288773522,2.9700993360954424,25.27329905655668,1,1,4.991763590076374
48235,Irion County,TX,8.9,75689.0,1549,30.34215622982569,1.7430600387346675,25.564880568108457,0,0,0.0
48237,Jack County,TX,13.2,62721.0,8875,24.74366197183099,3.7859154929577463,18.783098591549297,0,0,0.0
48239,Jackson County,TX,14.0,62026.0,15221,42.34281584652783,6.793246173050391,33.42093160764733,0,0,0.0
48241,Jasper County,TX,16.6,58113.0,32694,25.809016945005204,15.886707041047288,7.2643298464550075,0,0,0.0
48243,Jeff Davis County,TX,12.8,63614.0,1856,35.883620689655174,1.6163793103448276,29.579741379310345,0,0,0.0
48245,Jefferson County,TX,20.1,59298.0,251496,63.45110856633902,34.449454464484525,24.566195883831153,9,1,3.5785857429144006
48247,Jim Hogg County,TX,24.6,44736.0,4720,91.35593220338983,1.5254237288135593,88.64406779661017,0,0,0.0
48249,Jim Wells County,TX,21.2,50814.0,38662,81.78055972272516,1.3346438363250737,79.62857586260411,0,0,0.0
48251,Johnson County,TX,9.9,83229.0,202906,35.64852690408367,6.303904270943195,25.891792258484223,2,1,0.9856780972470012
48253,Jones County,TX,20.5,51671.0,20381,43.1136843138217,13.591089740444533,28.766988862175555,0,0,0.0
48255,Karnes County,TX,23.6,62059.0,15018,65.09521907044879,11.179917432414436,53.555733120255695,1,1,6.658676255160474
48257,Kaufman County,TX,9.6,90064.0,185690,53.357208250309654,21.610749097958966,28.050514298023586,2,1,1.0770639237438742
48259,Kendall County,TX,6.9,112618.0,50537,30.17195322239151,1.8026396501573105,24.829332963966994,0,0,0.0
48261,Kenedy County,TX,14.9,43037.0,343,79.59183673469387,5.247813411078718,73.17784256559767,0,0,0.0
48263,Kent County,TX,11.6,62437.0,734,21.117166212534055,1.2261580381471389,17.166212534059945,0,0,0.0
48265,Kerr County,TX,12.0,64662.0,53915,31.790781786144862,2.0791987387554483,27.142724659185756,0,0,0.0
48267,Kimble County,TX,17.4,54562.0,4442,26.587122917604677,1.3507429085997298,22.962629446195407,0,0,0.0
48269,King County,TX,9.7,85720.0,217,20.737327188940093,2.304147465437788,14.285714285714286,0,0,0.0
48271,Kinney County,TX,21.0,53572.0,3148,59.02160101651843,3.5578144853875475,53.1130876747141,0,0,0.0
48273,Kleberg County,TX,22.1,52903.0,30069,79.0215836908444,4.379926169809439,71.87136253284113,1,1,3.3256842595363993
48275,Knox County,TX,20.5,55414.0,3302,42.88310115081768,5.905511811023622,33.55542095699576,0,0,0.0
48277,Lamar County,TX,19.2,56275.0,51127,28.376396033407005,13.566217458485731,9.95364484518943,0,0,0.0
48279,Lamb County,TX,18.3,57113.0,12711,63.97608370702541,4.893399417827079,58.39823774683345,0,0,0.0
48281,Lampasas County,TX,11.5,71484.0,23262,30.100593242197572,5.0210643968704325,21.004212879374087,0,0,0.0
48283,La Salle County,TX,27.1,48675.0,6537,81.5052776502983,2.7382591402784153,77.49732293100811,0,0,0.0
48285,Lavaca County,TX,12.5,64145.0,20571,27.631131204122305,6.407077925234553,20.110835642409217,0,0,0.0
48287,Lee County,TX,11.2,71112.0,18240,38.28399122807018,9.572368421052632,26.95175438596491,0,0,0.0
48289,Leon County,TX,13.7,59488.0,16538,25.9765388801548,6.609021647115734,16.966985125166282,0,0,0.0
48291,Liberty County,TX,14.5,72329.0,108272,51.981121619624645,8.933981084675631,41.79381557558741,0,0,0.0
48293,Limestone County,TX,18.0,53482.0,22250,43.24943820224719,17.119101123595506,23.901123595505616,0,0,0.0
48295,Lipscomb County,TX,12.6,67386.0,2906,44.32209222298692,2.684101858224363,38.30006882312457,0,0,0.0
48297,Live Oak County,TX,17.0,59202.0,11584,51.59703038674033,7.311809392265193,42.1875,0,0,0.0
48299,Llano County,TX,11.7,71475.0,22875,17.85355191256831,1.46448087431694,14.05464480874317,0,0,0.0
48301,Loving County,TX,4.7,86760.0,43,18.6046511627907,6.976744186046512,11.627906976744185,0,0,0.0
48303,Lubbock County,TX,17.1,57883.0,320940,48.03732784944227,8.135477036206144,36.607465569888454,1,1,0.3115847198853368
48305,Lynn County,TX,16.7,57338.0,5761,44.6276688074987,3.193889949661517,40.28814441937163,0,0,0.0
48307,McCulloch County,TX,18.5,47814.0,7452,35.18518518518518,3.3145464304884595,30.246913580246915,0,0,0.0
48309,McLennan County,TX,16.7,63377.0,268583,45.22400896557116,14.963716988789313,27.163297751533047,1,1,0.37232438389622574
48311,McMullen County,TX,12.4,71112.0,568,45.24647887323944,2.816901408450704,39.436619718309856,0,0,0.0
48313,Madison County,TX,18.3,53301.0,13742,47.26386261097366,18.607189637607334,26.56818512589143,0,0,0.0
48315,Marion County,TX,21.7,47660.0,9571,29.369971789781633,19.74715285759064,5.443527322118901,0,0,0.0
48317,Martin County,TX,11.9,81637.0,5216,50.536809815950924,3.7193251533742333,45.64800613496933,0,0,0.0
48319,Mason County,TX,12.4,62435.0,3931,25.642330195878916,1.1447468837445942,23.480030526583565,0,0,0.0
48321,Matagorda County,TX,17.9,58996.0,36359,57.55383811435958,11.006903380180972,44.071619131439256,0,0,0.0
48323,Maverick County,TX,22.8,46052.0,57762,97.10709462968734,1.0283577438454348,94.69374329143727,1,1,1.7312419930057823
48325,Medina County,TX,13.1,70707.0,54797,57.84623245798129,4.168111392959468,52.09956749457087,0,0,0.0
48327,Menard County,TX,20.0,45438.0,1958,37.946884576098064,2.6557711950970377,33.70786516853933,0,0,0.0
48329,Midland County,TX,10.9,94375.0,177108,57.80597149761728,7.543419834225444,47.05772748831222,0,0,0.0
48331,Milam County,TX,15.9,63456.0,25951,37.20473199491349,9.302146352741705,25.95275711918616,0,0,0.0
48333,Mills County,TX,14.7,56328.0,4548,21.37203166226913,1.7590149516270888,17.370272647317503,0,0,0.0
48335,Mitchell County,TX,21.1,53255.0,9075,52.650137741046834,12.617079889807162,38.853994490358126,0,0,0.0
48337,Montague County,TX,13.4,60336.0,21598,16.529308269284193,1.148254468006297,12.445596814519863,0,0,0.0
48339,Montgomery County,TX,10.1,92578.0,711354,41.1844173224583,7.765050874810573,28.2579418967209,1,1,0.14057698417384312
48341,Moore County,TX,13.5,64003.0,21190,72.01982067012742,5.512033978291647,61.49126946672959,0,0,0.0
48343,Morris County,TX,19.3,51598.0,12066,37.40261892922261,22.053704624564894,11.619426487651252,0,0,0.0
48345,Motley County,TX,16.8,48952.0,1020,22.45098039215686,3.0392156862745097,16.07843137254902,0,0,0.0
48347,Nacogdoches County,TX,19.6,52516.0,65375,41.86768642447418,17.277246653919693,21.837093690248565,0,0,0.0
48349,Navarro County,TX,15.7,59659.0,55635,48.85593601150355,12.601779455378809,32.76714298553069,2,1,3.5948593511278872
48351,Newton County,TX,18.5,51302.0,12039,24.179749148600383,16.778802226098513,3.9039787357753966,0,0,0.0
48353,Nolan County,TX,20.4,53370.0,14306,45.14189850412414,5.452257793932616,37.879211519642105,0,0,0.0
48355,Nueces County,TX,17.3,63669.0,352289,70.36126589249167,4.555634720357434,62.91709363619074,4,1,1.1354314213614392
48357,Ochiltree County,TX,11.1,71770.0,9704,60.55234954657873,1.4633140972794725,57.82151690024732,0,0,0.0
48359,Oldham County,TX,12.3,68640.0,1783,28.827818283791363,3.8137969713965227,20.63937184520471,0,0,0.0
48361,Orange County,TX,14.5,66029.0,85722,22.28832738386879,9.41065304122629,10.025431044539324,3,1,3.4996850283474488
48363,Palo Pinto County,TX,16.9,55417.0,29747,25.962281910780916,2.6590916731098933,20.755034121087842,0,0,0.0
48365,Panola County,TX,13.6,63482.0,22838,28.509501707680187,15.391014975041598,10.596374463613277,0,0,0.0
48367,Parker County,TX,8.2,98121.0,173494,20.37649716993095,2.079610822276275,15.138852064048324,1,1,0.5763888088348876
48369,Parmer County,TX,13.4,62913.0,9617,69.6059062077571,1.9444733284808153,66.76718311323698,0,0,0.0
48371,Pecos County,TX,21.2,58265.0,14623,77.87731655611023,4.718593995760104,71.3738630923887,0,0,0.0
48373,Polk County,TX,18.1,57009.0,54186,28.63839368102462,9.304986527885431,15.577824530321486,1,1,1.8454951463477651
48375,Potter County,TX,17.8,51177.0,114647,57.174631695552435,11.430739574520048,39.85102095999023,3,1,2.6167278690240474
48377,Presidio County,TX,22.9,42699.0,5795,86.72993960310613,2.6574633304572908,82.41587575496118,0,0,0.0
48379,Rains County,TX,13.8,63796.0,12986,17.8884953026336,3.0956414600338826,10.69613429847528,0,0,0.0
48381,Randall County,TX,8.7,81705.0,148255,33.27037873933425,4.36342787764325,25.312468382179354,1,1,0.6745135071329803
48383,Reagan County,TX,10.7,72585.0,3141,74.339382362305,4.329831263928686,68.5132123527539,0,0,0.0
48385,Real County,TX,15.7,49014.0,2854,33.18149964961458,2.067274001401542,27.71548703573931,0,0,0.0
48387,Red River County,TX,18.4,49265.0,11678,26.862476451447172,15.704743963007365,7.972255523206028,0,0,0.0
48389,Reeves County,TX,17.6,57179.0,11770,89.76210705182667,3.288020390824129,85.69243840271878,0,0,0.0
48391,Refugio County,TX,16.8,52641.0,6666,59.34593459345935,7.125712571257126,51.035103510351036,0,0,0.0
48393,Roberts County,TX,9.0,76634.0,840,17.261904761904766,0.9523809523809523,12.738095238095237,0,0,0.0
48395,Robertson County,TX,17.0,60078.0,17267,43.61498812764233,19.24480222389529,22.69068164707245,1,1,5.7913939885330405
48397,Rockwall County,TX,5.1,118175.0,131307,37.88145338786203,10.458696032960924,21.48628785974853,1,1,0.7615740211869892
48399,Runnels County,TX,15.3,61643.0,9868,40.22091609241995,2.948925820835022,35.41751114714228,0,0,0.0
48401,Rusk County,TX,14.2,65812.0,53079,38.28632792629853,16.48486218655212,19.510540891878144,1,1,1.883984249891671
48403,Sabine County,TX,14.5,58723.0,10106,15.258262418365332,6.966158717593509,4.660597664753611,0,0,0.0
48405,San Augustine County,TX,20.3,50908.0,7833,31.916251755393844,21.37112217541172,8.374824460615345,0,0,0.0
48407,San Jacinto County,TX,16.7,66009.0,28936,31.37268454520321,8.97843516726569,19.91636715510091,0,0,0.0
48409,San Patricio County,TX,17.2,61411.0,70660,60.909991508632885,2.3082366260968015,56.56948768751769,0,0,0.0
48411,San Saba County,TX,18.4,52325.0,5845,37.91274593669803,4.636441402908469,30.67579127459367,0,0,0.0
48413,Schleicher County,TX,16.0,60063.0,2391,57.42367210372229,2.425763278962777,53.70138017565872,0,0,0.0
48415,Scurry County,TX,15.7,69881.0,16212,50.246730816679005,4.404145077720207,43.91808536886257,0,0,0.0
48417,Shackelford County,TX,12.8,68681.0,3229,17.435738618767417,2.2917311861257357,13.100030969340352,0,0,0.0
48419,Shelby County,TX,18.0,54359.0,24179,40.129864758674884,17.12229620745275,20.141445055626782,0,0,0.0
48421,Sherman County,TX,12.8,66202.0,2678,51.493651979088874,2.0537714712471993,48.020911127707244,0,0,0.0
48423,Smith County,TX,13.2,71348.0,245209,41.98133021218634,17.695516885595552,21.13380830230538,1,1,0.4078153738239624
48425,Somervell County,TX,8.8,78913.0,9888,22.552588996763756,1.314724919093851,18.042071197411005,0,0,0.0
48427,Starr County,TX,28.8,38824.0,65934,97.51721418388085,0.5793672460339127,96.98183031516365,0,0,0.0
48429,Stephens County,TX,18.4,59099.0,9343,32.07749116985978,3.7354168896500055,25.730493417531843,0,0,0.0
48431,Sterling County,TX,11.5,80859.0,1397,40.15748031496062,1.64638511095204,35.21832498210451,0,0,0.0
48433,Stonewall County,TX,15.9,56413.0,1218,27.011494252873558,3.6945812807881775,20.279146141215108,0,0,0.0
48435,Sutton County,TX,13.4,63893.0,3221,65.25923626203043,1.614405464141571,63.64483079788886,0,0,0.0
48437,Swisher County,TX,19.4,52350.0,6955,57.742631200575126,9.273903666427032,46.71459381739756,0,0,0.0
48439,Tarrant County,TX,11.0,80083.0,2182947,57.84189904748032,19.33830734323829,30.506283478252104,7,1,0.32066742802276005
48441,Taylor County,TX,13.3,62128.0,146836,38.37682857065025,9.028439892124547,25.442670734697213,0,0,0.0
48443,Terrell County,TX,18.6,47947.0,687,56.04075691411936,2.911208151382824,49.92721979621543,0,0,0.0
48445,Terry County,TX,19.3,44361.0,11547,62.656967177621894,4.780462457781242,57.19234433186109,0,0,0.0
48447,Throckmorton County,TX,13.1,51546.0,1526,15.858453473132371,1.2450851900393185,12.057667103538662,0,0,0.0
48449,Titus County,TX,15.7,57559.0,31357,57.45766495519342,10.221003284753007,45.43802021877093,1,1,3.18908058806646
48451,Tom Green County,TX,14.6,60379.0,119057,48.141646438260665,4.415532056073982,41.22731128787051,0,0,0.0
48453,Travis County,TX,10.2,97544.0,1334961,52.09800136483388,9.53361184334224,32.37263111057177,4,1,0.2996342215240745
48455,Trinity County,TX,18.9,49277.0,14228,23.46780995220692,8.75737981445038,11.96232780432949,0,0,0.0
48457,Tyler County,TX,18.5,54438.0,20382,23.12334412717103,11.863408890197233,8.850946913943675,0,0,0.0
48459,Upshur County,TX,13.9,61533.0,43281,22.088214227952218,7.9573022804463855,10.709087128301102,0,0,0.0
48461,Upton County,TX,15.3,59047.0,3109,61.498874236088774,4.889031843036346,55.484078481826955,0,0,0.0
48463,Uvalde County,TX,21.0,49006.0,24960,74.17067307692308,1.5104166666666667,71.14583333333333,0,0,0.0
48465,Val Verde County,TX,20.2,56619.0,47720,84.44677284157585,2.5440067057837386,81.24895222129086,0,0,0.0
48467,Van Zandt County,TX,12.0,66356.0,64000,19.784374999999997,3.221875,14.01875,0,0,0.0
48469,Victoria County,TX,14.1,69442.0,91664,56.896927910630126,6.54782684587188,48.39849886542154,1,1,1.0909408273695234
48471,Walker County,TX,22.4,56863.0,81268,46.19653492149431,22.326130826401535,21.730570458236944,0,0,0.0
48473,Waller County,TX,13.9,77209.0,63553,61.797240098815166,24.7730240901295,33.966925243497556,0,0,0.0
48475,Ward County,TX,14.1,65610.0,10966,63.90662046325004,5.398504468356739,57.08553711471822,0,0,0.0
48477,Washington County,TX,14.5,67927.0,37007,37.438862917826356,16.41581322452509,18.707271597265382,0,0,0.0
48479,Webb County,TX,22.5,57899.0,269148,96.09657140309422,0.9180822447129461,94.90874908972016,3,1,1.1146283828971422
48481,Wharton County,TX,15.3,60496.0,41739,56.378926184144326,13.778480557751744,42.34409065861664,0,0,0.0
48483,Wheeler County,TX,14.3,54682.0,4804,31.390507910074938,3.205661948376353,25.041631973355535,0,0,0.0
48485,Wichita County,TX,17.6,61622.0,130180,37.05023813181748,11.333538177907514,20.911814410815794,0,0,0.0
48487,Wilbarger County,TX,16.9,53416.0,12522,44.80913592077943,8.728637597827824,30.809774796358408,0,0,0.0
48489,Willacy County,TX,27.8,42279.0,20037,90.51255177920847,3.0643309876728053,87.17372860208614,0,0,0.0
48491,Williamson County,TX,6.4,111183.0,697191,46.593114368946246,8.11958272553719,24.885863414760088,0,0,0.0
48493,Wilson County,TX,9.9,85288.0,54183,44.98274366498717,2.434342875071517,40.69357547570271,1,1,1.8455973275750694
48495,Winkler County,TX,13.5,67901.0,7414,68.72133800917184,3.830590774210952,63.825195575937414,0,0,0.0
48497,Wise County,TX,9.4,89873.0,78097,26.490134064048554,2.1486100618461657,21.49762474870994,0,0,0.0
48499,Wood County,TX,15.2,58813.0,47921,18.503370130005635,4.407253604891384,11.679639406523236,0,0,0.0
48501,Yoakum County,TX,13.0,64634.0,7468,69.13497589716123,1.8077129084092127,65.81414033208355,0,0,0.0
48503,Young County,TX,14.5,64187.0,18124,25.01655263738689,1.8483778415360848,21.005296843963805,0,0,0.0
48505,Zapata County,TX,30.4,41688.0,13736,95.2460687245195,0.8954571927781013,94.24868957483984,0,0,0.0
48507,Zavala County,TX,28.9,36878.0,9312,94.30841924398625,1.879295532646048,92.65463917525773,0,0,0.0
49001,Beaver County,UT,9.9,67100.0,7233,18.73358219272777,1.0369141435089175,14.48914696529794,0,0,0.0
49003,Box Elder County,UT,8.5,83493.0,62684,13.941356646034075,0.7003382043264629,10.35670984621275,2,1,3.1906068534235215
49005,Cache County,UT,10.7,83027.0,142393,17.765620501007774,1.1721081794751147,11.909995575625206,1,1,0.7022817132864678
49007,Carbon County,UT,14.0,59838.0,20609,17.46809646271047,0.7084283565432578,13.508661264496094,1,1,4.852249017419574
49009,Daggett County,UT,7.6,65231.0,992,9.072580645161288,0.10080645161290322,5.241935483870968,0,0,0.0
49011,Davis County,UT,6.0,111081.0,373207,19.338329666914067,1.5530255327472422,11.982894211523364,2,1,0.5358956289673023
49013,Duchesne County,UT,12.4,75705.0,20477,14.748254138789862,0.5567221761000146,7.730624603213362,2,1,9.767055721052888
49015,Emery County,UT,10.8,68823.0,10144,10.597397476340698,0.5126182965299685,7.3245268138801265,0,0,0.0
49017,Garfield County,UT,10.0,64844.0,5314,13.229205871283401,0.7903650733910426,7.433195333082423,1,1,18.81821603312006
49019,Grand County,UT,10.6,67360.0,9706,22.151246651555734,1.2569544611580465,13.115598598804864,1,1,10.302905419328251
49021,Iron County,UT,11.6,68170.0,64211,16.36168257775148,0.8581084237903163,10.708445593434147,1,1,1.557365560417997
49023,Juab County,UT,8.2,85382.0,13023,9.275896490823932,0.691085003455425,5.62082469477079,0,0,0.0
49025,Kane County,UT,8.9,69247.0,8425,10.278931750741837,0.9258160237388724,5.222551928783383,0,0,0.0
49027,Millard County,UT,9.3,66467.0,13437,17.980203914564264,0.6549080896033341,13.351194463049788,0,0,0.0
49029,Morgan County,UT,4.3,122672.0,13000,5.446153846153845,0.4307692307692308,2.923076923076923,0,0,0.0
49031,Piute County,UT,14.1,58106.0,1550,11.354838709677416,0.3870967741935484,8.709677419354838,0,0,0.0
49033,Rich County,UT,7.6,78332.0,2670,7.303370786516849,0.7865168539325843,4.49438202247191,0,0,0.0
49035,Salt Lake County,UT,9.5,94013.0,1185813,32.287131276179295,2.4356285518880294,20.700312781188938,13,1,1.0962942723684088
49037,San Juan County,UT,18.8,57941.0,14358,53.64953336119236,0.5084273575706924,5.885220782838836,2,1,13.92951664577239
49039,Sanpete County,UT,12.9,67295.0,30277,15.18644515638934,1.2649866235095948,10.496416421706245,0,0,0.0
49041,Sevier County,UT,10.7,75024.0,22344,9.049409237379159,0.550483351235231,5.477980665950591,0,0,0.0
49043,Summit County,UT,5.1,139848.0,42759,16.23985593676185,1.0220070628405715,11.356673448864566,0,0,0.0
49045,Tooele County,UT,6.8,94200.0,82051,21.671886997111557,1.2004728766255135,15.855992004972517,2,1,2.437508378935053
49047,Uintah County,UT,11.1,70989.0,37747,18.404111585026627,0.6993933292712003,8.853683736455878,7,1,18.54452009431213
49049,Utah County,UT,9.0,100617.0,719174,21.452388434509594,1.0310439476399313,14.62747540928899,2,1,0.2780968166257401
49051,Wasatch County,UT,5.0,121397.0,37144,18.28289898772345,0.7861296575489984,14.57839758776653,1,1,2.692224854619858
49053,Washington County,UT,10.6,78094.0,202452,18.081322980261994,0.9923339853397348,12.366388082113291,2,1,0.9878884871475708
49055,Wayne County,UT,11.4,60858.0,2614,9.75516449885233,0.6503442999234889,4.858454475899006,1,1,38.255547054322875
49057,Weber County,UT,8.5,86678.0,271926,25.421622058942507,1.7854122077329861,19.38909850474026,1,1,0.3677471076689982
50001,Addison County,VT,8.7,82234.0,37720,8.560445387062565,1.4236479321314952,3.2794273594909864,0,0,0.0
50003,Bennington County,VT,11.9,67124.0,37183,7.592179221687334,1.5195116047656188,2.9448941720678805,1,1,2.689401070381626
50005,Caledonia County,VT,14.0,64229.0,30610,6.314929761515842,1.0323423717739302,2.195360993139497,0,0,0.0
50007,Chittenden County,VT,7.8,96142.0,169481,13.376130657713848,2.9141909712593153,2.897079908662328,3,1,1.7701099238262696
50009,Essex County,VT,14.4,58359.0,6010,5.840266222961732,0.7321131447587355,1.7803660565723793,0,0,0.0
50011,Franklin County,VT,9.9,85765.0,50994,7.010628701415856,0.9138329999607797,2.0492606973369414,0,0,0.0
50013,Grand Isle County,VT,8.7,82896.0,7467,8.704968528190705,0.9910271862863265,2.423998928619258,0,0,0.0
50015,Lamoille County,VT,9.6,72811.0,26060,6.561780506523407,1.308518802762855,2.536454336147352,0,0,0.0
50017,Orange County,VT,9.7,73771.0,29943,5.176502020505625,0.7280499615936947,1.9403533380088835,0,0,0.0
50019,Orleans County,VT,14.1,59906.0,27516,6.018316615787178,1.0139555167902312,1.9588602994621311,0,0,0.0
50021,Rutland County,VT,11.8,62634.0,60271,5.583116258233645,0.8777023775945314,2.2863400308606128,1,1,1.6591727364735944
50023,Washington County,VT,8.6,79916.0,60142,6.948555086295771,1.0940773502710253,2.785075321738552,0,0,0.0
50025,Windham County,VT,10.1,64436.0,45966,8.36487838837402,1.723012661532437,3.2088935300004353,1,1,2.1755210372884304
50027,Windsor County,VT,9.9,77932.0,58101,6.531729230133731,1.1824237104352766,2.4595101633362595,0,0,0.0
51001,Accomack County,VA,17.3,56039.0,33239,40.65405096422877,27.224044044646348,11.197689461175125,0,0,0.0
51003,Albemarle County,VA,8.0,102750.0,115676,25.435699712991454,9.628617863688232,7.401708219509665,1,1,0.8644835575227359
51005,Alleghany County,VA,13.9,58215.0,14595,9.133264816718057,4.72764645426516,1.6855087358684482,0,0,0.0
51007,Amelia County,VA,10.0,71112.0,13480,25.689910979228493,18.820474777448073,4.206231454005935,0,0,0.0
51009,Amherst County,VA,12.5,61499.0,31396,25.19747738565422,18.387692699706967,3.0322334055293667,0,0,0.0
51011,Appomattox County,VA,11.4,64701.0,16864,23.375237191650854,17.706356736242885,2.603178368121442,0,0,0.0
51013,Arlington County,VA,7.1,138416.0,234162,40.6351158599602,10.67337996771466,15.966723892006389,1,1,0.4270547740453191
51015,Augusta County,VA,8.2,72831.0,78247,11.406188096668245,5.054506882052986,4.195688013597965,0,0,0.0
51017,Bath County,VA,10.5,60234.0,4051,8.220192545050608,3.6781041718094296,2.369785238212787,0,0,0.0
51019,Bedford County,VA,9.9,72742.0,81525,13.467034651947252,7.167126648267403,2.953695185525912,0,0,0.0
51021,Bland County,VA,13.9,57748.0,6179,7.396018773264279,4.304903706101311,1.2947078815342288,0,0,0.0
51023,Botetourt County,VA,6.3,84395.0,34125,8.612454212454212,3.3201465201465203,2.6373626373626373,0,0,0.0
51025,Brunswick County,VA,20.8,51441.0,15749,58.56879801892183,53.38116705822592,3.0097149025334944,0,0,0.0
51027,Buchanan County,VA,22.8,43446.0,19087,6.962854298737364,4.474249489181118,1.1683344684864043,0,0,0.0
51029,Buckingham County,VA,18.1,57701.0,16978,37.53681234538815,32.37130404052303,2.67404876899517,0,0,0.0
51031,Campbell County,VA,12.4,69570.0,55270,22.104215668536277,15.241541523430433,3.5299439117061695,0,0,0.0
51033,Caroline County,VA,9.3,80562.0,32640,38.7530637254902,26.121323529411764,8.330269607843137,1,1,3.063725490196078
51035,Carroll County,VA,16.1,53694.0,29239,6.953042169704848,1.0944286740312597,4.353774068880605,1,1,3.4200896063476867
51036,Charles City County,VA,11.3,73068.0,6610,54.296520423600604,42.04236006051437,2.344931921331316,1,1,15.1285930408472
51037,Charlotte County,VA,20.8,50878.0,11336,31.042695836273815,26.1908962597036,2.86697247706422,0,0,0.0
51041,Chesterfield County,VA,6.9,99401.0,383876,43.32232283341496,25.688243078494096,12.155748210359596,1,1,0.26050078671237586
51043,Clarke County,VA,7.3,101205.0,15466,16.642958748221904,4.241562136298978,8.379671537566274,0,0,0.0
51045,Craig County,VA,12.3,61531.0,4843,4.047078257278547,0.5988023952095808,1.4866818087962006,0,0,0.0
51047,Culpeper County,VA,9.6,90465.0,54973,33.74201880923362,13.56302184708857,15.855056118458153,0,0,0.0
51049,Cumberland County,VA,14.2,55713.0,9878,35.482891273537156,29.267058108928932,3.067422555173112,0,0,0.0
51051,Dickenson County,VA,19.4,48157.0,13640,2.697947214076246,0.7258064516129032,0.7844574780058651,0,0,0.0
51053,Dinwiddie County,VA,11.8,83334.0,28343,38.14345693822108,30.94238436298204,4.544331933810818,0,0,0.0
51057,Essex County,VA,13.0,62679.0,10598,45.5368937535384,36.459709379128135,5.048122287224005,0,0,0.0
51059,Fairfax County,VA,6.1,141353.0,1141878,52.288510681526404,11.092253288004498,17.68560213963313,2,1,0.17515005981374543
51061,Fauquier County,VA,6.1,111254.0,75165,25.132708042306927,7.623228896427858,13.234883256834964,1,1,1.3304064391671655
51063,Floyd County,VA,11.1,61164.0,15679,7.6152815868358985,2.1685056444926336,3.010396071178009,0,0,0.0
51065,Fluvanna County,VA,7.6,86462.0,28462,23.712318178624127,14.977865223807182,4.989108284730518,0,0,0.0
51067,Franklin County,VA,11.4,63692.0,55549,14.268483681074361,7.991142954868675,3.85605501449171,0,0,0.0
51069,Frederick County,VA,7.4,92108.0,95994,22.487863824822384,5.237827364210263,13.109152655374293,1,1,1.041731774902598
51071,Giles County,VA,11.3,63384.0,16457,5.875919061797408,1.847238257276539,1.8350853740049826,2,1,12.152883271556178
51073,Gloucester County,VA,7.9,79016.0,40057,16.002196869461017,8.021069975285219,4.506078837656339,0,0,0.0
51075,Goochland County,VA,6.7,122002.0,27197,21.160422105379272,13.744162959149905,3.879104312975696,0,0,0.0
51077,Grayson County,VA,16.4,42665.0,15285,12.73143604841348,6.450768727510631,4.5011449133137065,0,0,0.0
51079,Greene County,VA,8.9,83927.0,21301,20.491995680953945,7.8634805877658325,7.717947514201211,0,0,0.0
51081,Greensville County,VA,27.3,53908.0,11133,64.99595796281325,60.477858618521516,3.000089823048594,0,0,0.0
51083,Halifax County,VA,19.7,50813.0,33432,39.994615936826996,35.071189279731996,2.814668581000239,0,0,0.0
51085,Hanover County,VA,5.3,111485.0,114148,18.402424922031045,9.516592493955216,4.127098153274696,1,1,0.8760556470547008
51087,Henrico County,VA,9.4,85877.0,334760,49.880511411160235,30.863902497311507,6.982614410323814,2,1,0.597442944198829
51089,Henry County,VA,16.9,51959.0,49702,32.17979155768379,22.70331173795823,7.198905476640779,0,0,0.0
51091,Highland County,VA,12.9,56021.0,2339,3.9760581445062004,0.8978195810175289,1.5818725951261223,0,0,0.0
51093,Isle of Wight County,VA,7.3,88536.0,40711,31.13900420033897,22.993785463388274,4.595809486379602,0,0,0.0
51095,James City County,VA,7.2,109735.0,82654,27.31023301957558,14.471168969438866,7.405570208338374,0,0,0.0
51097,King and Queen County,VA,12.7,66578.0,6720,32.75297619047619,23.928571428571427,3.6011904761904763,0,0,0.0
51099,King George County,VA,6.3,101323.0,28568,29.1094931391767,16.38896667600112,7.329879585550266,0,0,0.0
51101,King William County,VA,7.1,88124.0,19030,23.410404624277458,14.960588544403572,3.5733053074093535,0,0,0.0
51103,Lancaster County,VA,12.6,66220.0,10859,31.522239616907633,27.09273413758173,2.118058753108021,0,0,0.0
51105,Lee County,VA,25.0,44110.0,21745,8.401931478500801,4.433203035180501,2.48792825936997,0,0,0.0
51107,Loudoun County,VA,4.1,173655.0,436347,48.70664860764483,8.379111120278127,14.213916905582025,1,1,0.22917540397894334
51109,Louisa County,VA,9.4,79459.0,41037,22.55525501376806,14.667251504739625,4.3546068182372,0,0,0.0
51111,Lunenburg County,VA,19.1,51013.0,12038,41.78434955972753,32.588469845489286,6.537630835686991,0,0,0.0
51113,Madison County,VA,10.1,76864.0,14128,16.286806342015858,8.748584371460929,4.2539637599094,1,1,7.078142695356739
51115,Mathews County,VA,9.2,73034.0,8514,14.75217289170777,8.1512802443035,2.8071411792342027,0,0,0.0
51117,Mecklenburg County,VA,14.6,53288.0,30648,39.31088488645263,33.10819629339598,3.3640041764552335,0,0,0.0
51119,Middlesex County,VA,12.9,67586.0,10924,22.41852801171732,15.626144269498353,3.1948004393994873,0,0,0.0
51121,Montgomery County,VA,23.8,67620.0,98666,17.957553767255185,4.374353880769465,4.6348286137068495,1,1,1.0135203616240651
51125,Nelson County,VA,13.8,77049.0,14705,18.775926555593337,10.839850391023461,4.882692961577694,0,0,0.0
51127,New Kent County,VA,5.6,115854.0,26134,24.167750822683097,15.255988367643683,4.121068340093365,0,0,0.0
51131,Northampton County,VA,17.5,53822.0,12021,43.01638798768821,30.696281507362116,9.516679144829881,0,0,0.0
51133,Northumberland County,VA,12.1,69662.0,12391,30.23161972399322,23.759180050036317,3.7769348720845777,0,0,0.0
51135,Nottoway County,VA,17.8,58168.0,15566,45.458049595271746,38.127971219324166,4.869587562636515,0,0,0.0
51137,Orange County,VA,8.0,82738.0,38574,24.485404676725253,12.860994452221703,7.370249390781355,0,0,0.0
51139,Page County,VA,14.2,57960.0,23741,7.560759866896927,2.493576513205004,2.7210311275851904,0,0,0.0
51141,Patrick County,VA,14.4,51200.0,17509,10.760180478611003,5.140213604432007,3.6609743560454624,0,0,0.0
51143,Pittsylvania County,VA,13.7,54627.0,59571,26.47764852025314,21.295596850816672,3.2415101307683267,0,0,0.0
51145,Powhatan County,VA,6.1,100814.0,32105,14.072574365363655,8.475315371437471,3.083631833047812,0,0,0.0
51147,Prince Edward County,VA,25.1,55264.0,22049,39.43943035965351,32.22821896684657,4.898181323416028,1,1,4.535353077237063
51149,Prince George County,VA,11.3,82207.0,42871,47.82486995871334,32.80539292295491,10.358983928529776,0,0,0.0
51153,Prince William County,VA,6.7,128758.0,489640,61.770688669226374,21.87198758271383,26.315660485254472,1,1,0.20423168041826648
51155,Pulaski County,VA,16.5,59839.0,33655,10.028227603625018,5.003714158371713,2.329520130738375,0,0,0.0
51157,Rappahannock County,VA,9.0,88237.0,7414,13.15079579174535,4.073374696520097,5.084974372808201,0,0,0.0
51159,Richmond County,VA,15.6,61655.0,9184,39.63414634146341,29.061411149825783,7.709059233449477,0,0,0.0
51161,Roanoke County,VA,7.2,80929.0,97026,17.027394718941313,7.306289035928514,4.256591016840847,1,1,1.0306515779275658
51163,Rockbridge County,VA,11.4,64813.0,22358,9.088469451650417,3.5781375793899275,2.361570802397352,1,1,4.472671974237409
51165,Rockingham County,VA,10.1,79332.0,86568,15.370575732372238,3.2529341096017004,9.588993623509841,1,1,1.1551612605119674
51167,Russell County,VA,18.5,51459.0,25477,3.155787573105151,1.0794049534874592,0.7222200416061546,0,0,0.0
51169,Scott County,VA,20.5,46015.0,21433,4.3157747398870905,1.1104371763168945,1.6096673354173472,0,0,0.0
51171,Shenandoah County,VA,9.9,75129.0,45228,15.822057132749624,3.5796409303970993,9.558238259485275,0,0,0.0
51173,Smyth County,VA,15.1,52646.0,29216,6.291073384446877,2.282995618838992,2.156352683461117,0,0,0.0
51175,Southampton County,VA,13.3,65742.0,17975,38.21974965229485,33.07927677329624,2.6369958275382475,0,0,0.0
51177,Spotsylvania County,VA,6.6,109834.0,149588,39.17693932668396,19.4768296922213,13.985079017033453,0,0,0.0
51179,Stafford County,VA,5.3,130751.0,165428,47.02891892545398,22.240491331576276,17.10472229610465,1,1,0.6044925889208599
51181,Surry County,VA,12.4,68714.0,6593,44.031548612164414,38.116183831336265,3.3368724404671624,0,0,0.0
51183,Sussex County,VA,20.9,53020.0,10757,58.324811750488045,53.10030677698243,3.6813237891605466,0,0,0.0
51185,Tazewell County,VA,21.0,45959.0,39120,7.298057259713698,3.4918200408997957,1.467280163599182,0,0,0.0
51187,Warren County,VA,9.3,89337.0,41843,17.55610257390723,5.549315297660302,7.93442152809311,0,0,0.0
51191,Washington County,VA,12.8,57758.0,54050,5.3802035152636485,1.6188714153561516,1.9296947271045328,0,0,0.0
51193,Westmoreland County,VA,12.5,66975.0,19013,35.728185978015034,25.051280702677115,6.642823331404828,0,0,0.0
51195,Wise County,VA,18.2,50442.0,35174,9.48143515096378,6.098254392448968,1.5181668277705123,0,0,0.0
51197,Wythe County,VA,13.5,59026.0,28104,6.8922573299174505,2.789638485624822,1.757756902931967,1,1,3.5582123541132935
51199,York County,VA,6.5,101987.0,70952,32.50648325628595,14.584507836283684,8.10547976096516,0,0,0.0
51510,Alexandria city,VA,8.5,109902.0,155230,49.649552277266,22.941441731624042,18.0976615344972,0,0,0.0
51520,Bristol city,VA,21.8,45240.0,16807,13.315880287975245,6.693639554947343,2.8857023859106326,1,1,5.949901826619861
51530,Buena Vista city,VA,14.6,53778.0,6566,14.179104477611936,5.34572037770332,4.112092598233323,0,0,0.0
51540,Charlottesville city,VA,19.6,72542.0,44983,34.155125269546275,16.85747949225263,6.918169086099193,0,0,0.0
51550,Chesapeake city,VA,10.0,91582.0,253886,45.5905406363486,30.91269309847727,7.872824811135707,0,0,0.0
51570,Colonial Heights city,VA,10.4,70161.0,18393,35.37758930027728,20.676344261403795,8.81313543195781,0,0,0.0
51580,Covington city,VA,17.7,49519.0,5545,20.27051397655546,12.78629395852119,3.660955816050496,0,0,0.0
51590,Danville city,VA,23.4,45423.0,41837,61.39780577001219,53.03200516289409,5.77240241891149,0,0,0.0
51595,Emporia city,VA,20.1,45894.0,5463,74.44627494050889,65.33040453963024,6.919275123558484,0,0,0.0
51600,Fairfax city,VA,7.4,119079.0,25144,49.311963092586694,6.983773464842507,19.261056315622017,0,0,0.0
51610,Falls Church city,VA,5.1,145755.0,14685,29.78549540347293,5.3455907388491655,10.561797752808989,0,0,0.0
51620,Franklin city,VA,19.8,53310.0,8339,61.92589039453171,55.21045688931527,3.2737738337930207,0,0,0.0
51630,Fredericksburg city,VA,12.7,75915.0,28928,44.10605641592921,24.543694690265486,12.683213495575222,0,0,0.0
51640,Galax city,VA,20.8,46891.0,6717,26.723239541461965,7.101384546672621,17.492928390650587,0,0,0.0
51650,Hampton city,VA,13.4,67764.0,137098,64.63697501057636,52.12111044654189,7.232782389239814,1,1,0.7294052429648864
51660,Harrisonburg city,VA,23.8,58597.0,51082,38.645706902627154,10.0877021259935,23.603226185349047,0,0,0.0
51670,Hopewell city,VA,20.0,49111.0,22752,59.229957805907176,45.94321378340366,9.238748241912798,1,1,4.39521800281294
51678,Lexington city,VA,21.4,62342.0,7528,19.36769394261424,8.9798087141339,5.154091392136025,0,0,0.0
51680,Lynchburg city,VA,19.1,58962.0,79535,38.12032438549067,27.879549883699,5.12478782925756,1,1,1.257308103350726
51683,Manassas city,VA,10.7,92198.0,42696,66.67837736556118,14.657110736368747,44.35778527262507,0,0,0.0
51685,Manassas Park city,VA,7.7,92611.0,16361,74.40865472770612,14.57123647698796,47.704908012957645,0,0,0.0
51690,Martinsville city,VA,22.5,44547.0,13763,57.95248129041634,46.094601467703264,8.610041415389087,0,0,0.0
51700,Newport News city,VA,15.7,63911.0,183118,60.26496575978331,43.87061894516104,11.012025033038805,0,0,0.0
51710,Norfolk city,VA,18.3,61098.0,230930,58.05871909236565,41.679296756592905,10.315680076213571,1,1,0.4330316546139523
51720,Norton city,VA,20.6,42618.0,3492,13.631156930125998,6.042382588774341,2.20504009163803,0,0,0.0
51730,Petersburg city,VA,21.2,46216.0,33309,85.54144525503618,76.84109399861899,6.634843435708067,0,0,0.0
51735,Poquoson city,VA,5.8,108161.0,12635,11.06450336367234,2.073605065294816,4.250098931539375,0,0,0.0
51740,Portsmouth city,VA,18.7,57012.0,96793,64.48503507485046,54.85520647154237,5.825834512826341,0,0,0.0
51750,Radford city,VA,26.4,47325.0,16971,18.6671380590419,9.315891815449886,4.425195922455954,0,0,0.0
51760,Richmond city,VA,17.6,64903.0,229247,57.09954764947851,42.799251462396455,10.642233049941765,1,1,0.43621072467687694
51770,Roanoke city,VA,18.4,51782.0,97171,43.89684165028661,29.32047627378539,8.9450556235914,0,0,0.0
51775,Salem city,VA,10.4,63701.0,25600,18.1015625,8.55078125,5.015625,1,1,3.90625
51790,Staunton city,VA,11.3,59926.0,25915,20.96469226316805,11.53771946748987,4.862049006366969,0,0,0.0
51800,Suffolk city,VA,11.1,81297.0,100659,53.63653523281575,43.72286631101044,5.520619119999205,2,1,1.9869062875649468
51810,Virginia Beach city,VA,8.7,90275.0,453649,40.45396330643295,20.375885321030136,9.230925230740066,1,1,0.22043474139698316
51820,Waynesboro city,VA,12.9,56438.0,23182,27.65076352342335,13.432835820895523,9.77482529548788,0,0,0.0
51830,Williamsburg city,VA,18.8,70270.0,15847,32.75067836183505,15.70644285984729,8.651479775351802,0,0,0.0
51840,Winchester city,VA,16.2,63514.0,27617,37.19810261795271,11.141688090668792,21.1319115037839,0,0,0.0
53001,Adams County,WA,15.1,67056.0,20820,68.07396733909702,2.478386167146974,64.77425552353506,1,1,4.803073967339097
53003,Asotin County,WA,14.9,64789.0,22549,11.388531642201427,1.082087897467737,4.807308528094373,1,1,4.434786465031709
53005,Benton County,WA,11.2,83040.0,215219,34.618690728978386,1.9185109121406567,26.37964120268192,3,1,1.3939289746723105
53007,Chelan County,WA,10.2,74848.0,79997,33.46000475017813,1.0550395639836494,29.21359550983162,3,1,3.7501406302736355
53009,Clallam County,WA,11.9,67071.0,77616,18.43949701092559,1.1183261183261184,7.011440940012369,5,1,6.441970727685014
53011,Clark County,WA,7.5,97240.0,521150,26.556653554638775,2.765230739710256,12.588506188237552,3,1,0.5756500047970834
53013,Columbia County,WA,13.6,66267.0,4053,16.975080187515424,1.1843079200592155,8.191463113742907,2,1,49.34616333580065
53015,Cowlitz County,WA,13.2,71996.0,112864,18.908597958605043,1.2342288063510065,10.803267649560533,1,1,0.8860221151119931
53017,Douglas County,WA,11.8,69808.0,44798,40.62011696950757,1.1116567703915354,35.847582481360774,0,0,0.0
53019,Ferry County,WA,17.2,57090.0,7497,27.424303054555153,0.9337068160597572,4.188342003468054,0,0,0.0
53021,Franklin County,WA,12.8,82542.0,99034,62.02314356685583,2.761677807621625,55.59807742795404,1,1,1.0097542258214351
53023,Garfield County,WA,14.1,63313.0,2363,12.865002115954294,0.21159542953872196,6.051629284807448,1,1,42.31908590774439
53025,Grant County,WA,15.2,71374.0,102678,49.33091801554374,2.1698903367810045,44.17888934338417,3,1,2.9217553906386957
53027,Grays Harbor County,WA,15.1,65758.0,77290,22.283607193686116,1.5668262388407297,11.3999223702937,2,1,2.5876568766981496
53029,Island County,WA,8.6,88451.0,86267,22.714363545735917,3.28514959370327,8.895637961213442,0,0,0.0
53031,Jefferson County,WA,11.0,77856.0,33714,12.620869668387025,1.1894168594649108,4.579699827964644,1,1,2.9661268315833187
53033,King County,WA,8.8,120672.0,2271380,46.25359913356638,7.428259472215129,11.136885945988782,14,1,0.6163653813980928
53035,Kitsap County,WA,8.7,98894.0,277658,26.09037016761627,3.244639088374907,9.605341823394248,1,1,0.36015529896491366
53037,Kittitas County,WA,15.2,66374.0,45508,17.66282851366793,1.136063988749231,10.51243737364859,2,1,4.394831677946735
53039,Klickitat County,WA,11.9,69596.0,23589,19.292890754165082,0.7206748908389503,13.226503878926618,1,1,4.239264063758532
53041,Lewis County,WA,13.7,67877.0,86154,18.818627109594445,1.1374979687536273,11.728996912505513,2,1,2.3214244260278107
53043,Lincoln County,WA,10.7,71908.0,11738,10.427670812744926,0.8178565343329358,4.225592094053502,0,0,0.0
53045,Mason County,WA,12.0,75138.0,68389,23.344397490824555,1.6142946965155216,13.165860006726227,1,1,1.462223456988697
53047,Okanogan County,WA,16.7,58085.0,43712,35.73618228404099,1.395497803806735,21.218429721815518,6,1,13.726207906295754
53049,Pacific County,WA,13.1,61773.0,24200,18.49173553719008,1.2727272727272727,10.194214876033058,1,1,4.132231404958678
53051,Pend Oreille County,WA,14.4,63611.0,14361,12.429496553164821,0.7868532831975489,4.275468282153053,0,0,0.0
53053,Pierce County,WA,9.9,97493.0,928696,37.89668524468718,8.245647660806119,13.08501382583752,5,1,0.5383893114646773
53055,San Juan County,WA,9.4,86442.0,18566,13.416998815038239,1.0341484433911452,7.680706668102984,0,0,0.0
53057,Skagit County,WA,9.7,90432.0,131417,27.401325551488775,1.2281516090003577,19.65118668056644,2,1,1.5218731214378656
53059,Skamania County,WA,11.0,85131.0,12640,14.556962025316455,1.2025316455696202,6.875,0,0,0.0
53061,Snohomish County,WA,8.8,106067.0,844761,37.33328124759547,4.36525833934095,12.326444994501403,4,1,0.47350670781439963
53063,Spokane County,WA,12.5,73380.0,551455,18.057865102320225,2.2322764323471542,7.304675812169624,6,1,1.0880307550026749
53065,Stevens County,WA,11.9,67525.0,48837,13.960726498351661,0.663431414706063,4.394209308516084,2,1,4.095255646333722
53067,Thurston County,WA,9.9,92357.0,299003,28.939843412942345,4.159490038561486,10.962766259870302,1,1,0.33444480490162304
53069,Wahkiakum County,WA,11.3,69726.0,4765,13.51521511017838,0.7345225603357818,5.183630640083946,0,0,0.0
53071,Walla Walla County,WA,14.9,71348.0,61568,31.37668918918919,2.0627598752598755,24.44614085239085,2,1,3.2484407484407485
53073,Whatcom County,WA,12.9,75920.0,231919,23.332284116437208,1.3539209810321706,10.821019407638012,5,1,2.155925129032119
53075,Whitman County,WA,24.8,59044.0,48012,23.28584520536533,2.5493626593351664,8.03340831458802,3,1,6.248437890527368
53077,Yakima County,WA,16.1,67112.0,256643,60.380372735667834,1.7261331889044313,52.99306819200212,5,1,1.9482315901855884
54001,Barbour County,WV,20.0,51353.0,15378,5.650929899856938,1.502145922746781,1.1965145012355314,0,0,0.0
54003,Berkeley County,WV,11.3,78995.0,132440,19.67758985200846,8.531410450015102,6.677740863787376,1,1,0.7550588945937783
54005,Boone County,WV,20.8,48034.0,20576,2.833398133748055,0.8359253499222395,0.7533048211508554,0,0,0.0
54007,Braxton County,WV,19.7,50038.0,12162,3.642493011017922,0.8140108534780464,0.7482321986515376,0,0,0.0
54009,Brooke County,WV,14.1,49187.0,21373,5.591166424928651,1.7171197305010995,1.51593131521078,3,1,14.03640106676648
54011,Cabell County,WV,19.8,55031.0,92082,10.699159444842643,4.910840337959645,1.8059990008905107,1,1,1.0859885754001868
54013,Calhoun County,WV,21.3,45793.0,5959,3.138110421211615,0.48665883537506294,0.9397549924483973,0,0,0.0
54015,Clay County,WV,23.5,45291.0,7783,3.379159707053836,0.5524861878453039,0.8736990877553642,0,0,0.0
54017,Doddridge County,WV,18.9,56985.0,7680,6.523437499999996,2.890625,1.0026041666666667,0,0,0.0
54019,Fayette County,WV,16.7,49739.0,39072,7.8163390663390615,3.9926289926289926,1.4281326781326782,0,0,0.0
54021,Gilmer County,WV,26.4,43671.0,7254,20.485249517507587,13.675213675213675,3.9288668320926385,1,1,13.785497656465399
54023,Grant County,WV,16.6,53187.0,10921,3.9007416903213965,1.3185605713762476,1.1171138174159876,0,0,0.0
54025,Greenbrier County,WV,18.2,47309.0,32149,7.511897726212324,2.5537341752465084,1.972067560421786,1,1,3.110516656816697
54027,Hampshire County,WV,14.2,63290.0,23649,5.006554188337775,1.4123218740750136,1.8267157173664847,0,0,0.0
54029,Hancock County,WV,14.1,58478.0,28145,7.2694972464025565,2.764256528690709,1.8404689998223485,3,1,10.659086871558005
54031,Hardy County,WV,13.8,52212.0,14251,10.083502912076348,3.5786962318433795,4.469861764086731,0,0,0.0
54033,Harrison County,WV,14.4,58897.0,64639,6.963288417209423,2.0003403517999967,2.346880366342301,1,1,1.5470536363495722
54035,Jackson County,WV,14.8,52503.0,27593,3.6531004240205833,0.7900554488457218,1.0872322690537455,0,0,0.0
54037,Jefferson County,WV,9.0,92747.0,59787,19.194808235904127,6.369277602154314,8.005084717413485,0,0,0.0
54039,Kanawha County,WV,15.6,56633.0,174805,12.985326506678874,7.42713309115872,1.6378250050055776,2,1,1.1441320328365894
54041,Lewis County,WV,16.4,52827.0,16500,4.28484848484848,0.896969696969697,1.4666666666666666,0,0,0.0
54043,Lincoln County,WV,21.7,47435.0,19701,3.004923607938681,0.5025125628140703,0.8375209380234506,0,0,0.0
54045,Logan County,WV,19.4,48745.0,30827,3.9283744769195827,1.7387355240535893,0.8531482142277873,0,0,0.0
54047,McDowell County,WV,36.2,35161.0,17439,13.217501003497912,9.478754515740581,2.2248982166408626,0,0,0.0
54049,Marion County,WV,14.7,62449.0,55807,7.721253606178435,3.268407189062304,1.646746823875141,1,1,1.791889906284158
54051,Marshall County,WV,15.1,59661.0,29405,4.373405883353176,1.0780479510287366,1.2140792382247918,1,1,3.4007821799013778
54053,Mason County,WV,18.0,52054.0,24765,4.1187159297395475,1.1710074702200686,0.9368059761760549,1,1,4.037956793862305
54055,Mercer County,WV,19.7,47084.0,58057,10.422515803434552,6.197357769088999,1.445131508689736,0,0,0.0
54057,Mineral County,WV,13.9,59085.0,26867,6.733167082294267,2.8361930993411995,1.3399337477202515,0,0,0.0
54059,Mingo County,WV,28.8,38358.0,22023,4.477137538028419,1.888934295963311,0.921763610770558,0,0,0.0
54061,Monongalia County,WV,18.3,62330.0,107718,13.020108059934277,3.8025213984663657,3.2158042295623757,2,1,1.8566999015949053
54063,Monroe County,WV,16.4,47797.0,12382,4.756905184945892,1.3164270715554838,1.0983685995800356,0,0,0.0
54065,Morgan County,WV,10.7,61802.0,17649,6.006006006006004,1.297523939033373,1.9037905830358661,0,0,0.0
54067,Nicholas County,WV,19.3,48515.0,24169,3.5500020687657785,0.70338036327527,0.9723199139393438,0,0,0.0
54069,Ohio County,WV,14.5,59882.0,41194,8.845948439093076,3.79424187988542,1.7211244355974171,1,1,2.427537990969559
54071,Pendleton County,WV,13.9,53640.0,6029,5.788688007961518,2.487974788522143,1.1112954055398905,0,0,0.0
54073,Pleasants County,WV,14.5,60991.0,7428,5.18309100700054,1.8578352180936994,1.332794830371567,0,0,0.0
54075,Pocahontas County,WV,19.2,43632.0,7765,5.563425627817131,1.8415969092079845,1.725692208628461,0,0,0.0
54077,Preston County,WV,17.3,54881.0,34099,5.278747177336573,1.741986568521071,1.941405906331564,0,0,0.0
54079,Putnam County,WV,10.3,72073.0,56962,5.4984024437344186,1.4237561883360836,1.5501562445138866,0,0,0.0
54081,Raleigh County,WV,18.2,53456.0,72356,12.549062966443692,7.809995024600586,1.811874619934767,0,0,0.0
54083,Randolph County,WV,18.9,50868.0,27350,5.297989031078609,2.153564899451554,1.1992687385740401,0,0,0.0
54085,Ritchie County,WV,17.7,55110.0,8167,3.526386678094773,0.5877311130157953,1.1387290314681033,0,0,0.0
54087,Roane County,WV,19.6,48285.0,13743,3.7546387251691793,0.45841519318926,1.2006112202575856,0,0,0.0
54089,Summers County,WV,22.6,44218.0,11581,9.118383559278131,4.818236767118556,2.0723598998359383,0,0,0.0
54091,Taylor County,WV,14.1,57821.0,16388,4.521601171588962,1.3668537954600928,1.0861606053209665,0,0,0.0
54093,Tucker County,WV,17.6,55563.0,6604,3.164748637189585,0.4542701393095094,1.075105996365839,2,1,30.28467595396729
54095,Tyler County,WV,19.0,58892.0,7919,3.7757292587447866,0.61876499558025,0.9849728501073368,0,0,0.0
54097,Upshur County,WV,18.3,53380.0,23529,4.517829062008582,1.1560202303540312,1.4535254366951422,0,0,0.0
54099,Wayne County,WV,18.2,51532.0,37686,3.6034601708857417,0.7748235418988484,0.9871039643368891,0,0,0.0
54101,Webster County,WV,26.3,40727.0,8045,2.8962088253573604,0.3977625854568055,0.7582349285270354,0,0,0.0
54103,Wetzel County,WV,17.4,56296.0,13890,3.9740820734341264,0.640748740100792,1.5406767458603312,0,0,0.0
54105,Wirt County,WV,17.7,54506.0,5000,3.3399999999999985,0.62,0.28,0,0,0.0
54107,Wood County,WV,13.7,56353.0,83052,5.590473438327792,1.3545730385782402,1.517121803207629,1,1,1.204064923180658
54109,Wyoming County,WV,21.5,47212.0,20277,3.279577846821524,0.8285249297233318,0.9320905459387483,0,0,0.0
55001,Adams County,WI,13.2,57944.0,21449,10.690475080423333,3.282204298568698,4.699519791132453,0,0,0.0
55003,Ashland County,WI,14.1,52158.0,16079,17.805833696125383,0.696560731388768,3.0412339075813173,1,1,6.219292244542571
55005,Barron County,WI,10.0,66507.0,46833,8.201481861080861,1.8106890440501355,3.3608780133666434,0,0,0.0
55007,Bayfield County,WI,10.0,64339.0,16769,14.771304192259526,0.6261554058083368,2.1587453038344564,0,0,0.0
55009,Brown County,WI,9.7,77645.0,271417,21.816614287240665,3.306351481299992,10.475025514245607,2,1,0.736873519344772
55011,Buffalo County,WI,10.2,73869.0,13419,5.536925255235115,0.6632386914077055,3.1075340934495865,0,0,0.0
55013,Burnett County,WI,13.5,67061.0,17092,9.466417037210395,0.8366487245494968,2.0945471565644747,0,0,0.0
55015,Calumet County,WI,4.6,86890.0,53199,11.54157033026937,1.1748341134231846,5.83093667174195,0,0,0.0
55017,Chippewa County,WI,9.0,76637.0,66970,7.095714499029415,1.673883828579961,2.021800806331193,0,0,0.0
55019,Clark County,WI,11.7,66994.0,34774,8.796802208546616,0.7448093403117272,6.303560131132455,0,0,0.0
55021,Columbia County,WI,7.9,79582.0,58091,8.827529221394014,1.8264447160489576,4.188256356406328,1,1,1.72143705565406
55023,Crawford County,WI,14.0,57014.0,15944,6.2343201204214775,2.126191670847968,2.0948319116909184,0,0,0.0
55025,Dane County,WI,10.0,84190.0,575347,23.086241867950996,5.9016558702834985,7.8380525143956605,2,1,0.34761630807147686
55027,Dodge County,WI,8.6,73861.0,88231,11.954981809114706,2.95474379753148,6.860400539492922,1,1,1.1333884915732566
55029,Door County,WI,8.8,74247.0,30562,7.4929651200837615,0.9030822590144624,4.1391270204829524,1,1,3.272037170342255
55031,Douglas County,WI,9.5,73372.0,44264,9.079613229712635,1.332911621181999,1.9722573649015,0,0,0.0
55033,Dunn County,WI,10.9,71215.0,45794,8.570991832991226,0.9193344106214788,2.57675678036424,0,0,0.0
55035,Eau Claire County,WI,10.8,72806.0,107903,11.309231439348299,1.2956080924534072,3.218631548705782,1,1,0.9267582921698192
55037,Florence County,WI,10.7,66442.0,4682,5.617257582229818,0.6407518154634771,1.6873131140538231,0,0,0.0
55039,Fond du Lac County,WI,9.2,73485.0,103948,13.076730673028825,2.610920845037904,6.9592488551968295,1,1,0.9620194712740986
55041,Forest County,WI,15.8,59190.0,9325,19.79624664879357,0.6112600536193029,2.3378016085790883,1,1,10.723860589812332
55043,Grant County,WI,13.7,63246.0,51409,6.209029547355527,1.6145032970880586,2.676574140714661,1,1,1.9451846952868173
55045,Green County,WI,8.3,78114.0,36951,7.055289437362999,0.7902357175719196,4.284051852453249,0,0,0.0
55047,Green Lake County,WI,10.4,64516.0,19344,8.907154673283701,0.9201819685690653,5.8105872622001655,0,0,0.0
55049,Iowa County,WI,8.4,77433.0,23956,5.848221739856408,0.9266989480714644,2.4169310402404407,0,0,0.0
55051,Iron County,WI,13.5,58900.0,6228,5.892742453436095,0.49775208734746307,1.8304431599229287,0,0,0.0
55053,Jackson County,WI,12.6,61023.0,20855,14.015823543514749,2.287221289858547,3.893550707264445,1,1,4.795013186286262
55055,Jefferson County,WI,9.3,82356.0,85743,12.328703217755388,1.3353859790303582,8.50565060704664,1,1,1.1662759642186533
55057,Juneau County,WI,12.5,63587.0,26594,8.58840339926299,2.688576370609912,2.985635857712266,0,0,0.0
55059,Kenosha County,WI,11.3,75699.0,167488,27.176872372946125,7.662041459686664,15.424388612915552,2,1,1.1941153993121896
55061,Kewaunee County,WI,8.7,77472.0,20690,7.211213146447559,0.6573223779603673,4.069598840019333,1,1,4.833252779120348
55063,La Crosse County,WI,12.1,71260.0,120486,11.900967747290137,1.8242783393921285,2.8160948159952195,1,1,0.8299719469481931
55065,Lafayette County,WI,11.2,73114.0,16945,9.241664207730892,0.6550604898200059,6.999114783121865,0,0,0.0
55067,Langlade County,WI,13.6,57907.0,19404,7.462378890950316,1.2471655328798186,2.6128633271490416,0,0,0.0
55069,Lincoln County,WI,9.9,71871.0,28405,5.90741066713607,0.7639500088012674,2.320014082027812,0,0,0.0
55071,Manitowoc County,WI,9.2,69652.0,81331,12.013869250347343,1.4188931649678473,5.707540790104634,1,1,1.2295434705094
55073,Marathon County,WI,9.6,74505.0,138612,13.179234121143912,1.113179234121144,3.633884512163449,1,1,0.7214382593137679
55075,Marinette County,WI,11.4,62650.0,42106,6.248515650976105,0.8502351208853846,2.985322756851755,0,0,0.0
55077,Marquette County,WI,11.6,67207.0,15838,7.273645662331107,0.8523803510544261,3.977774971587322,0,0,0.0
55078,Menominee County,WI,27.4,49791.0,4226,84.9029815428301,1.1121628017037388,4.0937056318031235,0,0,0.0
55079,Milwaukee County,WI,17.1,63304.0,916205,51.57590277285106,26.983917354740477,17.211322793479624,4,1,0.436583515697906
55081,Monroe County,WI,12.8,63372.0,46151,11.04851465840393,1.8396134428289745,5.748521158804793,1,1,2.166800286017638
55083,Oconto County,WI,8.6,69599.0,39775,6.041483343808929,0.5153991200502829,2.302954116907605,0,0,0.0
55085,Oneida County,WI,8.2,66650.0,38226,5.51195521372888,0.6173808402657877,1.7998221106053471,1,1,2.616020509600795
55087,Outagamie County,WI,6.3,86098.0,193234,14.54764689443887,1.912706873531573,5.402775909001521,2,1,1.0350145419543144
55089,Ozaukee County,WI,4.8,98394.0,93460,10.207575433340466,2.028675369141879,3.850845281403809,2,1,2.139952921035737
55091,Pepin County,WI,10.3,70012.0,7441,5.053084262867891,0.6316355328584867,2.7550060475742506,0,0,0.0
55093,Pierce County,WI,8.3,95522.0,43026,7.479198624087758,0.9900990099009901,3.030725607772045,0,0,0.0
55095,Polk County,WI,9.1,71613.0,45762,5.701236834054457,0.4829334382238539,2.287924478825226,0,0,0.0
55097,Portage County,WI,9.8,71295.0,71024,10.365510250056321,1.1883307051137644,4.280243298040099,0,0,0.0
55099,Price County,WI,12.0,60223.0,14102,6.133881718905121,0.6169337682598213,1.8153453410863707,0,0,0.0
55101,Racine County,WI,10.7,74555.0,196613,30.685153067192918,11.828821085075758,15.427769272632023,1,1,0.5086133673765214
55103,Richland County,WI,13.0,60639.0,17197,6.983776240041872,0.8955050299470838,3.3377914752573123,0,0,0.0
55105,Rock County,WI,11.2,73656.0,164278,19.27647037339144,5.227115012357102,10.288048308355348,1,1,0.6087242357467221
55107,Rusk County,WI,13.7,58513.0,14143,5.67772042706639,0.9898889910202927,2.1211906950434845,0,0,0.0
55109,St. Croix County,WI,5.7,103731.0,96763,7.243471161497683,0.8040263323791118,3.0993251552762935,0,0,0.0
55111,Sauk County,WI,9.4,79349.0,65920,11.093750000000002,1.4350728155339805,6.915958737864078,1,1,1.5169902912621358
55113,Sawyer County,WI,15.0,59053.0,18552,21.706554549374736,0.4150495903406641,2.538809831824062,0,0,0.0
55115,Shawano County,WI,11.5,67562.0,41109,14.522367364810629,0.6324649103602618,3.3593616969520057,0,0,0.0
55117,Sheboygan County,WI,8.9,73970.0,117752,18.67399279842381,2.551973639513554,7.863136082614308,2,1,1.6984849514233304
55119,Taylor County,WI,11.3,65125.0,20058,5.419284076179077,0.43872768969987036,3.101007079469538,2,1,9.971083856815236
55121,Trempealeau County,WI,11.8,69119.0,30899,15.560374122139875,0.8026149713582964,13.016602479044629,0,0,0.0
55123,Vernon County,WI,12.5,69389.0,31170,4.218800128328526,0.4748155277510427,1.8286814244465832,0,0,0.0
55125,Vilas County,WI,12.3,63779.0,23885,13.686414067406327,0.4061126229851371,2.315260623822483,1,1,4.186728072011722
55127,Walworth County,WI,10.5,76573.0,105822,15.690499140065395,1.2369828580068416,12.118463079510876,1,1,0.944983084802782
55129,Washburn County,WI,10.8,63438.0,16930,6.408741878322499,0.4134672179562906,2.2563496751329,0,0,0.0
55131,Washington County,WI,6.0,93830.0,138168,9.14176944010191,1.8933472294597882,3.85183255167622,0,0,0.0
55133,Waukesha County,WI,5.5,99168.0,412591,13.91983829021961,2.1188053059809837,5.897608042831763,1,1,0.2423707739625925
55135,Waupaca County,WI,12.1,68545.0,51388,6.958823071534215,0.6207674943566591,4.059313458394956,0,0,0.0
55137,Waushara County,WI,10.5,70336.0,24934,11.650758001122963,2.1055586749017405,7.1749418464746935,0,0,0.0
55139,Winnebago County,WI,10.3,70720.0,171735,13.964538387632109,2.981337525839229,5.1858968760008155,0,0,0.0
55141,Wood County,WI,9.8,67068.0,73939,8.924924600008111,1.1090223021680035,3.927561909141319,0,0,0.0
56001,Albany County,WY,16.7,59633.0,38257,18.56915074365476,1.4768539090885329,10.630734244713386,8,1,20.911205792404004
56003,Big Horn County,WY,12.6,60818.0,12018,13.488101181560996,0.9485771342985522,9.685471792311533,1,1,8.320852055250459
56005,Campbell County,WY,8.5,89749.0,47498,14.206913975325275,0.7726641121731441,9.89094277653796,49,1,103.16223841003831
56007,Carbon County,WY,11.4,67773.0,14334,23.001255755546257,1.3464490023719826,17.73405888098228,4,1,27.90567880563695
56009,Converse County,WY,10.4,77224.0,13809,12.122528785574627,0.7169237453834456,8.501701788688537,5,1,36.20826996886089
56011,Crook County,WY,7.1,77897.0,7592,6.138040042149628,0.9088514225500527,2.4367755532139093,0,0,0.0
56013,Fremont County,WY,13.5,64170.0,39815,29.85809368328519,0.7158106241366319,7.318849679768931,7,1,17.581313575285698
56015,Goshen County,WY,14.4,63191.0,12642,14.277804144913775,1.3130833728840374,10.16453092865053,0,0,0.0
56017,Hot Springs County,WY,11.1,60811.0,4661,10.727311735679034,1.2229135378674105,5.106200386183223,0,0,0.0
56019,Johnson County,WY,8.4,66100.0,8759,8.768124215093042,0.8220116451649732,4.384062107546524,2,1,22.833656810138145
56021,Laramie County,WY,9.6,75131.0,100984,22.496633130000788,2.287491087697061,15.917373049195913,2,1,1.9805117642398795
56023,Lincoln County,WY,7.0,88037.0,20880,9.056513409961687,0.646551724137931,5.689655172413793,7,1,33.524904214559385
56025,Natrona County,WY,10.5,73110.0,79941,14.49443964924132,1.2133948787230582,9.608336147909084,2,1,2.5018451107691924
56027,Niobrara County,WY,15.8,56477.0,2354,9.685641461342398,0.9345794392523364,4.4180118946474085,0,0,0.0
56029,Park County,WY,9.7,70330.0,30735,9.656743126728484,0.7027818448023426,6.1558483813242235,2,1,6.507239303725394
56031,Platte County,WY,11.0,64207.0,8546,12.649192604727356,0.6786800842499415,8.90475076058975,1,1,11.701380762930027
56033,Sheridan County,WY,9.4,71080.0,32519,9.142347550662688,0.7810818290845352,5.0370552600018454,3,1,9.225375934069314
56035,Sublette County,WY,7.6,78217.0,8969,11.88538298584012,0.9923068346526926,7.5036235923737316,10,1,111.49514996097669
56037,Sweetwater County,WY,10.0,76442.0,41249,21.367790734320835,1.3091226453974643,16.827074595747774,30,1,72.72903585541468
56039,Teton County,WY,6.2,130156.0,23232,20.187672176308535,0.9986225895316805,15.581955922865014,5,1,21.522038567493112
56041,Uinta County,WY,10.3,79086.0,20745,13.559893950349478,0.6459387804290191,10.175946011087008,2,1,9.640877319836106
56043,Washakie County,WY,12.3,62794.0,7710,17.872892347600523,0.5577172503242542,14.059662775616083,1,1,12.970168612191959
56045,Weston County,WY,11.4,66429.0,6808,11.66274970622797,0.8519388954171563,5.581668625146886,2,1,29.37720329024677
